iata	icao	name	municipality	lat	lon
AAA	NTGA	Anaa Airport	Anaa	-17.352600	-145.509995
AAB	YARY	Arrabury Airport	Tanbar	-26.696390	141.048718
AAC	HEAR	El Arish International Airport	El Arish	31.055324	33.827964
AAD	HCAD	Adado Airport	Adado	6.095802	46.637500
AAE	DABB	Annaba Rabah Bitat Airport	Annaba	36.826781	7.813340
AAF	KAAF	Apalachicola Regional Airport	Apalachicola	29.727501	-85.027496
AAH	EDKA	Aachen-Merzbrück Airport	Aachen	50.823055	6.186389
AAI	BR-2149	Arraias Airport	Arraias	-13.025154	-46.884107
AAJ	SMCA	Cayana Airstrip	Awaradam	3.898681	-55.577907
AAK	NGUK	Aranuka Airport	Buariki	0.185278	173.636993
AAL	EKYT	Aalborg Airport	Aalborg	57.094763	9.849930
AAM	FAMD	Malamala Airport	Malamala	-24.816866	31.544085
AAN	OMAL	Al Ain International Airport	Al Ain	24.261700	55.609200
AAO	SVAN	Anaco Airport	Anaco	9.430225	-64.470726
AAP	WALS	Aji Pangeran Tumenggung Pranoto International Airport	Samarinda	-0.374478	117.250128
AAQ	URKA	Anapa Vityazevo Airport	Krasnyi Kurgan	45.002102	37.347301
AAR	EKAH	Aarhus Airport	Aarhus	56.303331	10.618286
AAS	ID-AAS	Apalapsili Airport	Apalapsili	-3.882495	139.310932
AAT	ZWAT	Altay Xuedu Airport	Altay	47.749886	88.085808
AAU	NSAU	Asau Airport	Asau	-13.505132	-172.627888
AAV	RPMA	Allah Valley Airport	Surallah	6.367903	124.752431
AAX	SBAX	Romeu Zema Airport	Araxá	-19.563200	-46.960400
AAY	OYGD	Al Ghaydah International Airport	Al Ghaydah	16.193341	52.174186
AAZ	MGQZ	Quezaltenango Airport	Quezaltenango	14.865600	-91.501999
ABA	UNAA	Abakan International Airport	Abakan	53.740002	91.385002
ABB	DNAS	Asaba International Airport	Asaba	6.204167	6.665278
ABC	LEAB	Albacete Airport / Los Llanos Air Base	Albacete	38.948502	-1.863520
ABD	OIAA	Abadan Ayatollah Jami International Airport	Abadan	30.367887	48.230075
ABE	KABE	Lehigh Valley International Airport	Allentown/Bethlehem	40.651773	-75.442797
ABF	NGAB	Abaiang Airport	Abaiang	1.798610	173.041000
ABG	YABI	Abingdon Downs Airport	Abingdon Downs	-17.608814	143.183531
ABH	YAPH	Alpha Airport	Alpha	-23.652849	146.582668
ABI	KABI	Abilene Regional Airport	Abilene	32.411301	-99.681900
ABJ	DIAP	Félix-Houphouët-Boigny International Airport	Abidjan	5.261390	-3.926290
ABK	HAKD	Kebri Dahar Airport	Kebri Dahar	6.732577	44.241339
ABL	PAFM	Ambler Airport	Ambler	67.105529	-157.855339
ABM	YNPE	Northern Peninsula Airport	Bamaga	-10.946194	142.455081
ABN	SMBN	Albina Airport	Albina	5.512720	-54.050098
ABO	DIAO	Aboisso Airport	Aboisso	5.461944	-3.234722
ABP	ABP	Atkamba Airport	Atkamba Mission	-6.064620	141.095173
ABQ	KABQ	Albuquerque International Sunport	Albuquerque	35.039976	-106.608925
ABR	KABR	Aberdeen Regional Airport	Aberdeen	45.449100	-98.421799
ABS	HEBL	Abu Simbel Airport	Abu Simbel	22.375924	31.611734
ABT	OEBA	King Saud Bin Abdulaziz (Al Baha) Airport	Al-Baha	20.298506	41.636153
ABU	WATA	AA Bere Tallo (Haliwen) Airport	Atambua	-9.074841	124.903285
ABV	DNAA	Nnamdi Azikiwe International Airport	Abuja	9.006790	7.263170
ABX	YMAY	Albury Airport	East Albury	-36.066758	146.959148
ABY	KABY	Southwest Georgia Regional Airport	Albany	31.532946	-84.196215
ABZ	EGPD	Aberdeen International Airport	Aberdeen	57.201900	-2.197780
ACA	MMAA	General Juan N. Álvarez International Airport	Acapulco	16.757126	-99.753113
ACB	KACB	Antrim County Airport	Bellaire	44.988602	-85.198402
ACC	DGAA	Kotoka International Airport	Accra	5.605190	-0.166786
ACD	SKAD	Alcides Fernández Airport	Acandí	8.497847	-77.274106
ACE	GCRR	César Manrique-Lanzarote Airport	San Bartolomé	28.945499	-13.605200
ACF	ZWAL	Aral Tarim Airport	Aral	40.434748	81.262060
ACH	LSZR	Sankt Gallen Altenrhein Airport	St. Gallen	47.485001	9.560770
ACI	EGJA	Alderney Airport	Saint Anne	49.706104	-2.214720
ACJ	VCCA	Anuradhapura Airport	Anuradhapura	8.301542	80.428480
ACK	KACK	Nantucket Memorial Airport	Nantucket	41.253101	-70.060204
ACM	ACM	Arica Airport	Arica	-2.143713	-71.759350
ACN	MMCC	Ciudad Acuña International Airport	Ciudad Acuña	29.333662	-101.100555
ACO	CR-0006	Cóbano Airport	Cóbano	9.693365	-85.091216
ACP	OITM	Sahand Airport	Maragheh	37.348000	46.127899
ACR	SKAC	Araracuara Airport	Araracuara	-0.600854	-72.398011
ACS	UNKS	Achinsk Airport	Achinsk	56.269185	90.575110
ACT	KACT	Waco Regional Airport	Waco	31.611300	-97.230499
ACU	PA-0001	Achutupu Airport	Mamitupu	9.188481	-77.994153
ACV	KACV	California Redwood Coast-Humboldt County Airport	Arcata/Eureka	40.978101	-124.109000
ACX	ZUYI	Xingyi Wanfenglin Airport	Xingyi	25.083423	104.960804
ACY	KACY	Atlantic City International Airport	Atlantic City	39.456201	-74.577511
ACZ	OIZB	Zabol Airport	Zabol	31.098301	61.543900
ADA	LTAF	Adana Şakirpaşa Airport	Seyhan	36.982201	35.280399
ADB	LTBJ	Adnan Menderes International Airport	Gaziemir	38.292400	27.157000
ADC	AYAN	Andakombe Airport	Andekombe	-7.137222	145.744722
ADD	HAAB	Addis Ababa Bole International Airport	Addis Ababa	8.977890	38.799301
ADE	OYAA	Aden International Airport	Aden	12.829564	45.029976
ADF	LTCP	Adıyaman Airport	Adıyaman	37.731400	38.468899
ADG	KADG	Lenawee County Airport	Adrian	41.866205	-84.077983
ADH	UEEA	Aldan Airport	Aldan	58.602798	125.408997
ADI	FYAR	Arandis Airport	Arandis	-22.461875	14.979322
ADJ	OJAM	Marka International (Amman Civil) Airport	Amman	31.972700	35.991600
ADK	PADK	Adak Airport	Adak	51.883564	-176.642783
ADL	YPAD	Adelaide International Airport	Adelaide	-34.947512	138.533393
ADM	KADM	Ardmore Municipal Airport	Ardmore	34.303010	-97.019634
ADO	YAMK	Andamooka Airport	Andamooka	-30.438299	137.136993
ADP	VCCG	Ampara Airport	Ampara	7.336745	81.623869
ADQ	PADQ	Kodiak Airport	Kodiak	57.750000	-152.494003
ADR	KPHH	Robert F Swinnie Airport	Andrews	33.451698	-79.526199
ADS	KADS	Addison Airport	Dallas	32.968601	-96.836403
ADT	KADH	Ada Regional Airport	Ada	34.805214	-96.671988
ADU	OITL	Ardabil Airport	Ardabil	38.325699	48.424400
ADV	ADV	El Daein Airport	El Daein	11.402300	26.118600
ADW	KADW	Joint Base Andrews	Camp Springs	38.810799	-76.866997
ADX	EGQL	Leuchars Station Airfield	Leuchars, Fife	56.373980	-2.868862
ADY	FAAL	Alldays Airport	Alldays	-22.679001	29.055500
ADZ	SKSP	Gustavo Rojas Pinilla International Airport	San Andrés	12.583600	-81.711200
AEA	NGTB	Abemama Airport	Abemama	0.490759	173.830287
AEB	ZGBS	Baise (Bose) Bama Airport	Baise (Tianyang)	23.720600	106.959999
AEE	AEE	Adareil Airport	Adar	10.053611	32.959444
AEG	WIME	Aek Godang Airport	Padang Sidempuan	1.400100	99.430496
AEH	FTTC	Abeche Airport	Abeche	13.847000	20.844299
AEK	AYAX	Aseki Airport	Aseki	-7.350805	146.193994
AEL	KAEL	Albert Lea Municipal Airport	Albert Lea	43.681499	-93.367203
AEM	UHTG	Amgu Airport	Amgu	45.841260	137.673568
AEO	GQNA	Aioun el Atrouss Airport	Aioun El Atrouss	16.711300	-9.637880
AEP	SABE	Aeroparque Jorge Newbery	Buenos Aires	-34.559419	-58.415536
AEQ	AEQ	Ar Horqin Airport	Chifeng	43.908407	120.150990
AER	URSS	Sochi International Airport	Sochi	43.449902	39.956600
AES	ENAL	Ålesund Airport	Ålesund	62.560443	6.110845
AET	PFAL	Allakaket Airport	Allakaket	66.551804	-152.621994
AEU	OIBA	Abu Musa Island Airport	Abu Musa	25.875700	55.033001
AEX	KAEX	Alexandria International Airport	Alexandria	31.325828	-92.546702
AEY	BIAR	Akureyri International Airport	Akureyri	65.656573	-18.072018
AFA	SAMR	Suboficial Ay Santiago Germano Airport	San Rafael	-34.588299	-68.403900
AFD	FAPA	Port Alfred Airport	Port Alfred	-33.555057	26.881656
AFF	KAFF	USAF Academy Airfield	Colorado Springs	38.972497	-104.821125
AFI	SKAM	Amalfi Airport	Amalfi	6.895033	-75.047334
AFL	SBAT	Piloto Osvaldo Marques Dias Airport	Alta Floresta	-9.866389	-56.106298
AFN	KAFN	Jaffrey Airfield Silver Ranch Airport	Jaffrey	42.805099	-72.002998
AFO	KAFO	Afton Municipal Airport	Afton	42.711201	-110.942001
AFR	AYAF	Afore Airstrip	Afore	-9.138670	148.390701
AFS	UZSN	Sugraly Airport	Zarafshan	41.613795	64.232963
AFT	AGAF	Afutara Aerodrome	Bila	-9.191389	160.948611
AFW	KAFW	Perot Field/Fort Worth Alliance Airport	Fort Worth	32.990440	-97.319470
AFY	LTAH	Afyon Air Base	Afyonkarahisar	38.726398	30.601101
AFZ	OIMS	Sabzevar National Airport	Sabzevar	36.168098	57.595200
AGA	GMAD	Al Massira Airport	Agadir (Temsia)	30.322478	-9.412003
AGB	EDMA	Augsburg Airport	Augsburg	48.425278	10.931667
AGC	KAGC	Allegheny County Airport	Pittsburgh	40.354401	-79.930199
AGD	ID-AGD	Anggi Airport	Anggi-Papua Island	-1.385800	133.873700
AGE	EDWG	Wangerooge Airport	Wangerooge	53.782544	7.919584
AGF	LFBA	Agen La Garenne airport	Agen	44.174171	0.593090
AGG	AGG	Angoram Airport	Angoram	-4.057077	144.073841
AGH	ESTA	Ängelholm-Helsingborg Airport	Ängelholm	56.296101	12.847100
AGI	SMWA	Wageningen Airstrip	Wageningen	5.841252	-56.673247
AGJ	RORA	Aguni Airport	Aguni	26.592755	127.240335
AGK	AGK	Kagua Airport	Kagua	-6.396389	143.853611
AGL	AYWG	Wanigela Airport	Wanigela	-9.337500	149.155556
AGO	KAGO	Magnolia Municipal Airport / Ralph C Weiser Field	Magnolia	33.228001	-93.217002
AGP	LEMG	Málaga-Costa del Sol Airport	Málaga	36.674900	-4.499110
AGR	VIAG	Agra Airport / Agra Air Force Station	Agra	27.157975	77.961025
AGS	KAGS	Augusta Regional At Bush Field	Augusta	33.369900	-81.964500
AGT	SGES	Guaraní International Airport	Ciudad del Este	-25.457186	-54.839544
AGU	MMAS	Aguascalientes International Airport	Aguascalientes	21.699589	-102.318372
AGV	SVAC	Oswaldo Guevara Mujica Airport	Acarigua	9.553375	-69.237869
AGW	AU-AGW	Agnew Airport	Agnew	-12.145600	142.149369
AGX	VOAT	Agatti Airport	Agatti	10.823700	72.176003
AGZ	FAAG	Aggeneys Airport	Aggeneys	-29.281799	18.813900
AHA	VEAP	Maa Mahamaya Airport	Ambikapur	22.987530	83.196120
AHB	OEAB	Abha International Airport	Abha	18.240400	42.656601
AHC	KAHC	Amedee Army Air Field	Herlong	40.266201	-120.153000
AHD	K1F0	Ardmore Downtown Executive Airport	Ardmore	34.146999	-97.122704
AHE	NTHE	Ahe Airport	Ahe Atoll	-14.428100	-146.257004
AHF	K37V	Arapahoe Municipal Airport	Arapahoe	40.341576	-99.907839
AHG	MU-0001	Agalega Island Airstrip	Vingt Cinq	-10.373100	56.609798
AHH	KAHH	Amery Municipal Airport	Amery	45.281101	-92.375397
AHI	WAPA	Amahai Airport	Amahai	-3.347851	128.927093
AHJ	ZUHY	Hongyuan Airport	Ngawa (Hongyuan)	32.531540	102.352240
AHL	SYAH	Aishalton Airport	Aishalton	2.474030	-59.320786
AHM	KS03	Ashland Municipal Airport Sumner Parker Field	Ashland	42.190265	-122.660648
AHN	KAHN	Athens Ben Epps Airport	Athens	33.948842	-83.325634
AHO	LIEA	Alghero-Fertilia Airport	Alghero	40.632099	8.290770
AHS	MHAH	Ahuas Airport	Ahuas	15.472200	-84.352203
AHU	GMTA	Cherif Al Idrissi Airport	Al Hoceima	35.177101	-3.839520
AHY	AHY	Ambatolhy Airport	Ambatolahy	-20.015833	45.535000
AHZ	LFHU	L'Alpe d'Huez - Henri Giraud Altiport	Huez, Isère	45.087399	6.083604
AIA	KAIA	Alliance Municipal Airport	Alliance	42.052543	-102.803965
AIC	AIP	Ailinglaplap Airok Airport	Bigatyelang Island	7.279422	168.825700
AID	KAID	Anderson Municipal Darlington Field	Anderson	40.108601	-85.612999
AIE	AYAO	Aiome Airport	Aiome	-5.145700	144.730700
AIF	SNAX	Marcelo Pires Halzhausen Airport	Assis	-22.638601	-50.455983
AIG	FEFY	Yalinga Airport	Yalinga	6.520000	23.260000
AIH	AYAK	Aiambak Airport	Aiambak	-7.342778	141.267500
AII	HDAS	Ali-Sabieh Airport	Ali-Sabieh	11.146889	42.720000
AIK	KAIK	Aiken Regional Airport	Aiken	33.649399	-81.684998
AIL	PA-0003	Ailigandí Airport	Isla Lorenzo Bello	9.222600	-78.023600
AIM	MH-AIM	Ailuk Airport	Ailuk Island	10.216800	169.983002
AIN	PAWI	Wainwright Airport	Wainwright	70.638000	-159.994995
AIO	KAIO	Atlantic Municipal Airport	Atlantic	41.407299	-95.046898
AIP	VIAX	Adampur Airport	Adampur	31.433800	75.758797
AIR	SSOU	Aripuanã Airport	Aripuanã	-10.187375	-59.457469
AIS	NGTR	Arorae Island Airport	Arorae Island	-2.616233	176.802209
AIT	NCAI	Aitutaki Airport	Aitutaki	-18.830900	-159.764008
AIU	NCAT	Enua Airport	Atiu Island	-19.967800	-158.119003
AIV	KAIV	George Downer Airport	Aliceville	33.106499	-88.197800
AIW	FYAA	Ai-Ais Airport	Ai-Ais	-27.995000	17.596600
AIY	SNUI	Araçuaí Airport	Araçuaí	-16.851571	-42.045633
AIZ	KAIZ	Lee C Fine Memorial Airport	Kaiser Lake Ozark	38.096001	-92.549500
AJA	LFKJ	Ajaccio Napoléon Bonaparte airport	Ajaccio	41.923599	8.802920
AJF	OESK	Al-Jawf International Airport	Al-Jawf	29.783301	40.100905
AJI	LTCO	Ağrı Airport	Ağrı	39.655642	43.025742
AJJ	GQNJ	Akjoujt Airport	Akjoujt	19.727998	-14.377214
AJK	OIHR	Arak Airport	Araak	34.138100	49.847301
AJL	VELP	Lengpui Airport	Aizawl (Lengpui)	23.840599	92.619698
AJN	FMCV	Ouani Airport	Ouani	-12.131047	44.430044
AJR	ESNX	Arvidsjaur Airport	Arvidsjaur	65.590302	19.281900
AJS	MX-AJS	Punta Abreojos Airport	Mulegé	26.727200	-113.558998
AJU	SBAR	Aracaju - Santa Maria Airport	Aracaju	-10.983940	-37.072873
AJY	DRZA	Mano Dayak International Airport	Agadez	16.966000	8.000110
AKA	ZLAK	Ankang Fuqiang Airport	Ankang (Hanbin)	32.756960	108.873380
AKB	PAAK	Atka Airport	Atka	52.220299	-174.205994
AKC	KAKR	Akron Fulton International Airport	Akron	41.037355	-81.467840
AKD	VAAK	Akola Airport	Akola	20.698931	77.056883
AKE	FOGA	Akieni Airport	Akieni	-1.139670	13.903600
AKF	HLKF	Kufra Airport	Kufra	24.178699	23.313999
AKG	AYGU	Anguganak Airport	Anguganak	-3.560504	142.217307
AKH	OEPS	Prince Sultan Air Base	Al Kharj	24.062700	47.580502
AKI	PFAK	Akiak Airport	Akiak	60.902646	-161.231060
AKJ	RJEC	Asahikawa Airport	Higashikagura	43.670799	142.447006
AKK	PAKH	Akhiok Airport	Akhiok	56.938702	-154.182999
AKL	NZAA	Auckland International Airport	Auckland	-37.011990	174.786331
AKM	AKM	Zakuoma Airport	ZaKouma	10.890278	19.817222
AKN	PAKN	King Salmon Airport	King Salmon	58.677845	-156.651965
AKO	KAKO	Colorado Plains Regional Airport	Akron	40.175598	-103.222000
AKP	PAKP	Anaktuvuk Pass Airport	Anaktuvuk Pass	68.133598	-151.742996
AKQ	ID-AKQ	Astra Ksetra Airport	Menggala	-4.611588	105.231968
AKR	DNAK	Akure Airport	Akure	7.246740	5.301010
AKS	AGGA	Gwaunaru'u Airport	Auki	-8.702570	160.682007
AKT	LCRA	RAF Akrotiri	Akrotiri	34.590401	32.987900
AKU	ZWAK	Aksu Hongqipo Airport	Aksu (Onsu)	41.262501	80.291702
AKV	CYKO	Akulivik Airport	Akulivik	60.818600	-78.148598
AKW	OIAG	Aghajari Airport	Omidiyeh	30.744400	49.677200
AKX	UATT	Aktobe International Airport	Aktobe	50.248116	57.204144
AKY	VYSW	Sittwe Airport	Sittwe	20.133165	92.870693
ALA	UAAA	Almaty International Airport	Almaty	43.354267	77.042828
ALB	KALB	Albany International Airport	Albany	42.748299	-73.801697
ALC	LEAL	Alicante-Elche Miguel Hernández Airport	Alicante	38.282200	-0.558156
ALD	SPAR	Alerta Airport	Fortaleza	-11.650180	-69.229614
ALE	KE38	Alpine Casparis Municipal Airport	Alpine	30.384199	-103.683998
ALF	ENAT	Alta Airport	Alta	69.976097	23.371700
ALG	DAAG	Houari Boumediene Airport	Algiers	36.693886	3.214531
ALH	YABA	Albany Airport	Albany	-34.943333	117.808889
ALI	KALI	Alice International Airport	Alice	27.740900	-98.026901
ALJ	FAAB	Alexander Bay Airport	Alexander Bay	-28.575001	16.533300
ALM	KALM	Alamogordo White Sands Regional Airport	Alamogordo	32.837818	-105.993149
ALN	KALN	St Louis Regional Airport	Alton/St Louis	38.890301	-90.045998
ALO	KALO	Waterloo Regional Airport	Waterloo	42.557098	-92.400299
ALP	OSAP	Aleppo International Airport	Aleppo	36.181262	37.226869
ALQ	SSLT	Alegrete Novo Airport	Alegrete	-29.811595	-55.894707
ALR	NZLX	Alexandra Aerodrome	Alexandra	-45.210495	169.371113
ALS	KALS	San Luis Valley Regional Airport/Bergman Field	Alamosa	37.434898	-105.866997
ALT	BR-ALT	Alenquer Municipal Airport	Alenquer	-1.917000	-54.723100
ALU	HCMA	Alula Airport	Alula	11.958200	50.748000
ALW	KALW	Walla Walla Regional Airport	Walla Walla	46.094898	-118.288002
ALX	KALX	Thomas C Russell Field	Alexander City	32.914700	-85.962997
AMA	KAMA	Rick Husband Amarillo International Airport	Amarillo	35.217857	-101.706444
AMB	FMNE	Ambilobe Airport		-13.188400	48.987999
AMC	FTTN	Am Timan Airport	Am Timan	11.034000	20.274000
AMD	VAAH	Sardar Vallabh Patel International Airport	Ahmedabad	23.077200	72.634697
AME	AME	Alto Molocue Airport	Alto Molocue	-15.610278	37.681389
AMF	AYAA	Ama Airport		-4.101111	141.670000
AMH	HAAM	Arba Minch Airport	Arba Minch	6.039390	37.590500
AMJ	SNAR	Cirilo Queiróz Airport	Almenara	-16.165579	-40.684024
AMK	K00C	Animas Air Park	Durango	37.203201	-107.869003
AML	PA-AML	Puerto Armuelles Airport	Puerto Armuelles	8.267667	-82.864537
AMM	OJAI	Queen Alia International Airport	Amman	31.722601	35.993198
AMN	KAMN	Gratiot Community Airport	Alma	43.322102	-84.688004
AMO	FTTU	Mao Airport	Mao	14.145600	15.314400
AMP	FMSY	Ampanihy Airport	Ampanihy	-24.699699	44.734200
AMQ	WAPP	Pattimura International Airport	Ambon	-3.710260	128.089005
AMS	EHAM	Amsterdam Airport Schiphol	Amsterdam	52.308601	4.763890
AMT	YAMT	Amata Airport		-26.097363	131.202732
AMU	AYAM	Amanab Airport	Amanab	-3.586000	141.214333
AMV	ULDD	Amderma Airport	Amderma	69.763298	61.556400
AMW	KAMW	Ames Municipal Airport	Ames	41.992001	-93.621803
AMX	YAMM	Ammaroo Airport		-21.738300	135.242004
AMY	FMMB	Ambatomainty Airport		-17.686667	45.623889
AMZ	NZAR	Ardmore Airport	Manurewa	-37.029701	174.973007
ANA	KE-6112	Angama Mara Airport	Lolgorien	-1.271586	34.954666
ANB	KANB	Anniston Regional Airport	Anniston	33.588200	-85.858100
ANC	PANC	Ted Stevens Anchorage International Airport	Anchorage	61.179004	-149.992561
AND	KAND	Anderson Regional Airport	Anderson	34.494598	-82.709396
ANE	LFJR	Angers Marcé airport	Angers	47.560299	-0.312222
ANF	SCFA	Andrés Sabella Gálvez International Airport	Antofagasta	-23.445274	-70.445232
ANG	LFBU	Angoulême Brie-Champniers airport	Angoulême	45.729198	0.221456
ANI	PANI	Aniak Airport	Aniak	61.581600	-159.542999
ANJ	FCBZ	Zanaga Airport	Zanaga	-2.846651	13.821155
ANK	LTAD	Etimesgut Air Base	Ankara	39.949799	32.688599
ANL	AO-0005	Andulo Airport	Andulo	-11.472300	16.710899
ANM	FMNH	Antsirabe Airport	Antsirabe	-14.999400	50.320202
ANN	PANT	Annette Island Airport	Metlakatla	55.037663	-131.572609
ANO	FQAG	Angoche Airport	Angoche	-16.181870	39.945217
ANP	KANP	Lee Airport	Annapolis	38.942902	-76.568398
ANQ	KANQ	Tri State Steuben County Airport	Angola	41.639702	-85.083504
ANR	EBAW	Antwerp International Airport (Deurne)	Antwerp	51.190667	4.463153
ANS	SPHY	Andahuaylas Airport	Andahuaylas	-13.706400	-73.350403
ANU	TAPA	V. C. Bird International Airport	Osbourn	17.136700	-61.792702
ANV	PANV	Anvik Airport	Anvik	62.646702	-160.190994
ANW	KANW	Ainsworth Regional Airport	Ainsworth	42.579201	-99.992995
ANX	ENAN	Andøya Airport, Andenes	Andenes	69.295193	16.139379
ANY	KANY	Anthony Municipal Airport	Anthony	37.158501	-98.079597
ANZ	ANZ	Angus Downs Airport	Angus Downs Station	-25.032500	132.274800
AOB	AOB	Annanberg Airport		-4.904167	144.635833
AOC	EDAC	Leipzig–Altenburg Airport	Nobitz	50.981945	12.506389
AOD	AOD	Abou-Deïa Airport	Abou-Deïa	11.477300	19.287400
AOE	LTBY	Hasan Polatkan Airport	Eskişehir	39.811644	30.519268
AOG	ZYAS	Anshan Teng'ao Airport / Anshan Air Base	Anshan	41.105301	122.853996
AOH	KAOH	Lima Allen County Airport	Lima	40.706902	-84.026703
AOI	LIPY	Marche Airport	Falconara Marittima (AN)	43.616299	13.362300
AOJ	RJSA	Aomori Airport	Aomori	40.733777	140.689477
AOK	LGKP	Karpathos Airport	Karpathos Island	35.421398	27.146000
AOL	SARL	Paso De Los Libres Airport	Paso de los Libres	-29.689400	-57.152100
AOM	OM-0002	Adam Airport	Adam	22.491944	57.383889
AOO	KAOO	Altoona Blair County Airport	Altoona	40.296398	-78.320000
AOP	SPAS	Alferez FAP Alfredo Vladimir Sara Bauer Airport	Andoas	-2.796130	-76.466599
AOR	WMKA	Sultan Abdul Halim Airport	Alor Satar	6.189670	100.398003
AOT	LIMW	Aosta Corrado Gex Airport	Saint-Christophe (AO)	45.738552	7.368300
AOU	VLAP	Attopeu Airport	Attopeu	14.793056	107.045278
APA	KAPA	Centennial Airport	Denver	39.570099	-104.848999
APB	SLAP	Apolo Airport	Apolo	-14.735600	-68.411903
APC	KAPC	Napa County Airport	Napa	38.213200	-122.280998
APD	WAWN	Arung Palakka Airport	Bone	-4.459582	120.310436
APF	KAPF	Naples Municipal Airport	Naples	26.152599	-81.775299
APG	KAPG	Phillips Army Air Field	Aberdeen	39.466202	-76.168800
APH	KAPH	Mary Walker LZ Airport	Bowling Green	38.068631	-77.319318
API	SKAP	Gomez Nino Apiay Air Base	Apiay	4.076070	-73.562700
APJ	ZUPL	Ali Pulan Airport	Burang Town	30.397898	81.133170
APK	NTGD	Apataki Airport	Apataki	-15.573600	-146.414993
APL	FQNP	Nampula Airport	Nampula	-15.105600	39.281799
APN	KAPN	Alpena County Regional Airport	Alpena	45.078098	-83.560303
APO	SKLC	Antonio Roldán Betancur Airport	Carepa	7.811960	-76.716400
APP	APP	Asapa Airport		-8.979167	148.103611
APQ	SNAL	Arapiraca Airport	Arapiraca	-9.776589	-36.628983
APR	AYPE	April River Airport	April River	-4.676667	142.540139
APS	SWNS	Anápolis Airport	Anápolis	-16.363575	-48.928800
APT	KAPT	Marion County Airport - Brown Field	Jasper	35.060699	-85.585297
APU	SSAP	Captain João Busse Airport	Apucarana	-23.609099	-51.384301
APV	KAPV	Apple Valley Airport	Apple Valley	34.575298	-117.185997
APW	NSFA	Faleolo International Airport	Apia	-13.830000	-172.007996
APX	SSOG	Arapongas Airport	Arapongas	-23.352636	-51.491967
APY	BR-2757	Alto Parnaíba Airport	Alto Parnaíba	-9.085330	-45.955603
APZ	SAHZ	Zapala Airport	Zapala	-38.975498	-70.113602
AQA	SBAQ	Araraquara Airport	Araraquara	-21.812000	-48.132999
AQB	MGQC	Quiché Airport	Santa Cruz del Quiché	15.012200	-91.150597
AQG	ZSAQ	Anqing Tianzhushan Airport / Anqing North Air Base	Anqing	30.582199	117.050003
AQI	OEPA	Qaisumah–Hafar Al-Batin International Airport	Qaisumah	28.335726	46.127108
AQJ	OJAQ	King Hussein International Airport	Aqaba	29.611601	35.018101
AQM	SJOG	Ariquemes Airport	Ariquemes	-9.880436	-63.047115
AQP	SPQU	Rodríguez Ballón International Airport	Arequipa	-16.340786	-71.569485
AQY	AQY	Girdwood-Alyeska Airport	Girdwood	60.968774	-149.119792
ARA	KARA	Acadiana Regional Airport	New Iberia	30.037800	-91.883904
ARB	KARB	Ann Arbor Municipal Airport	Ann Arbor	42.223000	-83.745598
ARC	PARC	Arctic Village Airport	Arctic Village	68.114700	-145.578995
ARD	WATM	Alor Island - Mali Airport	Kabola	-8.132340	124.597000
ARE	TJAB	Antonio Nery Juarbe Pol Airport	Arecibo	18.450850	-66.675768
ARF	SK-471	Acaricuara Airport	Acaricuara	0.533333	-70.133333
ARG	KARG	Walnut Ridge Regional Airport	Walnut Ridge	36.124667	-90.925111
ARH	ULAA	Talagi Airport	Archangelsk	64.600304	40.716702
ARI	SCAR	Chacalluta International Airport	Arica	-18.348499	-70.338699
ARK	HTAR	Arusha Airport	Arusha	-3.367790	36.633301
ARL	DFER	Arly Airport	Arly	11.597000	1.483000
ARM	YARM	Armidale Airport	Armidale	-30.528099	151.617004
ARN	ESSA	Stockholm-Arlanda Airport	Stockholm	59.648490	17.928829
ARO	SK-005	Arboletes Airport	Arboletes	8.855118	-76.422676
ARP	ARP	Aragip Airport		-9.883333	149.483333
ARQ	SKAT	El Troncal Airport	Arauquita	7.021060	-71.388901
ARR	SAVR	D. Casimiro Szlapelis Airport	Alto Rio Senguerr	-45.013599	-70.812202
ARS	SJVO	Aragarças Airport	Aragarças	-15.899400	-52.241100
ART	KART	Watertown International Airport	Watertown	43.991901	-76.021698
ARU	SBAU	Araçatuba Airport	Araçatuba	-21.141479	-50.424575
ARV	KARV	Lakeland Airport Noble F Lee Memorial Field	Woodruff	45.927898	-89.730904
ARW	LRAR	Arad International Airport	Arad	46.176136	21.264322
ARX	SBAC	Aracati Dragão do Mar Regional Airport	Aracati	-4.568896	-37.805135
ARY	YARA	Ararat Airport	Ararat	-37.309978	142.988688
ARZ	FNZE	N'zeto Airport	N'zeto	-7.259277	12.862355
ASA	HHSB	Assab International Airport	Assab	13.071800	42.645000
ASB	UTAA	Ashgabat International Airport	Ashgabat	37.986801	58.361000
ASC	SLAS	Ascención de Guarayos Airport	Ascensión de Guarayos	-15.933365	-63.155575
ASD	MYAF	Andros Town Airport	Andros Town	24.697901	-77.795601
ASE	KASE	Aspen-Pitkin County Airport (Sardy Field)	Aspen	39.223202	-106.869003
ASF	URWA	Astrakhan Narimanovo Boris M. Kustodiev International Airport	Astrakhan	46.282843	48.010511
ASG	NZAS	Ashburton Airport	Ashburton	-43.903301	171.796997
ASH	KASH	Nashua Airport / Boire Field	Nashua	42.781700	-71.514801
ASI	FHAW	RAF Ascension Island	Cat Hill	-7.970179	-14.392744
ASJ	RJKA	Amami Airport	Amami	28.430599	129.712997
ASK	DIYO	Yamoussoukro International Airport	Yamoussoukro	6.903170	-5.365580
ASL	KASL	Harrison County Airport	Marshall	32.520500	-94.307800
ASM	HHAS	Asmara International Airport	Asmara	15.291900	38.910702
ASN	KASN	Talladega Municipal Airport	Talladega	33.569901	-86.050903
ASO	HASO	Asosa Airport	Asosa	10.018500	34.586300
ASP	YBAS	Alice Springs Airport	Alice Springs	-23.806588	133.903427
ASQ	K9U3	Austin Airport	Austin	39.467708	-117.197576
ASR	LTAU	Kayseri Erkilet International Airport	Kayseri	38.770401	35.495399
ASS	FAAR	Arathusa Safari Lodge Airport	Arathusa	-24.740527	31.517973
AST	KAST	Astoria Regional Airport	Astoria	46.158001	-123.878998
ASU	SGAS	Silvio Pettirossi International Airport	Asunción	-25.240156	-57.519227
ASV	HKAM	Amboseli Airport	Ol Tukai	-2.644786	37.252922
ASW	HESN	Aswan International Airport	Aswan	23.961075	32.820382
ASX	KASX	John F Kennedy Memorial Airport	Ashland	46.548500	-90.918999
ASY	KASY	Ashley Municipal Airport	Ashley	46.023899	-99.352600
ASZ	ASZ	Asirim Airport		-6.009722	150.368611
ATA	SPHZ	Comandante FAP German Arias Graziani Airport	Anta	-9.347440	-77.598396
ATB	HSAT	Atbara Airport	Atbara	17.709928	34.057205
ATC	MYCA	Arthur's Town Airport	Arthur's Town	24.629400	-75.673797
ATD	AGAT	Uru Harbour Airport	Atoifi	-8.873330	161.011002
ATE	K80F	Antlers Municipal Airport	Antlers	34.192600	-95.649902
ATF	SEAM	Chachoán Regional Airport	Ambato	-1.212070	-78.574600
ATG	OPMS	Minhas Air Base	Kamra	33.869099	72.400902
ATH	LGAV	Athens Eleftherios Venizelos International Airport	Spata-Artemida	37.936401	23.944500
ATI	SUAG	Artigas International Airport	Artigas	-30.400700	-56.507900
ATJ	FMME	Antsirabe Airport	Antsirabe	-19.839221	47.063713
ATK	PATQ	Atqasuk Edward Burnell Sr Memorial Airport	Atqasuk	70.467040	-157.436013
ATL	KATL	Hartsfield Jackson Atlanta International Airport	Atlanta	33.636700	-84.428101
ATM	SBHT	Altamira Interstate Airport	Altamira	-3.253144	-52.253938
ATN	AYNX	Namatanai Airport	Namatanai	-3.669500	152.438000
ATO	KUNI	Ohio University Airport	Albany	39.211839	-82.229490
ATP	AYAI	Aitape Airport	Aitape	-3.143611	142.346806
ATQ	VIAR	Sri Guru Ram Das Ji International Airport	Amritsar	31.709600	74.797302
ATR	GQPA	Atar International Airport	Atar	20.505823	-13.043744
ATS	KATS	Artesia Municipal Airport	Artesia	32.852501	-104.468002
ATT	4A2	Atmautluak Airport	Atmautluak	60.866699	-162.272996
ATU	PAAT	Casco Cove Coast Guard Station	Attu	52.829797	173.173796
ATV	FTTI	Ati Airport	Ati	13.239778	18.315893
ATW	KATW	Appleton International Airport	Appleton	44.258515	-88.519000
ATX	KZ-ATX	Atbasar Airport	Atbasar	51.852306	68.366892
ATY	KATY	Watertown Regional Airport	Watertown	44.914001	-97.154701
ATZ	HEAT	Asyut International Airport	Asyut	27.045962	31.012760
AUA	TNCA	Queen Beatrix International Airport	Oranjestad	12.501056	-70.014281
AUC	SKUC	Santiago Perez Airport	Arauca	7.068880	-70.736900
AUD	YAGD	Augustus Downs Airport		-18.508700	139.882084
AUE	EG-AUE	Abu Rudeis Airport	Ras Abu Rudeis	28.899694	33.202057
AUF	LFLA	Auxerre Branches airport	Auxerre	47.850201	3.497110
AUG	KAUG	Augusta State Airport	Augusta	44.320599	-69.797302
AUH	OMAA	Zayed International Airport	Abu Dhabi	24.440966	54.649237
AUI	AYND	Aua Island Airport	Aua Island	-1.460556	143.064722
AUJ	AYAT	Ambunti Airport	Ambunti	-4.215667	142.823167
AUK	PAUK	Alakanuk Airport	Alakanuk	62.682653	-164.722481
AUL	MH-AUL	Aur Island Airport	Aur Atoll	8.145280	171.173004
AUM	KAUM	Austin Municipal Airport	Austin	43.665001	-92.933403
AUN	KAUN	Auburn Municipal Airport	Auburn	38.954800	-121.082001
AUO	KAUO	Auburn University Regional Airport	Auburn	32.615101	-85.433998
AUP	AYAG	Agaun Airport	Agaun	-9.927715	149.389951
AUQ	NTMN	Hiva Oa-Atuona Airport	Hiva Oa Island	-9.768790	-139.011002
AUR	LFLW	Aurillac airport	Aurillac	44.891399	2.421940
AUS	KAUS	Austin Bergstrom International Airport	Austin	30.197535	-97.662015
AUT	WPAT	Atauro Airport	Vila	-8.243133	125.606378
AUU	YAUR	Aurukun Airport	Aurukun	-13.354019	141.720028
AUV	AYUM	Aumo Airport	Aumo	-5.731111	148.445278
AUW	KAUW	Wausau Downtown Airport	Wausau	44.926201	-89.626602
AUX	SWGN	Araguaína Airport	Araguaína	-7.227870	-48.240501
AUY	NVVA	Aneityum Airport	Anatom Island	-20.249142	169.770758
AUZ	KARR	Aurora Municipal Airport	Chicago/Aurora	41.771900	-88.475700
AVA	ZUAS	Anshun Huangguoshu Airport	Anshun (Xixiu)	26.260556	105.873333
AVB	LIPA	Aviano Air Base	Aviano (PN)	46.031898	12.596503
AVG	YAUV	Auvergne Airport	Auvergne Station	-15.690555	130.008818
AVI	MUCA	Máximo Gómez Airport	Ciro Redondo	22.027100	-78.789597
AVK	ZMAH	Arvaikheer Airport	Arvaikheer	46.250301	102.802002
AVL	KAVL	Asheville Regional Airport	Asheville	35.435488	-82.541853
AVN	LFMV	Avignon Caumont airport	Avignon	43.907299	4.901830
AVO	KAVO	Avon Park Executive Airport	Avon Park	27.591200	-81.527802
AVP	KAVP	Wilkes-Barre/Scranton International Airport	Wilkes-Barre/Scranton	41.337064	-75.724232
AVU	AGGJ	Avu Avu Airport	Avu Avu	-9.868333	160.410556
AVV	YMAV	Melbourne Avalon International Airport	Geelong/Melbourne	-38.040269	144.467196
AVW	KAVQ	Marana Regional Airport	Marana	32.409065	-111.216199
AVX	KAVX	Catalina Airport	Avalon	33.404900	-118.416000
AWA	HALA	Hawassa International Airport	Hawassa	7.100611	38.396455
AWB	AYAW	Awaba Airport	Awaba	-8.013414	142.752099
AWD	NVVB	Aniwa Airport	Aniwa	-19.234600	169.600900
AWE	FOGW	Alowe Airport	Wonga Wongué Presidential Reserve	-0.545000	9.444000
AWK	PWAK	Wake Island Airfield	Wake Island	19.282437	166.636637
AWM	KAWM	West Memphis Municipal Airport	West Memphis	35.135101	-90.234398
AWN	YADS	Alton Downs Airport		-26.488959	139.259906
AWP	YAUS	Austral Downs Airport		-20.500000	137.750000
AWR	AWR	Awar Airport (unusable)	Awar	-4.122278	144.853292
AWZ	OIAW	Qasem Soleimani International Airport	Ahvaz	31.336400	48.763789
AXA	TQPF	Clayton J. Lloyd International Airport	The Valley	18.204773	-63.053830
AXB	89NY	Maxson Airfield	Alexandria Bay	44.312002	-75.900340
AXC	YAMC	Aramac Airport		-22.957880	145.249504
AXD	LGAL	Alexandroupoli Democritus Airport	Alexandroupolis	40.855900	25.956301
AXE	SSXX	Xanxerê Airport	Xanxerê	-26.875067	-52.372862
AXF	ZBAL	Alxa Left Banner Bayanhot Airport	Bayanhot	38.748317	105.584160
AXG	KAXA	Algona Municipal Airport	Algona	43.078104	-94.271836
AXJ	RJDA	Amakusa Airport	Amakusa	32.482498	130.158997
AXK	OYAT	Ataq Airport	Ataq	14.551300	46.826199
AXL	YALX	Alexandria Homestead Airport		-19.060200	136.710007
AXM	SKAR	El Eden Airport	Armenia	4.452780	-75.766400
AXN	KAXN	Chandler Field	Alexandria	45.866299	-95.394699
AXO	AXO	Pantar Kabir Airport	Kabir	-8.244832	124.219108
AXP	MYAP	Spring Point Airport	Spring Point	22.441799	-73.970901
AXR	NTGU	Arutua Airport		-15.248300	-146.617004
AXS	KAXS	Altus Quartz Mountain Regional Airport	Altus	34.697952	-99.338500
AXT	RJSK	Akita Airport	Akita	39.615601	140.218994
AXU	HAAX	Axum Airport	Axum	14.146800	38.772800
AXV	KAXV	Neil Armstrong Airport	Wapakoneta	40.493401	-84.298897
AXX	KAXX	Angel Fire Airport	Angel Fire	36.422001	-105.290001
AYA	SK-198	Ayapel Airport	Ayapel	8.300000	-75.150000
AYC	SK-144	Ayacucho Airport	Ayacucho	8.602149	-73.612866
AYD	AU-AYD	Alroy Downs Airport	Alroy Downs	-19.290800	136.078995
AYG	SKYA	Yaguara Airport	San Vicente Del Caguán	1.544170	-73.933300
AYI	SK-047	Yari Airport	Yari	-0.383333	-72.266667
AYJ	VEAY	Maharshi Valmiki International Airport	Faizabad	26.747736	82.163664
AYK	UAUR	Arkalyk North Airport	Arkalyk	50.318600	66.952797
AYL	YANL	Anthony Lagoon Airport		-18.018079	135.535069
AYN	ZHAY	Anyang Yindu Airport	Anyang	36.133900	114.344002
AYO	SGAY	Aeropuerto Nacional Juan de Ayolas	Ayolas	-27.378379	-56.856791
AYP	SPHO	Air Force Colonel Alfredo Mendivil Duarte Airport	Ayacucho	-13.154800	-74.204399
AYQ	YAYE	Ayers Rock Connellan Airport	Yulara	-25.185913	130.977030
AYR	YAYR	Ayr Airport	Ayr	-19.595832	147.324495
AYS	KAYS	Waycross Ware County Airport	Waycross	31.249100	-82.395500
AYT	LTAI	Antalya International Airport	Antalya	36.898701	30.800501
AYU	AYAY	Aiyura Airport	Aiyura Valley	-6.338056	145.904167
AYW	WASA	Ayawasi Airport	Ayawasi	-1.159779	132.464082
AYX	SPAY	Teniente General Gerardo Pérez Pinedo Airport	Atalaya	-10.729100	-73.766502
AZA	KIWA	Mesa Gateway Airport	Mesa	33.307800	-111.654999
AZB	AZB	Amazon Bay Airport		-10.299167	149.338333
AZD	OIYY	Shahid Sadooghi Airport	Yazd	31.904900	54.276501
AZG	MX-AZG	Apatzingán - Pablo L. Sidar Airport	Apatzingán	19.093399	-102.393997
AZH	VEAH	Azamgarh Airport	Azamgarh	26.153333	83.118333
AZI	OMAD	Al Bateen Executive Airport	Abu Dhabi	24.427062	54.459866
AZJ	ZSDL	Zhenjiang Dalu Airport	Zhenjiang	32.236490	119.718683
AZL	SWTU	Fazenda Tucunaré Airport	Sapezal	-13.465528	-58.866935
AZN	UZFA	Andijan International Airport	Andijan	40.727699	72.293999
AZO	KAZO	Kalamazoo/Battle Creek International Airport	Kalamazoo	42.232105	-85.549637
AZP	MMJC	Jorge Jiménez Cantú National Airport	Atizapán de Zaragoza	19.574155	-99.291183
AZR	DAUA	Touat-Cheikh Sidi Mohamed Belkebir Airport	Adrar	27.837601	-0.186414
AZS	MDCY	Samaná El Catey International Airport	Samana	19.269259	-69.737405
AZT	SK-392	Zapatoca Airport	Zapatoca	6.767262	-73.284775
AZZ	FNAM	Ambriz Airport	Ambriz	-7.862220	13.116100
BAA	AYBL	Bialla Airport	Bialla, Matalilu, Ewase	-5.330560	151.007996
BAB	KBAB	Beale Air Force Base	Beale Air Force Base	39.136101	-121.436996
BAC	SK-272	Barranca De Upia Airport	Barranca De Upia	4.583333	-72.966667
BAD	KBAD	Barksdale Air Force Base	Bossier City	32.501801	-93.662697
BAE	LFMR	Barcelonnette - Saint-Pons Airfield	Saint-Pons, Alpes-de-Haute-Provence	44.387198	6.608831
BAF	KBAF	Westfield-Barnes Regional Airport	Westfield	42.157799	-72.715599
BAG	RPUB	Loakan Airport	Baguio	16.375034	120.619949
BAH	OBBI	Bahrain International Airport	Manama	26.267295	50.637640
BAI	MRBA	Buenos Aires Airport	Punta Arenas	9.163949	-83.330171
BAJ	BAJ	Bali Airport	Unea Island	-4.883333	149.133333
BAL	LTCJ	Batman Airport	Batman	37.929001	41.116600
BAM	KBAM	Battle Mountain Airport	Battle Mountain	40.598999	-116.874001
BAN	FZVR	Basongo Airport	Basongo	-4.315802	20.414891
BAQ	SKBQ	Ernesto Cortissoz International Airport	Barranquilla	10.889600	-74.780800
BAR	ZJQH	Qionghai Bo'ao Airport	Qionghai (Basuo)	19.140951	110.452766
BAS	AGGE	Ballalae Airport	Ballalae	-6.990745	155.886656
BAT	SBBT	Chafei Amsei Airport	Barretos	-20.584631	-48.594125
BAV	ZBOW	Baotou Donghe International Airport	Baotou	40.560001	109.997002
BAX	UNBB	Barnaul Gherman Titov International Airport	Barnaul	53.361285	83.539701
BAY	LRBM	Maramureș International Airport	Tăuții-Măgherăuș	47.658444	23.464445
BAZ	SWBC	Barcelos Airport	Barcelos	-0.981191	-62.918603
BBA	SCBA	Balmaceda Airport	Balmaceda	-45.915968	-71.689499
BBB	KBBB	Benson Municipal Airport	Benson	45.331902	-95.650597
BBC	KBYY	Bay City Regional Airport	Bay City	28.973301	-95.863503
BBD	KBBD	Curtis Field	Brady	31.178931	-99.324732
BBG	NGTU	Butaritari Airport	Butaritari	3.085830	172.811005
BBH	EDBH	Stralsund-Barth Airport	Barth	54.338253	12.710515
BBI	VEBS	Biju Patnaik International Airport	Bhubaneswar	20.251021	85.814747
BBJ	EDRB	Bitburg Airport	Bitburg	49.945278	6.565000
BBK	FBKE	Kasane International Airport	Kasane	-17.831653	25.166195
BBL	YLLE	Ballera Airport		-27.405633	141.809458
BBM	VDBG	Battambang Airport	Battambang	13.095600	103.223999
BBN	WBGZ	Bario Airport	Bario	3.734648	115.478548
BBO	HCMI	Berbera Airport	Berbera	10.385035	44.936723
BBP	EGHJ	Bembridge Airport	Bembridge, Isle of Wight	50.678101	-1.109440
BBQ	TAPB	Burton-Nibbs International Airport	Codrington	17.621194	-61.798347
BBR	TFFB	Basse-Terre Baillif Airport	Basse-Terre	16.013648	-61.742928
BBS	EGLK	Blackbushe Airport	Camberley, Surrey	51.323898	-0.847500
BBT	FEFT	Berbérati Airport	Berbérati	4.221580	15.786400
BBU	LRBS	Bucharest Băneasa Aurel Vlaicu International Airport	Bucharest	44.503133	26.102944
BBV	DIGN	Nero-Mer Airport	Grand-Béréby	4.643413	-6.923962
BBW	KBBW	Broken Bow Municipal Airport	Broken Bow	41.436501	-99.642197
BBX	KLOM	Wings Field	Philadelphia	40.137501	-75.265099
BBY	FEFM	Bambari Airport	Bambari	5.847012	20.649920
BBZ	FLZB	Zambezi Airport	Zambezi	-13.535996	23.105590
BCA	MUBA	Gustavo Rizo Airport	Baracoa	20.365299	-74.506203
BCB	KBCB	Virginia Tech Montgomery Executive Airport	Blacksburg	37.207600	-80.407799
BCC	Z48	Bear Creek 3 Airport	Bear Creek	63.573316	-156.149454
BCD	RPVB	Bacolod-Silay International Airport	Bacolod City	10.776237	123.018879
BCE	KBCE	Bryce Canyon Airport	Bryce Canyon	37.706402	-112.144997
BCF	FEGU	Bouca Airport	Bouca	6.517000	18.267000
BCG	SYBE	Bemichi Airport	Kumaka	7.640212	-58.961786
BCH	WPEC	Baucau Airport	Baucau	-8.486479	126.399981
BCI	YBAR	Barcaldine Airport	Barcaldine	-23.566268	145.302086
BCJ	ZUBC	Beichuan Yongchang Airport	Mianyang	31.581474	104.459701
BCK	YBWR	Bolwarra Airport		-17.388300	144.169006
BCL	MRBC	Barra del Colorado Airport	Pococi	10.768700	-83.585602
BCM	LRBC	Bacău George Enescu International  Airport	Bacău	46.521900	26.910299
BCN	LEBL	Josep Tarradellas Barcelona-El Prat Airport	Barcelona	41.297100	2.078460
BCO	HABC	Jinka Airport	Jinka	5.749655	36.560165
BCP	AYBC	Bambu Airport	Bambu	-5.863611	146.492500
BCQ	LY-BCQ	Brak Airport	Brak	27.653000	14.272000
BCR	SWNK	Novo Campo Airport	Boca do Acre	-8.834573	-67.312485
BCS	65LA	Southern Seaplane Airport	Belle Chasse	29.866078	-90.021608
BCT	KBCT	Boca Raton Airport	Boca Raton	26.378500	-80.107697
BCU	DNBC	Sir Abubakar Tafawa Balewa Bauchi State International Airport	Bauchi	10.482833	9.744000
BCV	BZ-BCV	Hector Silva Airstrip	Belmopan	17.269603	-88.776496
BCW	BCW	Benguera Island Airport	Benguera Island	-21.853300	35.438301
BCX	UWUB	Beloretsk Airport	Beloretsk	53.938389	58.340113
BCZ	BCZ	Milyakburra Airport	Bickerton Island	-13.780833	136.201667
BDA	TXKF	L.F. Wade International Airport	Hamilton	32.363802	-64.678240
BDB	YBUD	Bundaberg Airport	Bundaberg	-24.905039	152.322612
BDC	SNBC	Barra do Corda Airport	Barra do Corda	-5.502500	-45.215833
BDD	YBAU	Badu Island Airport	Badu Island	-10.149550	142.173665
BDE	KBDE	Baudette International Airport	Baudette	48.728401	-94.612198
BDF	3IS8	Rinkenberger Restricted Landing Area	Bradford	41.230900	-89.615700
BDG	KBDG	Blanding Municipal Airport	Blanding	37.583302	-109.483002
BDH	OIBL	Bandar Lengeh International Airport	Bandar Lengeh	26.532283	54.824840
BDI	FSSB	Bird Island Airport	Bird Island	-3.723683	55.206106
BDJ	WAOO	Syamsudin Noor International Airport	Banjarbaru	-3.440112	114.761209
BDK	DIBU	Soko Airport	Bondoukou	8.017220	-2.761940
BDL	KBDL	Bradley International Airport	Hartford	41.938555	-72.688016
BDM	LTBG	Bandırma Airport	Bandırma	40.318001	27.977699
BDN	OPTH	Talhar Airport	Badin	24.841499	68.838402
BDO	WICC	Husein Sastranegara International Airport	Bandung	-6.900630	107.575996
BDP	VNCG	Bhadrapur Airport	Bhadrapur	26.570801	88.079597
BDQ	VABO	Vadodara International Airport	Vadodara	22.336201	73.226303
BDR	KBDR	Igor I Sikorsky Memorial Airport	Bridgeport	41.163502	-73.126198
BDS	LIBR	Brindisi Airport	Brindisi	40.657600	17.947001
BDT	FZFD	Gbadolite Airport	Gbadolite	4.252745	20.975271
BDU	ENDU	Bardufoss Airport	Målselv	69.055801	18.540400
BDV	FZRB	Moba Airport	Moba	-7.084880	29.737072
BDW	YBDF	Bedford Downs Airport		-17.286699	127.462997
BDX	K00F	Broadus Airport	Broadus	45.470462	-105.457145
BDY	KS05	Bandon State Airport	Bandon	43.086498	-124.407997
BDZ	AYBG	Baindoung Airport		-6.347222	146.942222
BEB	EGPL	Benbecula Airport	Balivanich	57.481098	-7.362780
BEC	KBEC	Beech Factory Airport	Wichita	37.694500	-97.214996
BED	KBED	Laurence G Hanscom Field	Bedford	42.470001	-71.289001
BEE	YBGB	Beagle Bay Airport	Dampier Peninsula	-17.016500	122.646400
BEF	MNBL	Bluefields Airport	Bluefields	11.991000	-83.774101
BEG	LYBE	Belgrade Nikola Tesla Airport	Belgrade	44.818401	20.309099
BEH	KBEH	Southwest Michigan Regional Airport	Benton Harbor	42.128601	-86.428497
BEI	HABE	Beica Airport	Beica	9.386390	34.521900
BEJ	WAQT	Kalimarau Airport	Tanjung Redeb - Borneo Island	2.147760	117.430705
BEK	VIBY	Bareilly Air Force Station	Bareilly	28.422100	79.450798
BEL	SBBE	Val de Cans/Júlio Cezar Ribeiro International Airport	Belém	-1.379279	-48.476207
BEM	GMMD	Beni Mellal Airport	Oulad Yaich	32.401895	-6.315905
BEN	HLLB	Benina International Airport	Benina	32.096802	20.269501
BEO	YLMQ	Lake Macquarie Airport	City of Lake Macquarie	-33.065975	151.646283
BEP	VOBI	Bellary Airport	Bellary	15.162800	76.882797
BEQ	EGXH	RAF Honington	Bury Saint Edmunds, Suffolk	52.342602	0.772939
BER	EDDB	Berlin Brandenburg Airport	Berlin	52.361738	13.502341
BES	LFRB	Brest Bretagne airport	Brest	48.447899	-4.418540
BET	PABE	Bethel Airport	Bethel	60.779800	-161.837997
BEU	YBIE	Bedourie Airport	Bedourie	-24.346100	139.460007
BEV	LLBS	Beersheba (Teyman) Airport	Beersheba	31.287001	34.723000
BEW	FQBR	Beira International Airport	Beira	-19.796400	34.907600
BEX	EGUB	RAF Benson	Wallingford, Oxfordshire	51.614366	-1.095991
BEY	OLBA	Beirut Rafic Hariri International Airport	Beirut	33.819833	35.487443
BEZ	NGBR	Beru Airport	Beru	-1.354720	176.007004
BFA	SGBN	Bahía Negra Airport	Bahía Negra	-20.230777	-58.170455
BFC	YBMD	Bloomfield River Airport		-15.873600	145.330002
BFD	KBFD	Bradford Regional Airport	Bradford	41.803101	-78.640099
BFE	EDLI	Bielefeld Airport	Bielefeld	51.964722	8.544444
BFF	KBFF	Western Neb. Rgnl/William B. Heilig Airport	Scottsbluff	41.874001	-103.596001
BFG	KU07	Bullfrog Basin Airport	Bullfrog	37.547827	-110.712898
BFH	SBBI	Bacacheri Airport	Curitiba	-25.405100	-49.231998
BFI	KBFI	King County International Airport - Boeing Field	Seattle	47.527042	-122.299950
BFJ	ZUBJ	Bijie Feixiong Airport	Bijie	27.267066	105.472097
BFK	KBKF	Buckley Space Force Base	Aurora	39.701698	-104.751999
BFL	KBFL	Meadows Field	Bakersfield	35.433601	-119.056999
BFM	KBFM	Mobile Downtown Airport	Mobile	30.626801	-88.068100
BFN	FABL	Bram Fischer International Airport	Bloemfontein	-29.092699	26.302401
BFO	FVCZ	Buffalo Range Airport	Chiredzi	-21.008101	31.578600
BFP	KBVI	Beaver County Airport	Beaver Falls	40.772499	-80.391403
BFQ	MPPI	Bahia Piña Airport	Puerto Piña	7.587370	-78.179939
BFR	KBFR	Virgil I Grissom Municipal Airport	Bedford	38.840000	-86.445396
BFS	EGAA	Belfast International Airport	Belfast	54.657501	-6.215830
BFT	KARW	Beaufort Executive Airport	Beaufort	32.412201	-80.634399
BFU	ZSBB	Bengbu Renheji Airport	Bengbu	32.847733	117.320244
BFV	VTUO	Buri Ram Airport	Buriram	15.229500	103.252998
BFW	DAOS	Sidi Bel Abbes Airport	Sidi Bel Abbès	35.171799	-0.593275
BFX	FKKU	Bafoussam Airport	Bafoussam	5.536920	10.354600
BFY	ZSBA	Bengbu Tenghu Airport	Bengbu	33.166292	117.058344
BGA	SKBG	Palonegro Airport	Bucaramanga	7.126500	-73.184800
BGB	FOGB	Booue Airport	Booue	-0.107500	11.943800
BGC	LPBG	Bragança Airport	Bragança	41.857800	-6.707130
BGD	KBGD	Hutchinson County Airport	Borger	35.700901	-101.393997
BGE	KBGE	Decatur County Industrial Air Park	Bainbridge	30.971500	-84.637398
BGF	FEFF	Bangui M'Poko International Airport	Bangui	4.398480	18.518801
BGG	LTCU	Bingöl Airport	Bingöl	38.860131	40.594489
BGH	GQNE	Abbaye Airport	Boghe	16.633314	-14.200001
BGI	TBPB	Grantley Adams International Airport	Bridgetown	13.074667	-59.491034
BGJ	BIBF	Borgarfjörður eystri Airport	Borgarfjörður eystri	65.516769	-13.815780
BGK	MZBG	Big Creek Airport	Big Creek	16.519369	-88.407913
BGL	VNBL	Baglung Airport	Baglung	28.212799	83.666298
BGM	KBGM	Greater Binghamton/Edwin A Link field	Binghamton	42.208698	-75.979797
BGN	UESG	Belaya Gora Airport	Belaya Gora	68.556227	146.227840
BGO	ENBR	Bergen Airport, Flesland	Bergen	60.293400	5.218140
BGQ	PAGQ	Big Lake Airport	Big Lake	61.534658	-149.812936
BGR	KBGR	Bangor International Airport	Bangor	44.806364	-68.826668
BGS	UNKB	Boguchany Airport	Boguchany	58.380615	97.472336
BGT	KE51	Bagdad Airport	Bagdad	34.592796	-113.171993
BGU	FEFG	Bangassou Airport	Bangassou	4.785000	22.781000
BGV	SSBG	Aeroclube de Bento Gonçalves Airport	Bento Gonçalves	-29.147424	-51.540791
BGW	ORBI	Baghdad International Airport / New Al Muthana Air Base	Baghdad	33.262501	44.234600
BGX	SBBG	Comandante Gustavo Kraemer Airport	Bagé	-31.390499	-54.112202
BGY	LIME	Il Caravaggio International Airport	Orio al Serio (BG)	45.669362	9.708851
BHA	SESV	Los Perales Airport	Bahía de Caraquez	-0.608111	-80.402702
BHB	KBHB	Hancock County-Bar Harbor Airport	Bar Harbor	44.450001	-68.361504
BHC	PK-BHC	Bhurban Heliport	Bhurban	33.960999	73.452003
BHD	EGAC	George Best Belfast City Airport	Belfast	54.618099	-5.872500
BHE	NZWB	Woodbourne Airport	Blenheim	-41.518299	173.869995
BHF	SKCP	Cupica Airport	Bahía Solano	6.694817	-77.493643
BHG	MHBL	Brus Laguna Airport	Brus Laguna	15.763100	-84.543602
BHH	OEBH	Bisha Airport	Bisha	19.984400	42.620899
BHI	SAZB	Comandante Espora Airport	Bahía Blanca	-38.725000	-62.169300
BHJ	VABJ	Bhuj Airport	Bhuj	23.287800	69.670197
BHK	UZSB	Bukhara International Airport	Bukhara	39.775319	64.482279
BHL	BHL	Bahía de los Ángeles Airport	Ensenada	28.978600	-113.560997
BHM	KBHM	Birmingham-Shuttlesworth International Airport	Birmingham	33.562877	-86.750712
BHN	OYBN	Beihan Airport	Beihan	14.781714	45.719703
BHO	VABP	Raja Bhoj International Airport	Bhopal	23.287500	77.337402
BHP	VNBJ	Bhojpur Airport	Bhojpur	27.147400	87.050797
BHQ	YBHI	Broken Hill Airport	Broken Hill	-32.001400	141.472000
BHR	VNBP	Bharatpur Airport	Bharatpur	27.678101	84.429398
BHS	YBTH	Bathurst Airport	Bathurst	-33.406817	149.651161
BHT	BHT	Brighton Downs Airport	Brighton Downs	-23.365763	141.562947
BHU	VABV	Bhavnagar Airport	Bhavnagar	21.752199	72.185204
BHV	OPBW	Bahawalpur Airport	Bahawalpur	29.348101	71.718002
BHW	OPBG	Bhagatanwala Airport	Bhagatanwala	32.056099	72.948402
BHX	EGBB	Birmingham Airport	Birmingham, West Midlands	52.453899	-1.748030
BHY	ZGBH	Beihai Fucheng Airport	Beihai	21.538659	109.293683
BIA	LFKB	Bastia-Poretta International airport	Bastia	42.552700	9.483730
BIB	HCMB	Baidoa Airport	Baidoa	3.101920	43.627137
BIC	LFEA	Aérodrome de Belle Île	Bangor	47.325256	-3.201255
BID	KBID	Block Island State Airport	Block Island	41.168446	-71.578631
BIE	KBIE	Beatrice Municipal Airport	Beatrice	40.301300	-96.754097
BIF	KBIF	Biggs Army Air Field (Fort Bliss)	Fort Bliss/El Paso	31.849501	-106.379997
BIG	PABI	Allen Army Airfield	Delta Junction Ft Greely	63.994499	-145.722000
BIH	KBIH	Eastern Sierra Regional Airport	Bishop	37.373100	-118.363998
BII	MH-BII	Bikini Atoll Airport	Bikini Atoll	11.522499	165.565127
BIJ	PG-0108	Biliau Airport		-5.577463	146.334010
BIK	WABB	Frans Kaisiepo Airport	Biak	-1.190020	136.108002
BIL	KBIL	Billings Logan International Airport	Billings	45.808932	-108.541242
BIM	MYBS	South Bimini Airport	South Bimini	25.699900	-79.264702
BIN	OABN	Bamyan Airport	Bamyan	34.808916	67.816629
BIO	LEBB	Bilbao Airport	Bilbao	43.301102	-2.910610
BIP	YBWM	Bulimba Airport		-16.880800	143.479004
BIQ	LFBZ	Biarritz Pays Basque airport	Biarritz	43.468372	-1.523223
BIR	VNVT	Biratnagar Airport	Biratnagar	26.481501	87.264000
BIS	KBIS	Bismarck Municipal Airport	Bismarck	46.772734	-100.746874
BIT	VNBT	Baitadi Airport	Baitadi	29.463421	80.548968
BIU	BIBD	Bildudalur Airport	Bildudalur	65.641296	-23.546200
BIV	FEFR	Bria Airport	Bria	6.527780	21.989401
BIW	YBIL	Billiluna Airport		-19.566700	127.667000
BIX	KBIX	Keesler Air Force Base	Biloxi	30.410400	-88.924400
BIY	FABE	Bisho Airport	Bisho	-32.897099	27.279100
BIZ	PG-0115	Bimin Airport	Bimin	-5.289378	142.014039
BJA	DAAE	Soummam–Abane Ramdane Airport	Béjaïa	36.712547	5.069909
BJB	OIMN	Bojnord Airport	Bojnord	37.493000	57.308201
BJC	KBJC	Rocky Mountain Metropolitan Airport	Denver	39.908798	-105.116997
BJE	BJE	Baleela Airport	Baleela Base Camp	11.199444	28.523056
BJF	ENBS	Båtsfjord Airport	Båtsfjord	70.600250	29.692612
BJH	VNBG	Bajhang Airport	Bajhang	29.539000	81.185402
BJI	KBJI	Bemidji Regional Airport	Bemidji	47.509399	-94.933701
BJJ	KBJJ	Wayne County Airport	Wooster	40.874802	-81.888298
BJK	WAPK	Benjina Airport	Maikoor Island	-6.066130	134.273971
BJL	GBYD	Banjul International Airport	Banjul (Yundum)	13.338000	-16.652201
BJM	HBBA	Bujumbura Melchior Ndadaye International Airport	Bujumbura	-3.324020	29.318501
BJO	SLBJ	Bermejo Airport	Bermejo	-22.773300	-64.312897
BJP	SBBP	Estadual Arthur Siqueira Airport	Bragança Paulista	-22.978822	-46.537131
BJQ	BJQ	Bahja Airport	Bahja	19.873056	56.067778
BJR	HABD	Bahir Dar Airport	Bahir Dar	11.608100	37.321602
BJU	VNBR	Bajura Airport	Bajura	29.502001	81.668999
BJV	LTFE	Milas Bodrum International Airport	Bodrum	37.249314	27.664010
BJW	WATB	Bajawa Soa (Turelelo) Airport	Soa, Ngada	-8.707770	121.058243
BJX	MMLO	Guanajuato International Airport	Silao	20.992695	-101.480284
BJY	LYBT	Batajnica Air Base	Zemun	44.935299	20.257500
BJZ	LEBZ	Badajoz Airport	Badajoz	38.891300	-6.821330
BKA	UNIB	Baykit Airport	Baykit	61.676701	96.355003
BKB	VIBK	Nal Airport	Bikaner	28.070601	73.207199
BKC	PABL	Buckland Airport	Buckland	65.981598	-161.149002
BKD	KBKD	Stephens County Airport	Breckenridge	32.719002	-98.890999
BKE	KBKE	Baker City Municipal Airport	Baker City	44.837299	-117.808998
BKG	KBBG	Branson Airport	Branson	36.532082	-93.200544
BKH	PHBK	Barking Sands Airport	Kekaha	22.022800	-159.785004
BKI	WBKK	Kota Kinabalu International Airport	Kota Kinabalu	5.932743	116.049324
BKJ	GUOK	Boké Baralande Airport	Boké	10.965800	-14.281100
BKK	VTBS	Suvarnabhumi Airport	Bangkok	13.681100	100.747002
BKL	KBKL	Burke Lakefront Airport	Cleveland	41.517502	-81.683296
BKM	WBGQ	Bakalalan Airport	Bakalalan	3.974000	115.617996
BKN	UTAN	Balkanabat International Airport	Balkanabat	39.681052	54.206008
BKO	GABS	Modibo Keita International Airport	Bamako	12.533500	-7.949940
BKP	YBAW	Barkly Downs Airport		-20.495833	138.474722
BKQ	YBCK	Blackall Airport	Blackall	-24.431678	145.429716
BKR	FTTK	Bokoro Airport	Bokoro	12.385511	17.070989
BKS	WIGG	Fatmawati Soekarno Airport	Bengkulu	-3.863700	102.338997
BKT	KBKT	Allen C Perkinson Blackstone Army Air Field	Blackstone	37.074200	-77.957497
BKU	FMSV	Betioky Airport	Betioky	-23.733000	44.389000
BKV	CN-0414	Bailing Airport	Bailingmiao	41.656944	110.312500
BKW	KBKW	Raleigh County Memorial Airport	Beaver	37.787300	-81.124199
BKX	KBKX	Brookings Regional Airport	Brookings	44.304798	-96.816902
BKY	FZMA	Bukavu Kavumu Airport	Kamakombe	-2.308980	28.808800
BKZ	HTBU	Bukoba Airport	Bukoba	-1.332000	31.821200
BLA	SVBC	General José Antonio Anzoategui International Airport	Barcelona	10.111111	-64.692222
BLB	MPPA	Panamá Pacífico International Airport	Panamá City	8.914790	-79.599602
BLC	FKKG	Bali Airport	Bali	5.895278	10.033889
BLD	KBVU	Boulder City Municipal Airport	Boulder City	35.947161	-114.858799
BLE	ESSD	Dala Airport	Borlange	60.422001	15.515200
BLF	KBLF	Mercer County Airport	Bluefield	37.295799	-81.207703
BLG	WBGC	Belaga Airport	Belaga	2.652143	113.767043
BLH	KBLH	Blythe Airport	Blythe	33.619202	-114.717003
BLI	KBLI	Bellingham International Airport	Bellingham	48.792801	-122.538002
BLJ	DABT	Batna Mostefa Ben Boulaid Airport	Batna	35.752102	6.308590
BLK	EGNH	Blackpool Airport	Blackpool	53.771702	-3.028610
BLL	EKBI	Billund Airport	Billund	55.740335	9.157019
BLM	KBLM	Monmouth Executive Airport	Belmar/Farmingdale	40.186901	-74.124901
BLN	YBLA	Benalla Airport	Benalla	-36.551899	146.007004
BLO	BIBL	Blönduós Airport	Blönduós	65.644997	-20.287500
BLP	PE-0056	Huallaga Airport	Bellavista	-7.060560	-76.582199
BLQ	LIPE	Bologna Guglielmo Marconi Airport	Bologna	44.535400	11.288700
BLR	VOBL	Kempegowda International Airport Bengaluru	Bengaluru	13.197900	77.706299
BLS	YBLL	Bollon Airport		-28.051247	147.481799
BLT	YBTR	Blackwater Airport		-23.603100	148.807007
BLU	KBLU	Blue Canyon Nyack Airport	Emigrant Gap	39.275002	-120.709999
BLV	KBLV	Scott AFB/Midamerica Airport	Belleville	38.545200	-89.835197
BLW	HCMN	Beledweyne Airport	Beledweyne	4.766976	45.238800
BLX	LIDB	Belluno Arturo dell'Oro Airport	Belluno (BL)	46.166549	12.250389
BLY	EIBT	Belmullet Aerodrome	Belmullet	54.222801	-10.030800
BLZ	FWCL	Chileka International Airport	Blantyre	-15.677189	34.972319
BMA	ESSB	Stockholm-Bromma Airport	Stockholm	59.354401	17.941700
BMB	FZFU	Bumba Airport	Bumba	2.183261	22.479572
BMC	KBMC	Brigham City Regional Airport	Brigham City	41.552399	-112.061996
BMD	FMML	Belo sur Tsiribihina Airport	Belo sur Tsiribihina	-19.686701	44.541901
BME	YBRM	Broome International Airport	Broome	-17.949194	122.228300
BMF	FEGM	Bakouma Airport	Bakouma	5.694000	22.801001
BMG	KBMG	Monroe County Airport	Bloomington	39.146000	-86.616699
BMH	AYBO	Bomai Airport	Bomai	-6.373167	144.637000
BMI	KBMI	Central Illinois Regional Airport at Bloomington-Normal	Bloomington/Normal	40.477100	-88.915901
BMJ	SYBR	Baramita Airport	Baramita	7.371096	-60.489260
BMK	EDWR	Borkum Airport	Borkum	53.596390	6.709167
BML	KBML	Berlin Regional Airport	Berlin	44.575401	-71.175903
BMM	FOOB	Bitam Airport	Bitam	2.075640	11.493200
BMN	ORBB	Bamarni Airport	Bamarni	37.098801	43.266602
BMO	VYBM	Banmaw Airport	Banmaw	24.270440	97.247600
BMP	YBPI	Brampton Island Airport		-20.804633	149.279931
BMQ	BMQ	Bamburi Airport	Bamburi	-3.981380	39.731120
BMR	EDWZ	Baltrum Airport	Baltrum	53.724850	7.373257
BMS	SSXH	Sócrates Mariani Bittencourt Airport	Brumado	-14.255400	-41.817501
BMT	KBMT	Beaumont Municipal Airport	Beaumont	30.070635	-94.215746
BMU	WADB	Sultan Muhammad Salahuddin Airport	Bima	-8.537184	118.685002
BMV	VVBM	Buon Ma Thuot Airport	Buon Ma Thuot	12.668300	108.120003
BMW	DATM	Bordj Badji Mokhtar Airport	Bordj Badji Mokhtar	21.377800	0.926980
BMX	PABM	Big Mountain Airport	Big Mountain	59.362274	-155.260148
BMY	NWWC	Île Art - Waala Airport	Waala	-19.720521	163.661077
BMZ	AYBF	Bamu Airport	Bamu	-7.848500	143.243300
BNA	KBNA	Nashville International Airport	Nashville	36.124500	-86.678200
BNB	FZGN	Boende Airport	Boende	-0.286652	20.883551
BNC	FZNP	Beni Airport	Beni	0.575000	29.473900
BND	OIKB	Bandar Abbas International Airport	Bandar Abbas	27.218300	56.377800
BNE	YBBN	Brisbane International Airport	Brisbane	-27.384199	153.117004
BNG	KBNG	Banning Municipal Airport	Banning	33.922548	-116.850672
BNI	DNBE	Benin Airport	Benin	6.316980	5.599500
BNK	YBNA	Ballina Byron Gateway Airport	Ballina	-28.833236	153.561471
BNL	KBNL	Barnwell Regional Airport	Barnwell	33.257801	-81.388298
BNM	AYBD	Bodinumu Airport	Bodinumu	-9.107778	147.666722
BNN	ENBN	Brønnøysund Airport, Brønnøy	Brønnøy	65.461098	12.217500
BNO	KBNO	Burns Municipal Airport	Burns	43.590463	-118.955154
BNP	OPBN	Bannu Airport	Bannu	32.972900	70.527901
BNR	DFOB	Banfora Airport	Banfora	10.688861	-4.727726
BNS	SVBI	Barinas Airport	Barinas	8.615000	-70.214167
BNT	AYDI	Bundi Airport	Bundi	-5.742222	145.227500
BNU	SSBL	Blumenau Airport	Blumenau	-26.831661	-49.093569
BNV	BNV	Boana Airport	Boana	-6.426631	146.826697
BNW	KBNW	Boone Municipal Airport	Boone	42.049599	-93.847603
BNX	LQBK	Banja Luka International Airport	Mahovljani	44.941399	17.297501
BNY	AGGB	Bellona/Anua Airport	Anua	-11.302222	159.798333
BOA	FZAJ	Boma Airport	Boma	-5.854000	13.064000
BOB	NTTB	Bora Bora Airport	Motu Mute	-16.444401	-151.751007
BOC	MPBO	Bocas del Toro "Isla Colón" International Airport	Isla Colón	9.340850	-82.250801
BOD	LFBD	Bordeaux–Mérignac Airport	Bordeaux	44.828650	-0.715356
BOE	FCOB	Boundji Airport	Boundji	-1.031040	15.336009
BOG	SKBO	El Dorado International Airport	Bogota	4.701590	-74.146900
BOH	EGHH	Bournemouth Airport	Bournemouth	50.780483	-1.839576
BOI	KBOI	Boise Air Terminal/Gowen Field	Boise	43.564400	-116.223000
BOJ	LBBG	Burgas Airport	Burgas	42.569917	27.515173
BOK	KBOK	Brookings Airport	Brookings	42.074600	-124.290001
BOM	VABB	Chhatrapati Shivaji Maharaj International Airport	Mumbai	19.088699	72.867897
BON	TNCB	Flamingo International Airport	Kralendijk	12.131000	-68.268501
BOO	ENBO	Bodø Airport	Bodø	67.269203	14.365300
BOP	FEFO	Bouar Airport	Bouar	5.958000	15.637000
BOR	VLBK	Bokeo International Airport	Ton Phueng	20.323986	100.165392
BOS	KBOS	Boston Logan International Airport	Boston	42.361970	-71.007900
BOT	AYET	Bosset Airport	Bosset	-7.237257	141.106322
BOU	LFLD	Bourges airport	Bourges	47.060158	2.369633
BOV	BOV	Boang Airport	Boang Island	-3.383400	153.281200
BOW	KBOW	Bartow Executive Airport	Bartow	27.943399	-81.783401
BOX	YBRL	Borroloola Airport		-16.075300	136.302002
BOY	DFOO	Bobo Dioulasso Airport	Bobo Dioulasso	11.160100	-4.330970
BOZ	FEGZ	Bozoum Airport	Bozoum	6.344170	16.321899
BPA	RPVW	Borongan Airport	Borongan City	11.674262	125.479259
BPC	FKKV	Bamenda Airport	Bamenda	6.039240	10.122600
BPD	AYBP	Bapi Airstrip	Bapi	-7.743611	147.020556
BPE	ZBDH	Qinhuangdao Beidaihe Airport	Qinhuangdao (Changli)	39.666384	119.061384
BPF	AGBT	Batuna Aerodrome	Batuna Mission Station	-8.562028	158.119306
BPG	SBBW	Barra do Garças Airport	Barra do Garças	-15.861417	-52.389008
BPH	RPMF	Bislig Airport	Bislig	8.195052	126.321015
BPI	KBPI	Miley Memorial Field	Big Piney	42.585098	-110.111000
BPK	AYBQ	Biangabip Airport	Biangabip	-5.526389	141.744583
BPL	ZWBL	Bole Alashankou Airport	Bole	44.895461	82.300070
BPM	VOHY	Begumpet Airport	Hyderabad	17.453100	78.467598
BPN	WALL	Sultan Aji Muhammad Sulaiman Sepinggan International Airport	Balikpapan	-1.268342	116.894520
BPS	SBPS	Porto Seguro International Airport	Porto Seguro	-16.438426	-39.080584
BPT	KBPT	Jack Brooks Regional Airport	Beaumont/Port Arthur	29.950800	-94.020699
BPX	ZUBD	Qamdo Bangda Airport	Bangda	30.553600	97.108299
BPY	FMNQ	Besalampy Airport	Besalampy	-16.744530	44.482484
BQA	RPUR	Dr. Juan C. Angara Airport	Baler	15.729309	121.500034
BQB	YBLN	Busselton Margaret River Regional Airport	Busselton	-33.687222	115.400278
BQE	GGBU	Bubaque Airport	Bubaque	11.297356	-15.838079
BQG	UHNB	Bogorodskoye Airport	Bogorodskoye	52.381041	140.449378
BQH	EGKB	London Biggin Hill Airport	London	51.330799	0.032500
BQI	NA-0012	Bagani Airport	Bagani	-18.118480	21.623296
BQJ	UEBB	Batagay Airport	Batagay	67.648003	134.695007
BQK	KBQK	Brunswick Golden Isles Airport	Brunswick	31.258801	-81.466499
BQL	YBOU	Boulia Airport		-22.913300	139.899994
BQN	TJBQ	Rafael Hernández International Airport	Aguadilla	18.494900	-67.129402
BQO	DIBN	Bouna Airport	Bouna	9.255556	-3.033333
BQQ	SNBX	Barra Airport	Barra	-11.080800	-43.147499
BQR	WAFQ	Maulana Prins Mandapar Airstrip	Kendek	-1.548841	123.554133
BQS	UHBB	Ignatyevo Airport	Blagoveschensk	50.426723	127.415502
BQT	UMBB	Brest International Airport	Brest	52.108138	23.896760
BQU	TVSB	J F Mitchell Airport	Bequia	12.988400	-61.262001
BQW	YBGO	Balgo Hill Airport	Balgo	-20.148333	127.973889
BRA	SNBR	Dom Ricardo Weberberger Airport	Barreiras	-12.078900	-45.008999
BRB	SSRS	Barreirinhas National Airport	Barreirinhas	-2.756644	-42.803187
BRC	SAZS	Teniente Luis Candelaria International Airport	San Carlos de Bariloche	-41.151199	-71.157501
BRD	KBRD	Brainerd Lakes Regional Airport	Brainerd	46.402861	-94.129727
BRE	EDDW	Bremen Airport	Bremen	53.046786	8.789320
BRG	WAMO	Siau/Sitaro Airport	Balirangen	2.648591	125.423301
BRH	PG-0107	Brahman Airstrip	Brahman Mission	-5.741032	145.378518
BRI	LIBD	Bari Karol Wojtyła International Airport	Bari	41.138901	16.760599
BRK	YBKE	Bourke Airport		-30.039200	145.951996
BRL	KBRL	Southeast Iowa Regional Airport	Burlington	40.783199	-91.125504
BRM	SVBM	Jacinto Lara International Airport	Barquisimeto	10.042747	-69.358620
BRN	LSZB	Bern Airport	Bern	46.912736	7.498819
BRO	KBRO	Brownsville South Padre Island International Airport	Brownsville	25.907238	-97.425235
BRP	AYBR	Biaru Airport	Biaru	-7.669300	146.759400
BRQ	LKTB	Brno-Tuřany Airport	Brno	49.151276	16.693972
BRR	EGPR	Barra Airport	Eoligarry	57.022800	-7.443060
BRS	EGGD	Bristol Airport	Bristol	51.382326	-2.716453
BRT	YBTI	Bathurst Island Airport	Wurrumiyanga	-11.764966	130.615774
BRU	EBBR	Brussels Airport	Zaventem	50.901402	4.484440
BRW	PABR	Wiley Post Will Rogers Memorial Airport	Utqiaġvik	71.285402	-156.766008
BRX	MDBH	Maria Montez International Airport	Barahona	18.251499	-71.120399
BRY	KBRY	Samuels Field	Bardstown	37.814301	-85.499603
BSA	HCMF	Bender Qassim International Airport	Bosaso	11.275235	49.139231
BSB	SBBR	Presidente Juscelino Kubitschek International Airport	Brasília	-15.869167	-47.920834
BSC	SKBS	José Celestino Mutis Airport	Bahía Solano	6.202920	-77.394700
BSD	ZPBS	Baoshan Yunrui Airport	Baoshan (Longyang)	25.053301	99.168297
BSE	WBGN	Sematan Airport	Sematan	1.812678	109.765391
BSF	PHSF	Bradshaw Army Airfield	Waimea (Kamuela)	19.760099	-155.554001
BSG	FGBT	Bata International Airport	Bata	1.905470	9.805680
BSI	RPLE	Balesin Island Airport	Balesin	14.418624	122.039230
BSJ	YBNS	Bairnsdale Airport	Bairnsdale	-37.887539	147.569379
BSK	DAUB	Biskra - Mohamed Khider Airport	Biskra	34.793180	5.738899
BSL	LFSB	EuroAirport Basel–Mulhouse–Freiburg	Bâle / Mulhouse	47.600680	7.521117
BSM	OINJ	Bishe Kola Air Base	Amol	36.655102	52.349602
BSN	FEFS	Bossangoa Airport	Bossangoa	6.492000	17.429001
BSO	RPUO	Basco Airport	Basco	20.451300	121.980003
BSP	AYBH	Bensbach Airport	Bensbach	-8.858056	141.259444
BSQ	KP04	Bisbee Municipal Airport	Bisbee	31.364000	-109.883003
BSR	ORMM	Basra International Airport	Basra	30.549101	47.662102
BSS	SNBS	Balsas Airport	Balsas	-7.525305	-46.053364
BST	OABT	Bost Airport	Lashkar Gah	31.559700	64.364998
BSU	FZEN	Basankusu Airport	Basankusu	1.224789	19.788097
BSV	BSV	Besakoa Airport	Besakoa	-15.672500	47.061667
BSW	AK97	Boswell Bay Airport	Boswell Bay	60.423100	-146.145996
BSX	VYPN	Pathein Airport	Pathein	16.815201	94.779900
BSY	HCMD	Baardheere Airport	Baardheere	2.330195	42.311802
BSZ	UCFM	Manas International Airport	Bishkek	43.061298	74.477600
BTA	FKKO	Bertoua Airport	Bertoua	4.548610	13.726100
BTB	FCOT	Betou Airport	Betou	3.057593	18.514433
BTC	VCCB	Batticaloa International Airport	Batticaloa	7.705073	81.677163
BTD	YBRU	Brunette Downs Airport		-18.637472	135.938355
BTF	KBTF	Skypark Airport	Bountiful	40.869400	-111.927002
BTG	FEGF	Batangafo Airport	Batangafo	7.314110	18.308800
BTH	WIDD	Hang Nadim International Airport	Batam	1.121030	104.119003
BTI	PABA	Barter Island Long Range Radar Station Airport	Barter Island	70.134003	-143.582001
BTJ	WITT	Sultan Iskandar Muda International Airport	Banda Aceh	5.525087	95.419970
BTK	UIBB	Bratsk Airport	Bratsk	56.369600	101.701822
BTL	KBTL	Battle Creek Executive Airport at Kellogg Field	Battle Creek	42.307301	-85.251503
BTM	KBTM	Bert Mooney Airport	Butte	45.954800	-112.497002
BTN	KBBP	Marlboro County Jetport - H E Avent Field Airport	Bennettsville	34.621700	-79.734398
BTO	GY-BTO	Botopasi Airport	Botopasi	4.217511	-55.447054
BTP	KBTP	Pittsburgh/Butler Regional Airport	Butler	40.776901	-79.949699
BTQ	HRYI	Butare Airport	Butare	-2.595830	29.736700
BTR	KBTR	Baton Rouge Metropolitan Airport	Baton Rouge	30.533199	-91.149597
BTS	LZIB	M. R. Štefánik Airport	Bratislava	48.170200	17.212700
BTT	PABT	Bettles Airport	Bettles	66.913902	-151.529007
BTU	WBGB	Bintulu Airport	Bintulu	3.123850	113.019997
BTV	KBTV	Patrick Leahy Burlington International Airport	Burlington	44.471901	-73.153297
BTW	WAOC	Bersujud Airport	Batu Licin	-3.412410	115.995003
BTX	YBEO	Betoota Airport		-25.694791	140.738339
BTY	KBTY	Beatty Airport	Beatty	36.861099	-116.787003
BTZ	VTSY	Betong International Airport	Betong	5.790000	101.150000
BUA	AYBK	Buka Airport	Buka Island	-5.422299	154.672698
BUB	KBUB	Cram Field	Burwell	41.776699	-99.149696
BUC	YBKT	Burketown Airport		-17.748600	139.533997
BUD	LHBP	Budapest Liszt Ferenc International Airport	Budapest	47.430180	19.262393
BUF	KBUF	Buffalo Niagara International Airport	Buffalo	42.940498	-78.732201
BUG	FNBG	Benguela Airport	Benguela	-12.609000	13.403700
BUI	WAVB	Bokondini Airport	Bokondini	-3.684550	138.677437
BUJ	DAAD	Bou Saada Airport	Ouled Sidi Brahim	35.332500	4.206390
BUK	OYBQ	Al-Bough Airport	Al-Bough	17.350352	44.625542
BUL	AYBU	Bulolo Airport	Bulolo	-7.216287	146.649542
BUM	KBUM	Butler Memorial Airport	Butler	38.289799	-94.340103
BUN	SKBU	Gerardo Tobar López Airport	Buenaventura	3.819630	-76.989800
BUO	HCMV	Burao Airport	Burao	9.527500	45.554900
BUP	VIBT	Bhatinda Air Force Station		30.270100	74.755798
BUQ	FVJN	Joshua Mqabuko Nkomo International Airport	Bulawayo	-20.016284	28.622897
BUR	KBUR	Hollywood Burbank/Bob Hope Airport	Burbank	34.202834	-118.358050
BUS	UGSB	Alexander Kartveli Batumi International Airport	Batumi	41.609390	41.600315
BUT	VQBT	Bathpalathang Airport	Jakar	27.562200	90.747100
BUU	WIJB	Muara Bungo Airport	Muara Bungo	-1.541635	102.181613
BUV	SUBU	Placeres Airport	Bella Union	-30.319807	-57.558823
BUW	WAWB	Betoambari Airport	Bau Bau	-5.486037	122.569823
BUX	FZKA	Bunia Airport	Bunia	1.565743	30.220685
BUY	YBUN	Bunbury Airport		-33.378056	115.676944
BUZ	OIBB	Bushehr Airport	Bushehr	28.944799	50.834599
BVA	LFOB	Beauvais-Tillé airport	Beauvais	49.454399	2.112780
BVB	SBBV	Atlas Brasil Cantanhede International Airport	Boa Vista	2.846150	-60.690648
BVC	GVBA	Aristides Pereira International Airport	Rabil	16.136499	-22.888901
BVE	LFSL	Brive Souillac airport	Brive	45.039722	1.485556
BVG	ENBV	Berlevåg Airport	Berlevåg	70.871517	29.034097
BVH	SBVH	Brigadeiro Camarão Airport	Vilhena	-12.694400	-60.098301
BVI	YBDV	Birdsville Airport		-25.897499	139.348007
BVJ	USDB	Bovanenkovo Airport	Bovanenkovo	70.315278	68.333611
BVK	SLHJ	Huacaraje Airport	Itenes	-13.605556	-63.879444
BVL	BO-BVL	Baures Airport	Baures	-13.654426	-63.704718
BVM	SD6P	Belmonte Airport	Belmonte	-15.871700	-38.871899
BVO	KBVO	Bartlesville Municipal Airport	Bartlesville	36.762501	-96.011200
BVS	SNVS	Breves Airport	Breves	-1.636530	-50.443600
BVU	PABG	Beluga Airport	Beluga	61.172199	-151.044006
BVV	UHSB	Burevestnik Airport	Kurilsk	44.919998	147.621994
BVW	YBTV	Batavia Downs Airport		-12.659200	142.675003
BVX	KBVX	Batesville Regional Airport	Batesville	35.726200	-91.647301
BVY	KBVY	Beverly Regional Airport	Beverly / Danvers	42.584202	-70.916496
BVZ	YBYS	Beverley Springs Airport	Wunaamin Miliwundi Ranges	-16.732756	125.439105
BWA	VNBW	Gautam Buddha International Airport	Siddharthanagar (Bhairahawa)	27.504636	83.410381
BWB	YBWX	Barrow Island Airport		-20.864444	115.406111
BWC	KBWC	Brawley Municipal Airport	Brawley	32.992901	-115.516998
BWD	KBWD	Brownwood Regional Airport	Brownwood	31.793600	-98.956497
BWE	EDVE	Braunschweig-Wolfsburg Airport	Braunschweig	52.319199	10.556100
BWF	EGNL	Barrow Walney Island Airport	Barrow-in-Furness	54.128611	-3.267500
BWG	KBWG	Bowling Green Warren County Regional Airport	Bowling Green	36.964500	-86.419701
BWH	WMKB	RMAF Butterworth Air Base	Butterworth	5.465920	100.390999
BWI	KBWI	Baltimore/Washington International Thurgood Marshall Airport	Baltimore	39.175400	-76.668297
BWJ	BWJ	Bawan Airport		-6.396944	146.881667
BWK	LDSB	Brač Airport	Gornji Humac	43.284454	16.678362
BWL	KBKN	Blackwell Tonkawa Municipal Airport	Blackwell	36.745212	-97.349619
BWM	KBWW	Bowman Regional Airport	Bowman	46.165519	-103.300750
BWN	WBSB	Brunei International Airport	Bandar Seri Begawan	4.944200	114.928001
BWO	UWSB	Balakovo Airport	Balakovo	51.858299	47.745602
BWP	AYBI	Bewani Airport	Bewani	-3.021667	141.165278
BWQ	YBRW	Brewarrina Airport		-29.975792	146.814380
BWT	YWYY	Wynyard Airport	Burnie	-40.997039	145.726000
BWU	YSBK	Sydney Bankstown Airport	Sydney	-33.923618	150.990792
BWW	MUBR	Las Brujas Airport	Cayo Santa Maria	22.621300	-79.147202
BWX	WADY	Banyuwangi Airport	Rogojampi, Banyuwangi	-8.310150	114.340100
BXA	KBXA	George R Carr Memorial Air Field	Bogalusa	30.813700	-89.864998
BXB	WASO	Babo Airport	Babo	-2.532240	133.438995
BXD	WAKE	Bade Airport	Bade	-7.175902	139.583330
BXE	GOTB	Bakel Airport	Bakel	14.847300	-12.468300
BXF	YBEB	Bellburn Airstrip	Pumululu National Park	-17.545000	128.305000
BXG	YBDG	Bendigo Airport		-36.739399	144.330002
BXH	UAAH	Balkhash Airport	Balkhash	46.894246	75.004533
BXI	DIBI	Boundiali Airport	Boundiali	9.540571	-6.469831
BXJ	UAAR	Boralday Airport	Boralday	43.352052	76.883039
BXK	KBXK	Buckeye Municipal Airport	Buckeye	33.422397	-112.686317
BXM	WAJG	Batom Airport	Batom	-4.442687	140.883565
BXN	LTBV	Bodrum-Imsık Airport	Bodrum	37.140099	27.669701
BXO	LSZC	Buochs Airport	Buochs	46.974444	8.396944
BXR	OIKM	Bam Airport	Bam	29.084200	58.450001
BXS	KL08	Borrego Valley Airport	Borrego Springs	33.258999	-116.320999
BXT	WALC	LNG Badak Airport	Bontang-Borneo Island	0.121656	117.476558
BXU	RPME	Bancasi Airport	Butuan	8.951500	125.478800
BXV	BIBV	Breiðdalsvík Airport	Breiðdalsvík	64.790037	-14.043927
BXW	WARW	Harun Thohir Airport	Bawean	-5.723628	112.678889
BXX	SO-BXX	Borama Airport	Borama	9.946300	43.149500
BXY	UAOL	Baikonur Krayniy International Airport	Baikonur	45.621994	63.210773
BXZ	AYNS	Bunsil Airport	Bunsil - Umboi Island	-5.724300	147.866700
BYA	BYA	Boundary Airport	Boundary	64.077678	-141.122088
BYB	OM-0001	Dibba Airport	Dibba al Baya	25.614229	56.244400
BYC	SLYA	Yacuiba Airport	Yacuíba	-21.960899	-63.651699
BYD	OYBI	Al-Bayda Airport	Al-Bayda	14.105974	45.441079
BYF	LFAQ	Albert Bray airport	Albert	49.970049	2.693939
BYG	KBYG	Johnson County Airport	Buffalo	44.381100	-106.722000
BYH	KBYH	Arkansas International Airport	Blytheville	35.964298	-89.944000
BYI	KBYI	Burley Municipal Airport	Burley	42.542599	-113.772003
BYJ	LPBJ	Beja Airport / Airbase	Beja	38.078899	-7.932400
BYK	DIBK	Bouaké Airport	Bouaké	7.738800	-5.073670
BYL	BYL	Bella Yella Airport	Beliyela	7.369167	-9.993722
BYM	MUBY	Carlos Manuel de Cespedes Airport	Bayamo	20.396400	-76.621399
BYN	ZMBH	Bayankhongor Airport	Bayankhongor	46.163300	100.704002
BYO	SBDB	Bonito Airport	Bonito	-21.247300	-56.452399
BYP	YBRY	Barimunya Airport		-22.673889	119.166111
BYR	EKLS	Læsø Airport	Læsø	57.277199	11.000100
BYS	KBYS	Bicycle Lake Army Air Field	Fort Irwin/Barstow	35.280499	-116.629997
BYT	EIBN	Bantry Aerodrome	Bantry	51.677200	-9.487123
BYU	EDQD	Bayreuth Airport	Bindlach	49.985001	11.640000
BYW	38WA	Blakely Island Airport	Blakely Island	48.579162	-122.823844
BYX	AU-BYX	Baniyala Airport	Baniyala	-13.198100	136.227005
BZA	MNBZ	San Pedro Airport	Bonanza	14.031524	-84.624311
BZB	BZB	Bazaruto Island Airport	Bazaruto Island	-21.541100	35.472900
BZC	SBBZ	Umberto Modiano Airport	Cabo Frio	-22.770881	-41.963080
BZD	YBRN	Balranald Airport		-34.624834	143.577114
BZE	MZBZ	Philip S. W. Goldson International Airport	Belize City	17.539951	-88.303556
BZF	O85	Benton Field	Redding	40.574902	-122.407997
BZG	EPBY	Ignacy Jan Paderewski Bydgoszcz Airport	Bydgoszcz	53.096802	17.977699
BZH	FVBM	Bumi Hills Airport	Bumi	-16.816485	28.344786
BZI	LTBF	Balıkesir Airport	Balıkesir	39.619301	27.926001
BZJ	ZSBO	Bozhou Airport (under construction)	Bozhou	33.560777	115.911859
BZK	UUBP	Bryansk International Airport	Bryansk	53.214403	34.175965
BZL	VGBR	Barisal Airport	Barisal	22.801001	90.301201
BZM	BZM	Bemolanga Airport	Bemolanga	-17.692500	45.088833
BZN	KBZN	Bozeman Yellowstone International Airport	Bozeman	45.778853	-111.153711
BZO	LIPB	Bolzano Airport	Bolzano (BZ)	46.459245	11.326125
BZP	YBIZ	Bizant Airport	Lakefield National Park	-14.740278	144.119444
BZR	LFMU	Béziers Vias airport	Béziers	43.323502	3.353900
BZT	2TE0	Eagle Air Park	Brazoria	28.982201	-95.579697
BZU	FZKJ	Buta Zega Airport	Buta	2.818058	24.793997
BZV	FCBB	Maya-Maya International Airport	Brazzaville	-4.251700	15.253000
BZX	ZUBZ	Bazhong Enyang Airport	Bazhong	31.738420	106.644872
BZY	LUBL	Bălți-Leadoveni International Airport	Bălți	47.837666	27.781108
BZZ	EGVN	RAF Brize Norton	Carterton, Oxfordshire	51.750000	-1.583620
CAA	MHGE	El Aguacate Airport	El Aguacate	14.875000	-85.776108
CAB	FNCA	Cabinda Airport	Cabinda	-5.598390	12.188145
CAC	SBCA	Coronel Adalberto Mendes da Silva Airport	Cascavel	-25.000323	-53.501208
CAD	KCAD	Wexford County Airport	Cadillac	44.275749	-85.421534
CAE	KCAE	Columbia Metropolitan Airport	Columbia	33.938172	-81.123022
CAF	SWCA	Carauari Airport	Carauari	-4.871473	-66.897552
CAG	LIEE	Cagliari Elmas Airport	Cagliari	39.251499	9.054280
CAH	VVCM	Cà Mau Airport	Ca Mau City	9.177667	105.177778
CAI	HECA	Cairo International Airport	Cairo	30.111534	31.396694
CAJ	SVCN	Canaima Airport	Canaima	6.231989	-62.854850
CAK	KCAK	Akron Canton Regional Airport	Akron	40.916100	-81.442200
CAL	EGEC	Campbeltown Airport	Campbeltown	55.437199	-5.686390
CAM	SLCA	Camiri Airport	Camiri	-20.006560	-63.527827
CAN	ZGGG	Guangzhou Baiyun International Airport	Guangzhou (Huadu)	23.392401	113.299004
CAO	KCAO	Clayton Municipal Airpark	Clayton	36.446201	-103.167000
CAP	MTCH	Cap Haitien International Airport	Cap Haitien	19.725547	-72.200710
CAQ	SKCU	Juan H White Airport	Caucasia	7.968470	-75.198500
CAR	KCAR	Caribou Municipal Airport	Caribou	46.871498	-68.017899
CAT	LPCS	Cascais Airport	Cascais	38.724998	-9.355230
CAU	SNRU	Caruaru Airport	Caruaru	-8.282390	-36.013500
CAV	FNCZ	Cazombo Airport	Cazombo	-11.893100	22.916239
CAW	SBCP	Bartolomeu Lisandro Airport	Campos dos Goytacazes	-21.698299	-41.301701
CAX	EGNC	Carlisle Lake District Airport	Carlisle, Cumbria	54.937500	-2.809170
CAY	SOCA	Cayenne – Félix Eboué Airport	Matoury	4.819964	-52.361326
CAZ	YCBA	Cobar Airport		-31.538300	145.794006
CBB	SLCB	Jorge Wilsterman International Airport	Cochabamba	-17.421105	-66.177102
CBC	CBC	Cherrabun Airport		-18.917778	125.537778
CBD	VOCX	Car Nicobar Air Force Base	IAF Camp	9.153056	92.819273
CBE	KCBE	Greater Cumberland Regional Airport	Wiley Ford	39.615398	-78.760902
CBF	KCBF	Council Bluffs Municipal Airport	Council Bluffs	41.259201	-95.760597
CBG	EGSC	Cambridge City Airport	Cambridge, Cambridgeshire	52.205002	0.175000
CBH	DAOR	Béchar Boudghene Ben Ali Lotfi Airport	Béchar	31.645700	-2.269860
CBI	YCBN	Cape Barren Island Airport	Cape Barren Island	-40.390537	148.016933
CBJ	MDCR	Cabo Rojo Airport	Cabo Rojo	17.929001	-71.644798
CBK	KCBK	Shalz Field	Colby	39.427502	-101.046997
CBL	SVCB	General Tomas de Heres Airport	Ciudad Bolivar	8.122161	-63.536957
CBM	KCBM	Columbus Air Force Base	Columbus	33.643799	-88.443802
CBN	WICD	Cakrabhuwana  Airport	Cirebon-Java Island	-6.757000	108.538849
CBO	RPMC	Cotabato (Awang) Airport	Datu Odin Sinsuat	7.164753	124.209938
CBQ	DNCA	Margaret Ekpo International Airport	Calabar	4.976020	8.347200
CBR	YSCB	Canberra Airport	Canberra	-35.306900	149.195007
CBS	SVON	Oro Negro Airport	Cabimas	10.330700	-71.322502
CBT	FNCT	Catumbela Airport	Catumbela	-12.479200	13.486900
CBV	MGCB	Coban Airport	Coban	15.469000	-90.406700
CBW	SSKM	Campo Mourão Airport	Campo Mourão	-24.009199	-52.356800
CBX	YCDO	Condobolin Airport		-33.065650	147.213160
CBY	YCBE	Canobie Airport	Canobie	-19.479401	140.927002
CBZ	CN-0218	Binzhou Dagao General Aviation Airport	Binzhou	37.610550	117.885699
CCA	SLHI	Chimore Airport	Chimore	-16.976834	-65.145568
CCB	KCCB	Upland-Cable Airport	Upland	34.111599	-117.688004
CCC	MUCC	Jardines Del Rey Airport	Cayo Coco	22.461000	-78.328400
CCE	HECP	Capital International Airport	New Cairo	30.064650	31.839974
CCF	LFMK	Carcassonne Salvaza Airport	Carcassonne	43.216000	2.306320
CCG	KE13	Crane County Airport	Crane	31.415100	-102.362999
CCH	SCCC	Chile Chico Airport	Chile Chico	-46.583100	-71.686323
CCI	SSCK	Olavo Cecco Rigon Airport	Concórdia	-27.180511	-52.051755
CCJ	VOCL	Calicut International Airport	Calicut	11.135996	75.955152
CCK	YPCC	Cocos (Keeling) Islands Airport	West Island	-12.192218	96.834103
CCL	YCCA	Chinchilla Airport	Chinchilla	-26.771947	150.617571
CCM	SSIM	Forquilhinha - Criciúma  Airport	Criciúma	-28.725743	-49.424475
CCN	OACC	Chaghcharan Airport	Chaghcharan	34.526465	65.271020
CCO	SKCI	Carimagua Airport	Puerto López	4.564170	-71.336400
CCP	SCIE	Carriel Sur International Airport	Concepcion	-36.772350	-73.062828
CCR	KCCR	Buchanan Field	Concord	37.989700	-122.056999
CCS	SVMI	Maiquetía Simón Bolívar International Airport	Maiquetía	10.602214	-66.991174
CCU	VECC	Netaji Subhash Chandra Bose International Airport	Kolkata	22.654012	88.447650
CCV	NVSF	Craig Cove Airport	Craig Cove	-16.264999	167.923996
CCW	YCWL	Cowell Airport		-33.666698	136.891998
CCX	SWKC	Cáceres Airport	Cáceres	-16.043600	-57.629902
CCY	KCCY	Northeast Iowa Regional Airport	Charles City	43.072601	-92.610802
CCZ	MYBC	Chub Cay Airport	Chub Cay	25.417101	-77.880898
CDA	YCOO	Cooinda Airport		-12.903300	132.531998
CDB	PACD	Cold Bay Airport	Cold Bay	55.207871	-162.725029
CDC	KCDC	Cedar City Regional Airport	Cedar City	37.701000	-113.098999
CDD	MHCU	Cauquira Airport	Cauquira	15.316667	-83.591667
CDE	ZBCD	Chengde Puning Airport	Chengde	41.122500	118.073889
CDG	LFPG	Charles de Gaulle International Airport	Paris (Roissy-en-France, Val-d'Oise)	49.008960	2.554117
CDH	KCDH	Harrell Field	Camden	33.622799	-92.763397
CDI	SNKI	Cachoeiro do Itapemirim - Raimundo de Andrade Airport	Cachoeiro do Itapemirim	-20.834299	-41.185600
CDJ	SBAA	Conceição do Araguaia Airport	Conceição do Araguaia	-8.348350	-49.301498
CDK	KCDK	George T Lewis Airport	Cedar Key	29.134095	-83.050783
CDL	AK75	Candle 2 Airport	Candle	65.907700	-161.925995
CDN	KCDN	Woodward Field	Camden	34.283600	-80.564903
CDO	FACD	Cradock Airport	Cradock	-32.156700	25.645599
CDP	VOCP	Kadapa Airport	Kadapa	14.513154	78.769183
CDQ	YCRY	Croydon Airport		-18.225000	142.257996
CDR	KCDR	Chadron Municipal Airport	Chadron	42.837601	-103.095001
CDS	KCDS	Childress Municipal Airport	Childress	34.433800	-100.288002
CDT	LECH	Castellón-Costa Azahar Airport	Castellón de la Plana	40.213889	0.073333
CDU	YSCN	Camden Airport	Cobbitty	-34.038338	150.686406
CDV	PACV	Merle K (Mudhole) Smith Airport	Cordova	60.491798	-145.477997
CDW	KCDW	Essex County Airport	Caldwell	40.875198	-74.281403
CDY	RPMU	Cagayan de Sulu Airport	Mapun	7.014000	118.496002
CEA	KCEA	Cessna Aircraft Field	Wichita	37.648602	-97.250603
CEB	RPVM	Mactan Cebu International Airport	Cebu City/Lapu-Lapu City	10.309261	123.979740
CEC	KCEC	Jack Mc Namara Field Airport	Crescent City	41.778929	-124.236403
CED	YCDU	Ceduna Airport		-32.130600	133.710007
CEE	ULWC	Cherepovets Airport	Cherepovets	59.273602	38.015800
CEF	KCEF	Westover Metropolitan Airport / Westover Air Reserve Base	Chicopee	42.194000	-72.534798
CEG	EGNR	Hawarden Airport	Broughton	53.178101	-2.977780
CEH	FWCD	Chelinda Airfield		-10.557293	33.797109
CEI	VTCT	Mae Fah Luang - Chiang Rai International Airport	Chiang Rai	19.952299	99.882896
CEK	USCC	Kurchatov Chelyabinsk International Airport	Chelyabinsk	55.303141	61.504927
CEL	SSCN	Canela Airport	Canela	-29.370091	-50.831729
CEM	PACE	Central Airport	Central	65.573815	-144.780707
CEN	MMCN	Ciudad Obregón International Airport	Ciudad Obregón	27.392599	-109.833000
CEO	FNWK	Waco Kungo Airport	Waco Kungo	-11.426400	15.101400
CEP	SLCP	Concepción Airport	Concepción	-16.142688	-62.026595
CEQ	LFMD	Cannes Mandelieu Airport	Cannes	43.547998	6.955176
CER	LFRC	Cherbourg Manche airport	Cherbourg	49.650101	-1.470280
CES	YCNK	Cessnock Airport		-32.787498	151.341995
CET	LFOU	Cholet Le Pontreau airfield	Cholet	47.082100	-0.877064
CEU	KCEU	Oconee County Regional Airport	Clemson	34.671902	-82.886498
CEV	KCEV	Mettel Field	Connersville	39.698502	-85.129700
CEW	KCEW	Bob Sikes Airport	Crestview	30.778799	-86.522102
CEX	AK13	Chena Hot Springs Airport	Chena Hot Springs	65.051804	-146.046997
CEY	KCEY	Murray-Calloway County Airport Kyle-Oakley Field	Murray	36.664600	-88.372803
CEZ	KCEZ	Cortez Municipal Airport	Cortez	37.303001	-108.627998
CFB	SBCB	Cabo Frio Airport	Cabo Frio	-22.921485	-42.071874
CFC	SBCD	Doctor Carlos Alberto da Costa Neves Airport	Caçador	-26.787423	-50.939942
CFD	KCFD	Coulter Field	Bryan	30.715700	-96.331398
CFE	LFLC	Clermont-Ferrand Auvergne airport	Clermont-Ferrand	45.786701	3.169170
CFF	FNCF	Cafunfo Airport	Cafunfo	-8.783610	17.989700
CFG	MUCF	Jaime Gonzalez Airport	Cienfuegos	22.150000	-80.414200
CFH	YCFH	Clifton Hills Airport	Clifton Hills	-27.018299	138.891998
CFI	YCFD	Camfield Airport		-17.021700	131.326996
CFK	DAOI	Chlef Aboubakr Belkaid International Airport	Chlef	36.216614	1.341114
CFM	CET2	Conklin (Leismer) Airport	Conklin	55.695301	-111.278999
CFN	EIDL	Donegal Airport	Donegal	55.044201	-8.341000
CFO	SJHG	Confresa Airport	Confresa	-10.633296	-51.565836
CFP	YCPN	Carpentaria Downs Airport	Carpentaria Downs	-18.718481	144.313028
CFQ	CAJ3	Creston Valley Regional Airport - Art Sutcliffe Field	Creston	49.036900	-116.498001
CFR	LFRK	Caen Carpiquet airport	Caen	49.176780	-0.454883
CFS	YCFS	Coffs Harbour Airport	Coffs Harbour	-30.320601	153.115997
CFT	KCFT	Greenlee County Airport	Clifton	32.957039	-109.211397
CFU	LGKR	Corfu Ioannis Kapodistrias International Airport	Kerkyra (Corfu)	39.601450	19.912179
CFV	KCFV	Coffeyville Municipal Airport	Coffeyville	37.094002	-95.571899
CGB	SBCY	Várzea Grande–Marechal Rondon International Airport	Cuiabá	-15.652900	-56.116699
CGC	AYCG	Cape Gloucester Airport	Cape Gloucester	-5.455231	148.422289
CGD	ZGCD	Changde Taohuayuan Airport	Changde (Dingcheng)	28.918900	111.639999
CGE	KCGE	Cambridge Dorchester Airport	Cambridge	38.539299	-76.030403
CGF	KCGF	Cuyahoga County Airport	Cleveland	41.565102	-81.486397
CGG	CGG	Casiguran Airport	Casiguran	16.194100	122.065100
CGH	SBSP	Congonhas–Deputado Freitas Nobre Airport	São Paulo	-23.627657	-46.654601
CGI	KCGI	Cape Girardeau Regional Airport	Cape Girardeau	37.225300	-89.570801
CGJ	FLKE	Kasompe Airport	Chingola	-12.572800	27.893900
CGK	WIII	Soekarno-Hatta International Airport	Jakarta	-6.125570	106.655998
CGL	SPGL	Chagual Airport		-7.797624	-77.651249
CGM	RPMH	Camiguin Airport	Mambajao	9.253894	124.709115
CGN	EDDK	Cologne Bonn Airport	Köln (Cologne)	50.865898	7.142740
CGO	ZHCC	Zhengzhou Xinzheng International Airport	Zhengzhou	34.526497	113.849165
CGP	VGEG	Shah Amanat International Airport	Chattogram (Chittagong)	22.249599	91.813301
CGQ	ZYCC	Changchun Longjia International Airport	Changchun	43.996201	125.684998
CGR	SBCG	Campo Grande Airport	Campo Grande	-20.469998	-54.673988
CGS	KCGS	College Park Airport	College Park	38.980598	-76.922302
CGV	YCAG	Caiguna Airport		-32.280457	125.477943
CGX	FLCU	Chunga Airstrip	Chunga	-15.053957	25.985673
CGY	RPMY	Laguindingan International Airport	Laguindingan	8.612203	124.456496
CGZ	KCGZ	Casa Grande Municipal Airport	Casa Grande	32.954899	-111.766998
CHA	KCHA	Chattanooga Metropolitan Airport (Lovell Field)	Chattanooga	35.035301	-85.203796
CHB	OPCL	Chilas Airport	Chilas	35.426701	74.081703
CHC	NZCH	Christchurch International Airport	Christchurch	-43.489029	172.532065
CHD	SNQU	Mucugê Airport	Mucugê	-13.031200	-41.444099
CHF	RKPE	Jinhae Air Base	Jinhae	35.140248	128.696229
CHG	ZYCY	Chaoyang Airport	Shuangta, Chaoyang	41.538101	120.434998
CHH	SPPY	Chachapoyas Airport	Chachapoyas	-6.201911	-77.856195
CHJ	FVCH	Chipinge Airport	Chipinge	-20.206699	32.628300
CHK	KCHK	Chickasha Municipal Airport	Chickasha	35.097401	-97.967697
CHL	KLLJ	Challis Airport	Challis	44.522999	-114.218002
CHM	SPEO	FAP Lieutenant Jaime Andres de Montreuil Morales Airport	Chimbote	-9.149610	-78.523804
CHN	RKJU	Jeonju (G 703) Air Base	Jeonju	35.878289	127.118940
CHO	KCHO	Charlottesville Albemarle Airport	Charlottesville	38.138599	-78.452904
CHP	CHP	Circle Hot Springs Airport	Circle Hot Springs	65.485497	-144.610992
CHQ	LGSA	Chania International Airport	Souda	35.531207	24.150673
CHR	LFLX	Châteauroux Déols airport	Châteauroux	46.860221	1.728326
CHS	KCHS	Charleston International Airport	Charleston	32.896159	-80.038151
CHT	NZCI	Inia William Tuuta Memorial Airport	Te One	-43.811890	-176.465140
CHU	PACH	Chuathbaluk Airport	Chuathbaluk	61.579102	-159.216003
CHX	MPCH	Changuinola Captain Manuel Niño International Airport	Changuinola	9.458962	-82.515062
CHY	AGGC	Choiseul Bay Airport	Choiseul Bay	-6.711944	156.396111
CHZ	K2S7	Chiloquin State Airport	Chiloquin	42.579440	-121.879063
CIA	LIRA	Ciampino–G. B. Pastine International Airport	Rome	41.798769	12.595331
CIC	KCIC	Chico Regional Airport	Chico	39.795595	-121.857716
CID	KCID	The Eastern Iowa Airport	Cedar Rapids	41.884701	-91.710800
CIE	YCOI	Collie Airport	Collie	-33.366699	116.217003
CIF	ZBCF	Chifeng Yulong Airport	Chifeng	42.159723	118.840971
CIG	KCAG	Craig Moffat Airport	Craig	40.495201	-107.522003
CIH	ZBCZ	Changzhi Wangcun Airport	Changzhi	36.247501	113.125999
CII	LTBD	Aydın Çıldır Airport	Aydın	37.815389	27.887566
CIJ	SLCO	Capitán Aníbal Arab Airport	Cobija	-11.039109	-68.782774
CIK	PACI	Chalkyitsik Airport	Chalkyitsik	66.644997	-143.740005
CIL	K29	Council Airport	Council	64.897903	-163.703003
CIM	SKCM	Cimitarra Airport	Cimitarra	6.367484	-73.970658
CIN	KCIN	Arthur N Neu Airport	Carroll	42.046200	-94.789001
CIO	SGCO	Lieutenant Colonel Carmelo Peralta National Airport	Concepción	-23.441609	-57.427039
CIP	FLCP	Chipata Airport	Chipata	-13.558300	32.587200
CIQ	GT-0001	Chiquimula Airport	Chiquimula	14.830920	-89.520938
CIR	KCIR	Cairo Regional Airport	Cairo	37.064499	-89.219597
CIS	PCIS	Canton Island Airport	Abariringa	-2.768120	-171.710007
CIT	UAII	Shymkent International Airport	Shymkent	42.365021	69.475640
CIU	KCIU	Chippewa County International Airport	Kincheloe	46.242038	-84.462082
CIW	TVSC	Canouan Airport	Canouan	12.699000	-61.342400
CIX	SPHI	Capitán FAP José A. Quiñones González International Airport	Chiclayo	-6.789223	-79.828254
CIY	LICB	Comiso Airport	Comiso	36.995830	14.608890
CIZ	SWKO	Danilson Municipal Airport	Coari	-4.134060	-63.132599
CJA	SPJR	Mayor General FAP Armando Revoredo Iglesias Airport	Cajamarca	-7.139180	-78.489403
CJB	VOCB	Coimbatore International Airport	Coimbatore	11.030000	77.043404
CJC	SCCF	El Loa Airport	Calama	-22.498199	-68.903603
CJD	SK-275	Candilejas Airport	Candilejas	2.066667	-74.583333
CJF	YCWA	Coondewanna Airport	Coondewanna	-22.966667	118.813333
CJH	CAG3	Chilko Lake (Tsylos Park Lodge) Airport	Chilko Lake	51.625797	-124.144478
CJJ	RKTU	Cheongju International Airport/Cheongju Air Base (K-59/G-513)	Cheongju	36.715560	127.500289
CJL	OPCH	Chitral Airport	Chitral	35.886213	71.799922
CJM	VTSE	Chumphon Airport	Chumphon	10.711200	99.361702
CJN	WICN	Nusawiru Airport	Cijulang	-7.719895	108.488995
CJS	MMCS	Abraham González International Airport	Ciudad Juárez	31.636673	-106.428533
CJT	MMCO	San Antonio Copalar Airport	Comitán	16.176701	-92.050598
CJU	RKPC	Jeju International Airport	Jeju City	33.512058	126.492548
CJZ	SJZA	Pedro Vieira Moreira Airport	Cajazeiras	-6.882700	-38.615830
CKA	KCKA	Kegelman AF Aux Field	Cherokee	36.734348	-98.123531
CKB	KCKB	North Central West Virginia Airport	Bridgeport	39.296600	-80.228104
CKC	UKKE	Cherkasy International Airport	Cherkasy	49.415600	31.995300
CKD	PACJ	Crooked Creek Airport	Crooked Creek	61.870315	-158.137636
CKE	K1O2	Lampson Field	Lakeport	38.990601	-122.901001
CKG	ZUCK	Chongqing Jiangbei International Airport	Chongqing	29.712254	106.651895
CKH	UESO	Chokurdakh Airport	Chokurdah	70.623100	147.901993
CKI	YCKI	Croker Island Airport		-11.165000	132.483002
CKK	KCVK	Sharp County Regional Airport	Ash Flat	36.264900	-91.562599
CKL	UUMU	Chkalovskiy Air Base	Moscow	55.878300	38.061699
CKM	KCKM	Fletcher Field	Clarksdale	34.299702	-90.512299
CKN	KCKN	Crookston Municipal Kirkwood Field	Crookston	47.841702	-96.621597
CKO	SSCP	Cornélio Procópio Airport	Cornélio Procópio	-23.152711	-50.602868
CKR	CKR	Crane Island Airstrip	Crane Island	48.597800	-122.997900
CKS	SBCJ	Carajás Airport	Parauapebas	-6.117841	-50.003372
CKT	OIMC	Sarakhs Airport	Sarakhs	36.501202	61.064899
CKU	CKU	Cordova Municipal Airport	Cordova	60.543900	-145.727005
CKV	KCKV	Clarksville–Montgomery County Regional Airport	Clarksville	36.621899	-87.415001
CKW	YCHK	Christmas Creek Airport	Christmas Creek Mine	-22.354302	119.642603
CKX	CKX	Chicken Airport	Chicken	64.066495	-141.951342
CKY	GUCY	Ahmed Sékou Touré International Airport	Conakry	9.576890	-13.612000
CKZ	LTBH	Çanakkale Airport	Çanakkale	40.137699	26.426800
CLA	VGCM	Comilla Airport	Comilla	23.440133	91.188685
CLD	KCRQ	McClellan-Palomar Airport	Carlsbad	33.128300	-117.279999
CLE	KCLE	Cleveland Hopkins International Airport	Cleveland	41.411701	-81.849800
CLG	KC80	New Coalinga Municipal Airport	Coalinga	36.163101	-120.293999
CLH	YCAH	Coolah Airport		-31.773864	149.615322
CLI	KCLI	Clintonville Municipal Airport	Clintonville	44.613800	-88.731300
CLJ	LRCL	Avram Iancu Cluj International Airport	Cluj-Napoca	46.786042	23.685733
CLK	KCLK	Clinton Regional Airport	Clinton	35.538300	-98.932701
CLL	KCLL	Easterwood Field	College Station	30.588600	-96.363800
CLM	KCLM	William R Fairchild International Airport	Port Angeles	48.120201	-123.500000
CLN	SBCI	Brig. Lysias Augusto Rodrigues Airport	Carolina	-7.320440	-47.458698
CLO	SKCL	Alfonso Bonilla Aragon International Airport	Cali	3.542717	-76.381898
CLP	PFCL	Clarks Point Airport	Clarks Point	58.833698	-158.529007
CLQ	MMIA	Licenciado Miguel de la Madrid International Airport	Colima	19.277000	-103.577002
CLR	KCLR	Cliff Hatfield Memorial Airport	Calipatria	33.131500	-115.521004
CLS	KCLS	Chehalis Centralia Airport	Chehalis	46.676998	-122.983002
CLT	KCLT	Charlotte Douglas International Airport	Charlotte	35.214001	-80.943100
CLU	KBAK	Columbus Municipal Airport	Columbus	39.262386	-85.895576
CLV	SBCN	Nelson Ribeiro Guimarães Airport	Caldas Novas	-17.725096	-48.606324
CLW	KCLW	Clearwater Air Park	Clearwater	27.976700	-82.758698
CLX	SATC	Aeródromo de Clorinda	Clorinda	-25.303600	-57.734400
CLY	LFKC	Calvi Sainte Catherine Airport	Calvi	42.530422	8.792984
CLZ	SVCL	Calabozo Airport	Guarico	8.924656	-67.417091
CMA	YCMU	Cunnamulla Airport		-28.030001	145.621994
CMB	VCBI	Bandaranaike International Colombo Airport	Colombo	7.180760	79.884102
CMC	SNWC	Camocim - Pinto Martins Airport	Camocim	-2.895596	-40.859299
CMD	YCTM	Cootamundra Airport		-34.624283	148.036641
CME	MMCE	Ciudad del Carmen International Airport	Ciudad del Carmen	18.651516	-91.799355
CMF	LFLB	Chambéry Aix les Bains airport	Chambéry	45.638100	5.880230
CMG	SBCR	Corumbá International Airport	Corumbá	-19.011930	-57.672772
CMH	KCMH	John Glenn Columbus International Airport	Columbus	39.998001	-82.891899
CMI	KCMI	University of Illinois Willard Airport	Savoy	40.039819	-88.276249
CMJ	RCCM	Qimei Airport	Qimei	23.213127	119.417539
CMK	FWCM	Club Makokola Airport	Club Makokola	-14.306483	35.131477
CML	YCMW	Camooweal Airport		-19.911699	138.125000
CMM	MGCR	Carmelita Airport	Carmelita	17.461201	-90.053703
CMN	GMMN	Mohammed V International Airport	Casablanca	33.367500	-7.589970
CMO	HCMO	Hobyo Airport	Hobyo	5.358003	48.515281
CMP	BR-1948	Santana do Araguaia Airport	Santana do Araguaia	-9.319906	-50.328536
CMQ	YCMT	Clermont Airport		-22.773100	147.621002
CMR	LFGA	Colmar Houssen airport	Colmar	48.109901	7.359010
CMS	HCMS	Iskushuban Airport	Iskushuban	10.313889	50.205556
CMT	CMT	New Cametá Airport	Cametá	-2.246800	-49.560000
CMU	AYCH	Chimbu Airport	Kundiawa	-6.024290	144.970993
CMV	NZCX	Coromandel Airport	Coromandel	-36.791698	175.509003
CMW	MUCM	Ignacio Agramonte International Airport	Camaguey	21.419909	-77.848039
CMX	KCMX	Houghton County Memorial Airport	Hancock	47.168400	-88.489098
CMY	KCMY	Sparta Fort McCoy Airport	Sparta	43.958009	-90.737886
CMZ	CMZ	Caia Airport	Caia	-17.833100	35.334100
CNA	MMCA	Cananea National Airport	Cananea	31.066150	-110.097878
CNB	YCNM	Coonamble Airport		-30.980946	148.377833
CNC	YCCT	Coconut Island Airport		-10.050139	143.070007
CND	LRCK	Mihail Kogălniceanu International Airport	Constanța	44.362202	28.488300
CNE	K1V6	Fremont County Airport	Penrose	38.429739	-105.108562
CNF	SBCF	Tancredo Neves International Airport	Belo Horizonte	-19.635710	-43.966928
CNG	LFBG	Cognac-Châteaubernard (BA 709) Air Base	Cognac/Châteaubernard	45.658298	-0.317500
CNH	KCNH	Claremont Municipal Airport	Claremont	43.370399	-72.368698
CNI	ZYCH	Changhai Dachangshandao Airport	Dalian (Changhai)	39.266441	122.666960
CNJ	YCCY	Cloncurry Airport	Cloncurry	-20.668600	140.503998
CNK	KCNK	Blosser Municipal Airport	Concordia	39.549301	-97.652298
CNL	EKSN	Sindal Airport	Sindal	57.503502	10.229400
CNM	KCNM	Cavern City Air Terminal	Carlsbad	32.337502	-104.263000
CNN	VOKN	Kannur International Airport	Kannur	11.916343	75.544979
CNO	KCNO	Chino Airport	Chino	33.974701	-117.637001
CNP	BGCO	Neerlerit Inaat Airport	Neerlerit Inaat	70.743103	-22.650499
CNQ	SARC	Corrientes Airport	Corrientes	-27.445500	-58.761900
CNR	SCRA	Chañaral Airport	Chañaral	-26.332500	-70.607300
CNS	YBCS	Cairns International Airport	Cairns	-16.878921	145.749480
CNT	AR-0009	Charata Airport	Charata	-27.216400	-61.210300
CNU	KCNU	Chanute Martin Johnson Airport	Chanute	37.668173	-95.486727
CNV	SNED	Sócrates Rezende Airport	Canavieiras	-15.667000	-38.954700
CNW	KCNW	TSTC Waco Airport	Waco	31.641129	-97.073335
CNX	VTCC	Chiang Mai International Airport	Chiang Mai	18.766800	98.962601
CNY	KCNY	Canyonlands Regional Airport	Moab	38.755001	-109.754997
CNZ	AO-CNZ	Cangamba Airport	Cangamba	-13.710600	19.861099
COA	KO22	Columbia Airport	Columbia	38.030399	-120.415001
COB	AU-COB	Coolibah Airport	Coolibah	-15.548300	130.962006
COC	SAAC	Comodoro Pierrestegui Airport	Concordia	-31.296900	-57.996600
COD	KCOD	Yellowstone Regional Airport	Cody	44.520199	-109.024002
COE	KCOE	Coeur D'Alene Airport - Pappy Boyington Field	Coeur d'Alene	47.774300	-116.820000
COF	KCOF	Patrick Space Force Base	Cocoa Beach	28.234900	-80.610100
COG	SKCD	Mandinga Airport	Condoto	5.072007	-76.676373
COH	VECO	Cooch Behar Airport	Cooch Behar	26.330500	89.467201
COI	KCOI	Merritt Island Airport	Merritt Island	28.341600	-80.685501
COJ	YCBB	Coonabarabran Airport		-31.332500	149.266998
COK	VOCI	Cochin International Airport	Kochi	10.151047	76.400838
COL	EGEL	Coll Airport	Coll Island	56.601898	-6.617780
COM	KCOM	Coleman Municipal Airport	Coleman	31.841101	-99.403603
CON	KCON	Concord Municipal Airport	Concord	43.202702	-71.502296
COO	DBBB	Cotonou Cadjehoun International Airport	Cotonou	6.357230	2.384350
COP	K23	Cooperstown-Westville Airport	Cooperstown	42.629552	-74.890445
COQ	ZMCD	Choibalsan Airport		48.135381	114.647231
COR	SACO	Ingeniero Aeronáutico Ambrosio L.V. Taravella International Airport	Cordoba	-31.312346	-64.208329
COS	KCOS	City of Colorado Springs Municipal Airport	Colorado Springs	38.805801	-104.700996
COT	KCOT	Cotulla-La Salle County Airport	Cotulla	28.456699	-99.220299
COU	KCOU	Columbia Regional Airport	Columbia	38.818100	-92.219597
COV	LTDB	Çukurova International Airport	Tarsus	36.891478	35.071235
COW	SCCQ	Tambillos Airport	Coquimbo	-30.198889	-71.246944
COY	YCWY	Coolawanyah Airport	Coolawanyah Station	-21.794600	117.755000
COZ	MDCZ	Constanza - Expedición 14 de Junio National Airport	Costanza	18.907499	-70.721901
CPA	GLCP	Cape Palmas Airport	Harper	4.378805	-7.696647
CPB	SKCA	Capurganá Airport	Acandí	8.632169	-77.350262
CPC	SAZY	Aviador C. Campos Airport	Chapelco/San Martin de los Andes	-40.075401	-71.137299
CPD	YCBP	Coober Pedy Airport	Coober Pedy	-29.038312	134.722166
CPE	MMCP	Ingeniero Alberto Acuña Ongay International Airport	Campeche	19.815969	-90.500125
CPF	WARC	Ngloram Airport	Blora	-7.195522	111.545287
CPG	AR-0390	Carmen de Patagones Airport	Carmen de Patagones	-40.778100	-62.980300
CPH	EKCH	Copenhagen Kastrup Airport	Copenhagen	55.617901	12.656000
CPI	CPI	Cape Orford Airport		-5.448333	152.081944
CPL	SKHA	General Navas Pardo Airport	Chaparral	3.724293	-75.465785
CPM	KCPM	Compton Woodley Airport	Compton	33.889999	-118.244003
CPN	PG-0005	Cape Rodney Airport	Cape Rodney	-10.179823	148.379030
CPO	SCAT	Desierto de Atacama Airport	Copiapo	-27.261200	-70.779198
CPP	SCKP	Coposa Airport	Pica	-20.750500	-68.683502
CPR	KCPR	Casper-Natrona County International Airport	Casper	42.907381	-106.461609
CPS	KCPS	St Louis Downtown Airport	Cahokia/St Louis	38.570702	-90.156197
CPT	FACT	Cape Town International Airport	Cape Town	-33.974030	18.604333
CPU	BR-2235	Cururupu Airport	Cururupu	-1.820006	-44.864065
CPV	SBKG	Presidente João Suassuna Airport	Campina Grande	-7.269662	-35.896057
CPX	TJCP	Benjamin Rivera Noriega Airport	Culebra	18.312954	-65.303893
CQA	SWEK	Canarana Airport	Canarana	-13.576545	-52.268296
CQD	OIFS	Shahrekord Airport	Shahrekord	32.297199	50.842201
CQF	LFAC	Calais Marck Airport	Calais	50.962101	1.954760
CQM	LERL	Ciudad Real International Airport	Ciudad Real	38.856479	-3.969944
CQP	YCFL	Cape Flattery Airport		-14.970832	145.311667
CQS	SWCQ	Costa Marques Airport	Costa Marques	-12.421100	-64.251602
CQT	SK-277	Caquetania Airport	Caquetania	2.033333	-74.216667
CQW	ZUWL	Chongqing Xiannüshan Airport	Wulong	29.465658	107.693664
CRA	LRCV	Craiova International Airport	Craiova	44.318100	23.888599
CRB	YCBR	Collarenebri Airport		-29.523239	148.578243
CRC	SKGO	Santa Ana Airport	Cartago	4.758180	-75.955700
CRD	SAVC	General Enrique Mosconi International Airport	Comodoro Rivadavia	-45.786941	-67.463355
CRE	KCRE	Grand Strand Airport	North Myrtle Beach	33.811699	-78.723900
CRF	FEFC	Carnot Airport	Carnot	4.937000	15.894000
CRG	KCRG	Jacksonville Executive at Craig Airport	Jacksonville	30.336300	-81.514397
CRH	YCHB	Cherrabah Airport	Cherrabah Homestead Resort	-28.430100	152.088950
CRI	MYCI	Colonel Hill Airport	Colonel Hill	22.745600	-74.182404
CRJ	AU-CRJ	Coorabie Airport	Coorabie	-31.894400	132.296005
CRK	RPLC	Clark International Airport / Clark Air Base	Mabalacat	15.186000	120.559998
CRL	EBCI	Brussels South Charleroi Airport	Charleroi	50.461963	4.459562
CRM	RPVF	Catarman National Airport	Catarman	12.501610	124.635258
CRO	US-12648	Corcoran Airport	Corcoran	36.102661	-119.594815
CRP	KCRP	Corpus Christi International Airport	Corpus Christi	27.770399	-97.501198
CRQ	SBCV	Caravelas Airport	Caravelas	-17.652300	-39.253101
CRR	SANW	Ceres Airport	Ceres	-29.872292	-61.927925
CRS	KCRS	C David Campbell Field Corsicana Municipal Airport	Corsicana	32.028099	-96.400597
CRT	KCRT	Z M Jack Stell Field	Crossett	33.178299	-91.880203
CRU	TGPZ	Lauriston Airport	Carriacou Island	12.476100	-61.472801
CRV	LIBC	Crotone Sant'Anna Pythagoras Airport	Isola di Capo Rizzuto (KR)	38.997200	17.080200
CRW	KCRW	Yeager Airport	Charleston	38.373100	-81.593201
CRX	KCRX	Roscoe Turner Airport	Corinth	34.915001	-88.603500
CRY	AU-CRY	Carlton Hill Airport	Carlton Hill	-15.501900	128.533997
CRZ	UTAV	Türkmenabat International Airport	Türkmenabat	38.930662	63.563982
CSA	EGEY	Colonsay Airstrip	Colonsay	56.057499	-6.243060
CSB	LRCS	Caransebeş Airport	Caransebeş	45.420142	22.252507
CSC	MRMJ	Mojica Airport	Cañas	10.430700	-85.174599
CSD	AU-CSD	Cresswell Downs Airport	Cresswell Downs	-17.948000	135.916000
CSE	0CO2	Crested Butte Airpark	Crested Butte	38.851918	-106.928341
CSF	LFPC	Creil Air Base	Creil	49.253502	2.519140
CSG	KCSG	Columbus Airport	Columbus	32.516415	-84.939602
CSH	ULAS	Solovki Airport	Solovetsky Islands	65.029996	35.730558
CSI	YCAS	Casino Airport		-28.881304	153.060724
CSK	GOGS	Cap Skirring Airport	Cap Skirring	12.395330	-16.748000
CSM	KCSM	Clinton Sherman Airport	Clinton	35.339802	-99.200500
CSN	KCXP	Carson Airport	Carson City	39.194331	-119.734312
CSO	EDBC	Cochstedt Airport	Hecklingen	51.856400	11.420300
CSQ	KCSQ	Creston Municipal Airport	Creston	41.021400	-94.363297
CSR	SK-511	Casuarito Airport	Casuarito	5.833333	-68.133333
CSS	SSCL	Cassilândia Airport	Cassilândia	-19.146861	-51.676941
CSU	SSSC	Santa Cruz do Sul Airport	Santa Cruz do Sul	-29.684099	-52.412201
CSV	KCSV	Crossville Memorial Airport Whitson Field	Crossville	35.951310	-85.084990
CSW	MMSL	Cabo San Lucas International Airport	Cabo San Lucas	22.949072	-109.939479
CSX	ZGHA	Changsha Huanghua International Airport	Changsha (Changsha)	28.189199	113.220001
CSY	UWKS	Cheboksary Airport	Cheboksary	56.090302	47.347301
CSZ	SAZC	Brigadier D.H.E. Ruiz Airport	Coronel Suarez	-37.446098	-61.889301
CTA	LICC	Catania-Fontanarossa Airport	Catania	37.466801	15.066400
CTB	KCTB	Cut Bank International Airport	Cut Bank	48.608657	-112.378183
CTC	SANC	Coronel Felipe Varela International Airport	Catamarca	-28.593117	-65.751200
CTD	MPCE	Alonso Valderrama Airport	Chitré	7.987840	-80.409837
CTE	PA-0004	Cartí Airport	Cartí Islands	9.452863	-78.978917
CTF	MGCT	Coatepeque Airport	Coatepeque	14.694200	-91.882500
CTG	SKCG	Rafael Nuñez International Airport	Cartagena	10.442400	-75.513000
CTH	KMQS	Chester County G O Carlson Airport	Coatesville	39.979000	-75.865501
CTI	FNCV	Cuito Cuanavale Airport	Cuito Cuanavale	-15.160300	19.156099
CTK	K7G9	Canton Municipal Airport	Canton	43.308842	-96.571225
CTL	YBCV	Charleville Airport	Charleville	-26.413300	146.261993
CTM	MMCM	Chetumal International Airport	Chetumal	18.504985	-88.328018
CTN	YCKN	Cooktown Airport		-15.443649	145.183221
CTO	K3C8	Calverton Executive Airpark	Calverton	40.915100	-72.791901
CTP	CTP	Carutapera Airport	Carutapera	-1.225365	-46.019057
CTQ	BR-2236	Santa Vitória do Palmar Airport	Santa Vitória do Palmar	-33.502038	-53.344911
CTR	YCAC	Cattle Creek Airport		-17.607000	131.548996
CTS	RJCC	New Chitose Airport	Sapporo	42.774753	141.690414
CTT	LFMQ	Le Castellet Airport	Le Castellet, Var	43.252499	5.785190
CTU	ZUUU	Chengdu Shuangliu International Airport	Chengdu (Shuangliu)	30.558257	103.945966
CTV	AO-0001	Catoca Airport	Saurimo	-9.431359	20.311557
CTW	KP52	Cottonwood Airport	Cottonwood	34.730000	-112.035004
CTX	KN03	Cortland County Chase Field	Cortland	42.592602	-76.214897
CTY	KCTY	Cross City Airport	Cross City	29.635500	-83.104797
CTZ	KCTZ	Sampson County Airport	Clinton	34.975601	-78.364601
CUA	MMDA	Ciudad Constitución National Airport	Comondú	25.053801	-111.614998
CUB	KCUB	Jim Hamilton L.B. Owens Airport	Columbia	33.970501	-80.995201
CUC	SKCC	Camilo Daza International Airport	Cúcuta	7.927570	-72.511500
CUD	YCDR	Caloundra Airport	Caloundra	-26.803360	153.104975
CUE	SECU	Mariscal Lamar Airport	Cuenca	-2.889470	-78.984398
CUF	LIMZ	Cuneo International Airport	Levaldigi (CN)	44.547458	7.623045
CUG	YCUA	Cudal Airport		-33.278026	148.768708
CUH	KCUH	Cushing Municipal Airport	Cushing	35.950496	-96.772371
CUI	SK-059	Currillo Airport	Currillo	4.666667	-72.000000
CUJ	CUJ	Culion Airport	Culion	11.855300	119.937800
CUK	MZCK	Caye Caulker Airport	Caye Caulker	17.735015	-88.032862
CUL	MMCL	Bachigualato Federal International Airport	Culiacán	24.765040	-107.475228
CUM	SVCU	Antonio José de Sucre Airport	Cumaná	10.450333	-64.130470
CUN	MMUN	Cancún International Airport	Cancún	21.040817	-86.873470
CUO	SKCR	Carurú Airport	Carurú	1.013822	-71.297343
CUP	SVCP	General Francisco Bermúdez Airport	Carúpano	10.660014	-63.261681
CUQ	YCOE	Coen Airport	Coen	-13.761133	143.113311
CUR	TNCC	Hato International Airport	Willemstad	12.188900	-68.959801
CUS	0NM0	Columbus Airport	Columbus	31.823898	-107.629924
CUT	SAZW	Cutral-Co Airport	Cutral-Co	-38.939701	-69.264603
CUU	MMCU	General Roberto Fierro Villalobos International Airport	Chihuahua	28.702649	-105.963764
CUV	SVCG	Casigua El Cubo Airport	Casigua El Cubo	8.758140	-72.536301
CUY	YCUE	Cue Airport		-27.450663	117.917703
CUZ	SPZO	Alejandro Velasco Astete International Airport	Cusco	-13.535700	-71.938797
CVB	AYCB	Chungribu Airport	Chungribu	-4.806620	144.714996
CVC	YCEE	Cleve Airport		-33.709702	136.505005
CVE	SKCV	Coveñas Airport	Coveñas	9.400920	-75.691300
CVF	LFLJ	Courchevel Altiport	Saint-Bon	45.397531	6.634980
CVG	KCVG	Cincinnati Northern Kentucky International Airport	Cincinnati / Covington	39.048801	-84.667801
CVH	SAHE	Caviahue Airport	Lafontaine	-37.851398	-71.009201
CVI	AR-0007	Caleta Olivia Airport	Caleta Olivia	-46.374280	-67.594090
CVJ	MMCB	General Mariano Matamoros International Airport	Temixco	18.833922	-99.261818
CVL	CVL	Cape Vogel Airport		-9.670000	150.019722
CVM	MMCV	General Pedro Jose Mendez International Airport	Ciudad Victoria	23.703300	-98.956497
CVN	KCVN	Clovis Municipal Airport	Clovis	34.426594	-103.078794
CVO	KCVO	Corvallis Municipal Airport	Corvallis	44.497200	-123.290001
CVQ	YCAR	Carnarvon Airport	Carnarvon	-24.884337	113.666393
CVS	KCVS	Cannon Air Force Base	Clovis	34.382801	-103.321999
CVU	LPCR	Corvo Airport	Corvo	39.671501	-31.113600
CWA	KCWA	Central Wisconsin Airport	Mosinee	44.777448	-89.670238
CWB	SBCT	Curitiba-Afonso Pena International Airport	Curitiba	-25.528500	-49.175800
CWC	UKLN	Chernivtsi International Airport	Chernivtsi	48.259300	25.980801
CWF	KCWF	Chennault International Airport	Lake Charles	30.210600	-93.143204
CWI	KCWI	Clinton Municipal Airport	Clinton	41.831100	-90.329102
CWJ	ZPCW	Cangyuan Washan Airport	Lincang (Cangyuan)	23.276331	99.373169
CWK	VECT	Chitrakoot Airport	Chitrakoot	25.167694	80.935800
CWL	EGFF	Cardiff International Airport	Cardiff	51.396702	-3.343330
CWR	YCWI	Cowarie Airport		-27.711700	138.328003
CWS	78WA	Center Island Airport	Center Island	48.490046	-122.831612
CWT	YCWR	Cowra Airport		-33.846894	148.648007
CWW	YCOR	Corowa Airport		-35.994701	146.356995
CWX	KP33	Cochise County Airport	Willcox	32.245399	-109.894997
CXA	SVCD	Caicara del Orinoco Airport		7.625510	-66.162804
CXB	VGCB	Cox's Bazar Airport	Cox's Bazar	21.457517	91.963263
CXC	CXC	Chitina Airport	Chitina	61.582901	-144.427002
CXF	PACX	Coldfoot Airport	Coldfoot	67.252197	-150.203995
CXI	PLCH	Cassidy International Airport	Kiritimati	1.986278	-157.350011
CXJ	SBCX	Hugo Cantergiani Regional Airport	Caxias Do Sul	-29.197183	-51.187647
CXL	KCXL	Calexico International Airport	Calexico	32.669498	-115.513000
CXN	HCMC	Candala Airport	Candala	11.495627	49.909816
CXO	KCXO	Conroe-North Houston Regional Airport	Houston	30.351801	-95.414497
CXP	WAHL	Tunggul Wulung Airport	Cilacap	-7.645060	109.033997
CXQ	YCRK	Christmas Creek Station Airport	Wangkat Jungka	-18.872800	125.934000
CXR	VVCR	Cam Ranh International Airport / Cam Ranh Air Base	Nha Trang/nha Trang aiurportCam Ranh	11.998200	109.219002
CXT	YCHT	Charters Towers Airport		-20.043100	146.272995
CXY	MYCC	Cat Cay Airport	North Cat Cay	25.554425	-79.275404
CYA	MTCA	Antoine-Simon International Airport	Les Cayes	18.271099	-73.788300
CYB	MWCB	Charles Kirkconnell International Airport	West End	19.687000	-79.882797
CYC	MZCP	Caye Chapel Airport	Caye Chapel	17.683792	-88.044985
CYD	MZMF	San Ignacio Town (Maya Flats) Airstrip	Maya Flats	17.104872	-89.101129
CYF	PACK	Chefornak Airport	Chefornak	60.136667	-164.279167
CYG	YCRG	Corryong Airport		-36.182800	147.888000
CYI	RCKU	Chiayi Airport	Shuishang	23.462577	120.390544
CYL	MHCS	Coyoles Airport	Coyoles	15.445556	-86.675278
CYO	MUCL	Vilo Acuña International Airport	Cayo Largo del Sur	21.616501	-81.545998
CYP	RPVC	Calbayog Airport	Calbayog City	12.072574	124.545080
CYR	SUCA	Colonia Laguna de Los Patos International Airport	Colonia del Sacramento	-34.456402	-57.770599
CYS	KCYS	Cheyenne Regional Jerry Olson Field	Cheyenne	41.155701	-104.811997
CYT	PACY	Yakataga Airport	Yakataga	60.080974	-142.494541
CYU	RPLO	Cuyo Airport	Cuyo	10.858100	121.069000
CYW	MMCY	Captain Rogelio Castillo National Airport	Celaya	20.545998	-100.886539
CYX	UESS	Cherskiy Airport	Cherskiy	68.740601	161.337997
CYZ	RPUY	Cauayan Airport	Cauayan City	16.929899	121.752998
CZA	MMCT	Chichén Itzá International Airport	Tinúm	20.641300	-88.446198
CZB	SSAK	Carlos Ruhl Airport	Cruz Alta	-28.657934	-53.610095
CZC	Z93	Copper Center 2 Airport	Copper Center	61.943713	-145.299398
CZE	SVCR	José Leonardo Chirinos Airport	Coro	11.414944	-69.680901
CZF	PACZ	Cape Romanzof LRRS Airport	Cape Romanzof	61.780300	-166.039002
CZH	MZCZ	Corozal Airport	Corozal	18.382200	-88.411903
CZJ	CZJ	Corazón de Jesús Airport	Tupile	9.446860	-78.575678
CZK	KCZK	Cascade Locks State Airport	Cascade Locks	45.676599	-121.878879
CZL	DABC	Mohamed Boudiaf International Airport	Constantine	36.276001	6.620390
CZM	MMCZ	Cozumel International Airport	Cozumel	20.514922	-86.928538
CZN	CZN	Chisana Airport	Chisana	62.071201	-142.048004
CZO	CZO	Chistochina Airport	Chistochina	62.563499	-144.669006
CZR	UIAR	Chara Airport	Chara	56.914423	118.270072
CZS	SBCZ	Cruzeiro do Sul Airport	Cruzeiro Do Sul	-7.599910	-72.769501
CZT	KCZT	Dimmit County Airport	Carrizo Springs	28.522200	-99.823601
CZU	SKCZ	Las Brujas Airport	Corozal	9.332740	-75.285600
CZX	ZSCG	Changzhou Benniu International Airport	Changzhou	31.920485	119.775460
CZY	YUNY	Cluny Airport		-24.516701	139.617004
DAA	KDAA	Davison Army Air Field	Fort Belvoir	38.715000	-77.181000
DAB	KDAB	Daytona Beach International Airport	Daytona Beach	29.182550	-81.059464
DAC	VGHS	Hazrat Shahjalal International Airport	Dhaka	23.843347	90.397783
DAD	VVDN	Da Nang International Airport	Da Nang	16.043900	108.198997
DAF	DAF	Daup Airport		-4.740300	145.951500
DAG	KDAG	Barstow Daggett Airport	Daggett	34.853699	-116.787003
DAH	DAH	Dathina Airport	Dathina	13.866884	46.133473
DAK	HEDK	Dakhla Oasis Airport	Dakhla Oases	25.411160	29.003273
DAL	KDAL	Dallas Love Field	Dallas	32.844776	-96.847653
DAM	OSDI	Damascus International Airport	Damascus	33.411499	36.515598
DAN	KDAN	Danville Regional Airport	Danville	36.572899	-79.336098
DAO	DAO	Dabo Airport		-8.431944	147.843056
DAP	VNDL	Darchula Airport	Darchula	29.668571	80.548199
DAR	HTDA	Julius Nyerere International Airport	Dar es Salaam	-6.873499	39.207288
DAS	CFF4	Great Bear Lake Airport	Great Bear Lake	66.703053	-119.716816
DAT	ZBDT	Datong Yungang International Airport	Datong	40.061390	113.480509
DAU	AYDU	Daru Airport	Daru	-9.086760	143.207993
DAV	MPDA	Enrique Malek International Airport	David	8.388983	-82.436425
DAX	ZUDX	Dachuan Airport	Dazhou (Daxian)	31.130200	107.429500
DAY	KDAY	James M. Cox Dayton International Airport	Dayton	39.902401	-84.219398
DAZ	OADZ	Darwaz Airport	Darwaz	38.461798	70.881606
DBA	OPDB	Dalbandin Airport	Dalbandin	28.878300	64.399803
DBB	HEAL	El Alamein International Airport	El Alamein	30.924324	28.461610
DBC	ZYBA	Baicheng Chang'an Airport	Baicheng	45.505278	123.019722
DBD	VEDB	Dhanbad Airport		23.834000	86.425301
DBM	HADM	Debre Markos Airport	Debre Markos	10.321501	37.741887
DBN	KDBN	W H 'Bud' Barron Airport	Dublin	32.564400	-82.985298
DBO	YSDU	Dubbo City Regional Airport	Dubbo	-32.216702	148.574997
DBP	AYDB	Debepare Airport	Debepare	-6.308611	141.905556
DBQ	KDBQ	Dubuque Regional Airport	Dubuque	42.402000	-90.709503
DBR	VEDH	Darbhanga Airport	Darbhanga	26.192801	85.916901
DBS	U41	Dubois Municipal Airport	Dubois	44.162057	-112.220581
DBT	HADT	Debre Tabor Airport	Debre Tabor	11.884808	38.009241
DBV	LDDU	Dubrovnik Ruđer Bošković Airport	Dubrovnik	42.562247	18.265543
DBY	YDAY	Dalby Airport		-27.158476	151.263428
DCA	KDCA	Ronald Reagan Washington National Airport	Washington	38.852100	-77.037697
DCF	TDCF	Canefield Airport	Canefield	15.336693	-61.392108
DCI	LIED	Decimomannu Air Base	Decimomannu	39.354198	8.972480
DCK	DCK	Dahl Creek Airport	Dahl Creek	66.943298	-156.904999
DCM	LFCK	Castres Mazamet Airport	Castres	43.556301	2.289180
DCN	YCIN	RAAF Base Curtin	Derby	-17.581389	123.828333
DCT	MYRD	Duncan Town Airport	Duncan Town	22.181801	-75.729500
DCU	KDCU	Pryor Field Regional Airport	Decatur	34.652699	-86.945396
DCY	ZUDC	Daocheng Yading Airport	Garzê (Daocheng)	29.316320	100.060317
DDC	KDDC	Dodge City Regional Airport	Dodge City	37.763401	-99.965599
DDD	VRMU	Dhaalu Atoll Airport	Kudahuvadhoo	2.666075	72.887118
DDG	ZYDD	Dandong Langtou International Airport	Dandong (Zhenxing)	40.025453	124.286690
DDM	DDM	Dodoima Airport		-8.177361	147.809444
DDN	YDLT	Delta Downs Airport		-16.991699	141.317001
DDR	ZUDR	Shigatse Tingri Airport	Xigazê (Dingri)	28.604567	86.798000
DDU	OP17	Dadu West Airport	Dadu	26.740801	67.666603
DEA	OPDG	Dera Ghazi Khan Airport	Dera Ghazi Khan	29.961000	70.485901
DEB	LHDC	Debrecen International Airport	Debrecen	47.489469	21.616278
DEC	KDEC	Decatur Airport	Decatur	39.834599	-88.865700
DED	VIDN	Dehradun Jolly Grant Airport	Dehradun (Jauligrant)	30.189243	78.176651
DEE	UHSM	Yuzhno-Kurilsk Mendeleyevo Airport	Yuzhno-Kurilsk	43.961066	145.684977
DEF	OIAD	Dezful Airport	Dezful	32.434399	48.397598
DEH	KDEH	Decorah Municipal Airport	Decorah	43.275501	-91.739403
DEI	FSSD	Denis Island Airport	Denis Island	-3.802067	55.667439
DEJ	ZUDJ	Tongren Dejiang Airport (Under Construction)	Tongren	28.121000	108.163100
DEL	VIDP	Indira Gandhi International Airport	New Delhi	28.555630	77.095190
DEM	HADD	Dembidollo Airport	Dembidollo	8.554000	34.858002
DEN	KDEN	Denver International Airport	Denver	39.860027	-104.673792
DEP	VEDZ	Daporijo Airport	Daporijo	27.985500	94.222801
DEQ	DEQ	Deqing Moganshan Airport	Huzhou	30.504264	120.107388
DER	AYDE	Derim Airport	Derim	-6.144722	147.107222
DES	FSDR	Desroches Airport	Desroches Island	-5.696700	53.655800
DET	KDET	Coleman A. Young Municipal Airport	Detroit	42.409199	-83.009903
DEX	WAVD	Nop Goliat Dekai Airport	Dekai	-4.855700	139.482006
DEZ	OSDZ	Deir ez-Zor Airport	Deir ez-Zor	35.285400	40.175999
DFA	CN-0073	Shangluo Airport	Shangluo (Danfeng)	33.708533	110.249284
DFI	KDFI	Defiance Memorial Airport	Defiance	41.337502	-84.428802
DFP	YDDF	Drumduff Airport	Palmer	-16.052124	143.013339
DFW	KDFW	Dallas Fort Worth International Airport	Dallas-Fort Worth	32.896801	-97.038002
DGA	MZPB	Dangriga Airport	Dangriga	16.982510	-88.230988
DGD	YDGA	Dalgaranga Gold Mine Airport		-27.829722	117.316389
DGE	YMDG	Mudgee Airport	Mudgee	-32.564794	149.609452
DGF	CAL3	Douglas Lake Airport	Douglas Lake	50.165460	-120.171273
DGH	VEDO	Deoghar Airport	Deoghar	24.446842	86.704955
DGL	KDGL	Douglas Municipal Airport	Douglas	31.342600	-109.505997
DGN	KNDY	Dahlgren Naval Surface Warfare Center Airport	Dahlgren	38.332500	-77.037201
DGO	MMDO	General Guadalupe Victoria International Airport	Durango	24.125468	-104.527938
DGR	NZDA	Dargaville Aerodrome	Dargaville	-35.939304	173.892862
DGT	RPVD	Sibulan Airport	Dumaguete City	9.334183	123.301910
DGU	DFOD	Dedougou Airport	Dedougou	12.459000	-3.490000
DGW	KDGW	Converse County Airport	Douglas	42.797199	-105.386002
DHA	OEDR	King Abdulaziz Air Base	Dhahran	26.265400	50.152000
DHD	YDRH	Durham Downs Airport		-27.075001	141.899994
DHF	OMAM	Al Dhafra Air Base		24.248199	54.547699
DHG	DHG	Dalnegorsk Airport	Dalnegorsk	44.558748	135.490005
DHH	ZWLK	Barkol Dahe Airport	Barkol	43.756544	93.137164
DHI	VNDH	Dhangarhi Airport	Dhangarhi	28.755283	80.583398
DHL	DHL	Ad-Dali Airport	Ad-Dali	13.738460	44.727190
DHM	VIGG	Kangra Airport	Kangra	32.164902	76.263018
DHN	KDHN	Dothan Regional Airport	Dothan	31.321301	-85.449600
DHR	EHKD	De Kooy Airfield / Den Helder Naval Air Station	Den Helder	52.923401	4.780620
DHT	KDHT	Dalhart Municipal Airport	Dalhart	36.022598	-102.546997
DHX	WARD	Dhoho International Airport	Kediri	-7.749527	111.946831
DIA	OTBD	Doha International Airport	Doha	25.259431	51.565528
DIB	VEMN	Dibrugarh Airport	Dibrugarh	27.483900	95.016899
DIE	FMNA	Arrachart Airport	Antisiranana	-12.349400	49.291698
DIG	ZPDQ	Diqing Shangri-La Airport	Diqing (Shangri-La)	27.793600	99.677200
DIJ	LFSD	Dijon Longvic airport	Dijon	47.268902	5.090000
DIK	KDIK	Dickinson Theodore Roosevelt Regional Airport	Dickinson	46.797533	-102.801905
DIL	WPDL	Presidente Nicolau Lobato International Airport	Dili	-8.546562	125.524507
DIM	DIDK	Dimbokro Airport	Dimbokro	6.651670	-4.640560
DIN	VVDB	Dien Bien Phu Airport	Dien Bien Phu	21.397499	103.008003
DIP	DFED	Diapaga Airport	Diapaga	12.060324	1.784631
DIQ	SNDV	Brigadeiro Cabral Airport	Divinópolis	-20.180700	-44.870899
DIR	HADR	Aba Tenna Dejazmach Yilma International Airport	Dire Dawa	9.623549	41.855027
DIS	FCPD	Ngot Nzoungou Airport	Dolisie	-4.206350	12.659900
DIU	VADU	Diu Airport	Diu	20.714185	70.921855
DIY	LTCC	Diyarbakır Airport	Diyarbakır	37.893902	40.201000
DJA	DBBD	Djougou Airport	Djougou	9.692083	1.637778
DJB	WIJJ	Sultan Thaha Airport	Jambi	-1.638685	103.645063
DJE	DTTJ	Djerba Zarzis International Airport	Mellita	33.873719	10.777300
DJG	DAAJ	Tiska Djanet Airport	Djanet	24.285448	9.463652
DJJ	WAJJ	Dortheys Hiyo Eluay International Airport	Sentani	-2.579627	140.519857
DJM	FCBD	Djambala Airport	Djambala	-2.516883	14.754403
DJN	D66	Delta Junction Airport	Delta Junction	64.049861	-145.722656
DJO	DIDL	Daloa Airport		6.792810	-6.473190
DJR	YDAJ	Dajarra Airport		-21.708300	139.533005
DJU	BIDV	Djúpivogur Airport	Djúpivogur	64.642372	-14.277297
DKA	DNKT	Umaru Musa Yar'adua Airport	Katsina	13.007800	7.660450
DKI	YDKI	Dunk Island Airport	Dunk Island	-17.939130	146.141447
DKK	KDKK	Chautauqua County-Dunkirk Airport	Dunkirk	42.492470	-79.273102
DKR	GOOY	Léopold Sédar Senghor International Airport	Dakar	14.742337	-17.479222
DKS	UODD	Dikson Airport	Dikson	73.517807	80.379669
DKV	YDVR	Docker River Airport	Kaltukatjara	-24.859533	129.122209
DLA	FKKD	Douala International Airport	Douala	4.006080	9.719480
DLC	ZYTL	Dalian Zhoushuizi International Airport	Dalian (Ganjingzi)	38.965719	121.538477
DLE	LFGJ	Dole Tavaux Airport	Dole	47.038955	5.427589
DLF	KDLF	Laughlin Air Force Base	Del Rio	29.359501	-100.778002
DLG	PADL	Dillingham Airport	Dillingham	59.044701	-158.505005
DLH	KDLH	Duluth International Airport	Duluth	46.841873	-92.198746
DLI	VVDL	Lien Khuong Airport	Da Lat	11.750556	108.366997
DLK	YDLK	Dulkaninna Airport	Dulkaninna	-29.013300	138.481003
DLL	KDLC	Dillon County Airport	Dillon	34.449100	-79.368599
DLM	LTBS	Dalaman International Airport	Dalaman	36.713100	28.792500
DLN	KDLN	Dillon Airport	Dillon	45.255402	-112.553001
DLR	DLR	Dalnerechensk Airport	Dalnerechensk	45.879857	133.737629
DLS	KDLS	Columbia Gorge Regional Airport	Dallesport / The Dalles	45.620979	-121.170777
DLU	ZPDL	Dali Fengyi Airport	Dali (Xiaguan)	25.649401	100.319000
DLV	YDLV	Delissaville Airport		-12.550000	130.684998
DLY	NVVD	Dillon's Bay Airport	Dillon's Bay	-18.769400	169.001007
DLZ	ZMDZ	Dalanzadgad Airport	Dalanzadgad	43.608628	104.367734
DMA	KDMA	Davis Monthan Air Force Base	Tucson	32.166500	-110.883003
DMB	UADD	Taraz International Airport	Taraz	42.853600	71.303596
DMD	YDMG	Doomadgee Airport		-17.940300	138.822006
DME	UUDD	Domodedovo International Airport	Moscow	55.408798	37.906300
DMK	VTBD	Don Mueang International Airport	Bangkok	13.912600	100.607002
DMM	OEDF	King Fahd International Airport	Ad Dammam	26.469100	49.798209
DMN	KDMN	Deming Municipal Airport	Deming	32.262299	-107.721001
DMO	KDMO	Sedalia Memorial Airport	Sedalia	38.707401	-93.175903
DMT	SWDM	Diamantino Airport	Diamantino	-14.376900	-56.400398
DMU	VEMR	Dimapur Airport	Dimapur	25.883900	93.771103
DNA	RODN	Kadena Air Base	Okinawa	26.351667	127.769444
DNB	YDBR	Dunbar Airport	Maramie	-16.047394	142.394415
DND	EGPN	Dundee Airport	Dundee	56.452499	-3.025830
DNF	LY-DNF	Martuba Air Base	Martuba	32.542000	22.745001
DNG	YDGN	Doongan Airport	Drysdale River	-15.386429	126.302235
DNH	ZLDH	Dunhuang Mogao International Airport	Dunhuang	40.161953	94.812827
DNK	UKDD	Dnipro International Airport	Dnipro	48.357201	35.100601
DNL	KDNL	Daniel Field	Augusta	33.466499	-82.039398
DNN	KDNN	Dalton Municipal Airport	Dalton	34.722900	-84.870201
DNO	SWDN	Dianópolis Airport	Dianópolis	-11.595400	-46.846699
DNP	VNDG	Tulsipur Airport	Dang	28.111099	82.294197
DNQ	YDLQ	Deniliquin Airport	Deniliquin	-35.559399	144.945999
DNR	LFRD	Dinard Pleurtuit Saint-Malo airport	Dinard	48.587700	-2.079960
DNS	KDNS	Denison Municipal Airport	Denison	41.986401	-95.380699
DNU	AYDN	Dinangat Airport	Dinangat	-6.154600	146.677200
DNV	KDNV	Vermilion Regional Airport	Danville	40.199124	-87.596630
DNX	HSGG	Galegu Airport	Dinder	12.533000	35.067001
DNZ	LTAY	Çardak Airport	Denizli	37.785599	29.701300
DOA	MG-DOA	Doany Airport	Doany	-14.368100	49.510799
DOB	WAPD	Rar Gwamar Airport	Dobo-Warmar Island	-5.773724	134.209245
DOD	HTDO	Dodoma Airport	Dodoma	-6.170559	35.756036
DOE	GY-DOE	Djumu-Djomoe Airport	Djumu-Djomoe	4.005713	-55.481644
DOG	HSDN	Dongola Airport	Dongola	19.153666	30.430069
DOH	OTHH	Hamad International Airport	Doha	25.273056	51.608056
DOI	AYDO	Doini Airport	Castori Islets	-10.700900	150.721800
DOL	LFRG	Deauville Normandie airport	Deauville	49.365237	0.154481
DOM	TDPD	Douglas-Charles Airport	Marigot	15.546673	-61.301082
DON	GT-0002	Dos Lagunas Airport	Dos Lagunas	17.612400	-89.688400
DOO	AYDR	Dorobisoro Airport	Dorobisoro	-9.461855	147.920907
DOP	VNDP	Dolpa Airport	Dolpa	28.985659	82.818703
DOR	DFEE	Dori Airport	Dori	14.021638	-0.068207
DOU	SBDO	Dourados Airport	Dourados	-22.201900	-54.926601
DOV	KDOV	Dover Civil Air Terminal/Dover Air Force Base	Dover	39.129501	-75.466003
DOX	YDRA	Dongara Airport	Port Denison	-29.298128	114.927334
DOY	ZSDY	Dongying Shengli Airport	Dongying (Kenli)	37.501370	118.789863
DPA	KDPA	Dupage Airport	Chicago/West Chicago	41.907799	-88.248596
DPB	SCBI	Pampa Guanaco Airport	Bahia Inutil	-54.049977	-68.809193
DPE	LFAB	Dieppe-Saint-Aubin Airport	Saint-Aubin-sur-Scie	49.884662	1.081010
DPG	KDPG	Michael AAF (Dugway Proving Ground) Airport	Dugway Proving Ground	40.197396	-112.935094
DPL	RPMG	Dipolog Airport	Dipolog	8.601983	123.341875
DPO	YDPO	Devonport Airport	Devonport	-41.169701	146.429993
DPS	WADD	Denpasar I Gusti Ngurah Rai International Airport	Kuta, Badung	-8.748409	115.167123
DPT	DPT	Deputatskiy Airport	Deputatskiy	69.392503	139.890012
DQA	ZYDQ	Daqing Sartu Airport	Daqing	46.750883	125.138642
DQM	OODQ	Duqm International Airport	Duqm	19.501944	57.634167
DRA	KDRA	Desert Rock Airport	Mercury	36.619400	-116.032997
DRB	YDBY	Derby Airport	Derby	-17.371930	123.662210
DRC	AO-DRC	Dirico Airport	Dirico	-17.981924	20.768061
DRD	YDOR	Dorunda Airport	Dorunda Outstation	-16.553700	141.823800
DRE	KDRM	Drummond Island Airport	Drummond Island	46.009300	-83.743896
DRF	3AK5	Drift River Airport	Kenai	60.588902	-152.162003
DRG	PADE	Deering Airport	Deering	66.068901	-162.766914
DRH	WAJC	Dabra Airport	Dabra	-3.270610	138.613433
DRI	KDRI	Beauregard Regional Airport	DeRidder	30.831699	-93.339897
DRJ	SMDA	Drietabbetje Airport	Drietabbetje	4.111359	-54.672766
DRK	MRDK	Drake Bay Airport	Puntarenas	8.718890	-83.641701
DRN	YDBI	Dirranbandi Airport		-28.587912	148.217161
DRO	KDRO	Durango La Plata County Airport	Durango	37.151501	-107.753998
DRP	RPLK	Bicol International Airport	Legazpi	13.111915	123.676829
DRR	YDRI	Durrie Airport		-25.684999	140.227997
DRS	EDDC	Dresden Airport	Dresden	51.134123	13.767831
DRT	KDRT	Del Rio International Airport	Del Rio	29.374201	-100.927002
DRU	M26	Drummond Airport	Drummond	46.621599	-113.201751
DRV	VRMD	Dharavandhoo Airport	Baa Atoll	5.156100	73.130200
DRW	YPDN	Darwin International Airport / RAAF Darwin	Darwin	-12.414970	130.881850
DRY	YDRD	Drysdale River Airport	Drysdale River	-15.713570	126.381097
DSC	FKKS	Dschang Airport	Dschang	5.450000	10.067000
DSD	TFFA	La Désirade Airport	Grande Anse	16.296902	-61.084400
DSE	HADC	Kombolcha Airport	Dessie	11.109750	39.725911
DSG	DSG	Dilasag Airport	Dilasag	16.445833	122.206806
DSI	KDTS	Destin Executive Airport	Destin	30.400101	-86.471497
DSK	OPDI	Dera Ismael Khan Airport [IN-ACTIVE]	Dera Ismael Khan	31.909401	70.896599
DSM	KDSM	Des Moines International Airport	Des Moines	41.534027	-93.656719
DSN	ZBDS	Ordos Ejin Horo International Airport	Ordos	39.493514	109.859900
DSO	ZKSD	Sondok Airport	Sŏndŏng-ni	39.745201	127.473999
DSS	GOBD	Blaise Diagne International Airport	Dakar	14.670878	-17.072829
DSV	KDSV	Dansville Municipal Airport	Dansville	42.570545	-77.713273
DSX	RCLM	Dongsha Island (Pratas Island) Airport	Kaohsiung (Cijin - Pratas Island)	20.706600	116.721001
DSY	VDDS	Dara Sakor International Airport	Ta Noun	10.914244	103.226652
DTA	KDTA	Delta Municipal Airport	Delta	39.380600	-112.508003
DTB	WIMN	Silangit Airport	Siborong-Borong	2.259730	98.991898
DTD	WALJ	Datadawai Airport	Datadawai-Borneo Island	0.807028	114.529052
DTE	RPUD	Daet Airport	Daet	14.129200	122.980003
DTH	KL06	Furnace Creek Airport	Death Valley	36.463799	-116.880997
DTI	SNDT	Diamantina Airport	Diamantina	-18.232000	-43.650398
DTL	KDTL	Detroit Lakes Airport	Detroit Lakes	46.824301	-95.883322
DTM	EDLW	Dortmund Airport	Dortmund	51.518299	7.612240
DTN	KDTN	Shreveport Downtown Airport	Shreveport	32.540199	-93.745003
DTR	WN07	Decatur Shores Airport	Decatur	48.500171	-122.813973
DTU	ZYDU	Wudalianchi Dedu Airport	Heihe	48.441037	126.128374
DTW	KDTW	Detroit Metropolitan Wayne County Airport	Detroit	42.213770	-83.353786
DTX	KTKI	McKinney National Airport	Dallas	33.177898	-96.590500
DUA	KDUA	Durant Regional Airport - Eaker Field	Durant	33.939675	-96.395072
DUB	EIDW	Dublin Airport	Dublin	53.428713	-6.262121
DUC	KDUC	Halliburton Field	Duncan	34.470901	-97.959900
DUD	NZDN	Dunedin International Airport	Dunedin	-45.929017	170.197758
DUE	FNDU	Dundo Airport	Chitato	-7.400890	20.818501
DUF	7NC2	Pine Island Airport	Corolla	36.252744	-75.785256
DUG	KDUG	Bisbee Douglas International Airport	Douglas Bisbee	31.464139	-109.604560
DUJ	KDUJ	DuBois Regional Airport	Dubois	41.178299	-78.898697
DUK	FADK	Mubatuba Airport	Mubatuba	-28.368401	32.248100
DUM	WIBD	Pinang Kampai Airport	Dumai	1.609026	101.433493
DUQ	CAM3	Duncan Airport	Duncan	48.754534	-123.709702
DUR	FALE	King Shaka International Airport	Durban	-29.614444	31.119722
DUS	EDDL	Düsseldorf Airport	Düsseldorf	51.289501	6.766780
DUT	PADU	Tom Madsen (Dutch Harbor) Airport	Unalaska	53.898810	-166.544996
DVD	DVD	Andavadoaka Airport	Andavadoaka	-22.066080	43.259573
DVK	CDK2	Diavik Airport	Diavik	64.511398	-110.289001
DVL	KDVL	Devils Lake Regional Airport	Devils Lake	48.115454	-98.908796
DVN	KDVN	Davenport Municipal Airport	Davenport	41.610432	-90.589693
DVO	RPMD	Francisco Bangoy International Airport	Davao	7.125520	125.646004
DVP	YDPD	Davenport Downs Airport		-24.150000	141.108002
DVR	YDMN	Daly River Airport	Nauiyu	-13.749806	130.693878
DVT	KDVT	Phoenix Deer Valley Airport	Phoenix	33.688301	-112.083000
DWA	FWDW	Dwangwa Airport	Dwangwa	-12.517527	34.131877
DWB	FMNO	Soalala Airport	Soalala	-16.101690	45.358837
DWC	OMDW	Al Maktoum International Airport	Dubai(Jebel Ali)	24.896171	55.162350
DWD	OEDM	Dawadmi Domestic Airport	Dawadmi	24.449900	44.121201
DWH	KDWH	David Wayne Hooks Memorial Airport	Houston	30.061800	-95.552803
DWR	OADY	Dwyer Airport	Reg	31.091265	64.066053
DWS	CN-0157	Morin Dawa Banner Airport	Hulunbuir	48.387450	124.431270
DXB	OMDB	Dubai International Airport	Dubai	25.249790	55.370992
DXD	YDIX	Dixie Airport	New Dixie	-15.117494	143.316050
DXE	KMBO	Bruce Campbell Field	Madison	32.438702	-90.103104
DXJ	ZGXX	Xiangxi Biancheng Airport	Xiangxi	28.497200	109.521800
DXN	VIND	Noida International Airport	Gautam Buddha Nagar	28.179868	77.611843
DXR	KDXR	Danbury Municipal Airport	Danbury	41.371656	-73.482227
DYA	YDYS	Dysart Airport		-22.622200	148.363998
DYG	ZGDY	Zhangjiajie Hehua International Airport	Zhangjiajie (Yongding)	29.104749	110.442786
DYL	KDYL	Doylestown Airport	Doylestown	40.333000	-75.122299
DYM	AU-DYM	Diamantina Lakes Airport	Diamantina Lakes	-23.761700	141.145004
DYR	UHMA	Ugolny Yuri Ryktheu Airport	Anadyr	64.734902	177.740997
DYS	KDYS	Dyess Air Force Base	Abilene	32.420799	-99.854599
DYU	UTDD	Dushanbe International Airport	Dushanbe	38.543746	68.822977
DYW	YDLW	Daly Waters Airport	Daly Waters	-16.264695	133.383379
DZA	FMCZ	Dzaoudzi Pamandzi International Airport	Dzaoudzi	-12.809319	45.281815
DZH	ZUDA	Dazhou Jinya Airport	Dazhou (Dachuan)	31.048815	107.435646
DZI	SK-174	Las Flores Airport	Codazzi	10.096608	-73.233700
DZN	UAKD	Zhezkazgan National Airport	Zhezkazgan	47.708953	67.738094
DZO	SUDU	Santa Bernardina International Airport	Durazno	-33.358898	-56.499199
DZU	ZUDZ	Dazu Air Base	Dazu	29.636227	105.773621
EAA	PAEG	Eagle Airport	Eagle	64.778003	-141.150455
EAB	OYAB	Abs Airport	Abs	16.010983	43.176771
EAE	NVSE	Siwo Airport	Emae Island	-17.090300	168.343002
EAL	EAL	Elenak Airport	Mejato Island	9.319306	166.847778
EAM	OENG	Najran Domestic Airport	Najran	17.611401	44.419201
EAN	KEAN	Phifer Airfield	Wheatland	42.055500	-104.929001
EAR	KEAR	Kearney Regional Airport	Kearney	40.727001	-99.006798
EAS	LESO	San Sebastián Airport	Hondarribia	43.356499	-1.790610
EAT	KEAT	Pangborn Memorial Airport	Wenatchee	47.398899	-120.207001
EAU	KEAU	Chippewa Valley Regional Airport	Eau Claire	44.865799	-91.484299
EAX	SMEG	Eduard Alexander Gummels Airport	Kwatta	5.863807	-55.189504
EBA	LIRJ	Marina di Campo Airport	Campo nell'Elba (LI)	42.760871	10.239811
EBB	HUEN	Entebbe International Airport	Entebbe	0.042386	32.443501
EBD	HSOB	El-Obeid Airport	El-Obeid	13.153200	30.232700
EBG	SKEB	El Bagre Airport	El Bagre	7.596470	-74.808900
EBH	DAOY	El Bayadh Airport	El Bayadh	33.721667	1.092500
EBJ	EKEB	Esbjerg Airport	Esbjerg	55.525902	8.553400
EBL	ORER	Erbil International Airport	Arbil	36.236047	43.946615
EBM	DTTR	El Borma Airport	El Borma	31.704300	9.254620
EBN	MH-EBN	Ebadon Airport	Ebadon Island	9.330560	166.820007
EBO	EBO	Ebon Airport	Ebon Atoll	4.598200	168.752000
EBS	KEBS	Webster City Municipal Airport	Webster City	42.436848	-93.869905
EBU	LFMH	Saint-Étienne-Bouthéon Airport	Andrézieux-Bouthéon, Loire	45.540600	4.296390
EBW	FKKW	Ebolowa Airport	Ebolowa	2.876000	11.185000
ECA	K6D9	Iosco County Airport	East Tawas	44.312801	-83.422302
ECG	KECG	Elizabeth City Regional Airport & Coast Guard Air Station	Elizabeth City	36.260601	-76.174599
ECH	YECH	Echuca Airport		-36.157200	144.761993
ECI	MNCE	Costa Esmeralda Airport	Tola	11.427542	-86.033361
ECN	LCEN	Ercan International Airport	Tymbou (Kirklar)	35.153064	33.507352
ECO	SK-002	El Encanto Airport	El Encanto	-1.753333	-73.204722
ECP	KECP	Northwest Florida Beaches International Airport	Panama City Beach	30.357106	-85.795414
ECR	SKEH	El Charco Airport	El Charco	2.449444	-78.094167
ECS	KECS	Mondell Field	Newcastle	43.883790	-104.314156
EDB	HSDB	Al Dabbah Airport	Al Dabbah	18.014600	30.959500
EDD	YERL	Erldunda Airport	Ghan	-25.206106	133.254161
EDE	KEDE	Northeastern Regional Airport	Edenton	36.027699	-76.567101
EDF	PAED	Elmendorf Air Force Base	Anchorage	61.251709	-149.807097
EDI	EGPH	Edinburgh Airport	Ingliston, Edinburgh	55.950145	-3.372288
EDK	KEQA	Captain Jack Thomas El Dorado Airport	El Dorado	37.774101	-96.817596
EDL	HKEL	Eldoret International Airport	Eldoret	0.404458	35.238899
EDM	LFRI	La Roche-sur-Yon Les Ajoncs Airport	La Roche-sur-Yon	46.701900	-1.378630
EDN	UHWE	Yedinka Airport	Yedinka	47.178201	138.657357
EDO	LTFD	Balıkesir Koca Seyit Airport	Edremit	39.552533	27.010192
EDQ	HN-MUG	Erandique Airport	Erandique	14.235833	-88.437225
EDR	YPMP	Pormpuraaw Airport	Pormpuraaw	-14.896451	141.609080
EDW	KEDW	Edwards Air Force Base	Edwards	34.910781	-117.886391
EEA	SNCP	Planalto Serrano Regional Airport	Correia Pinto	-27.634128	-50.358253
EED	KEED	Needles Airport	Needles	34.766300	-114.623001
EEK	PAEE	Eek Airport	Eek	60.213173	-162.044048
EEN	KEEN	Dillant Hopkins Airport	Keene	42.898399	-72.270798
EES	HEBR	Berenice International Airport / Banas Cape Air Base	Berenice Troglodytica	23.980437	35.460277
EFD	KEFD	Ellington Airport	Houston	29.607300	-95.158798
EFG	AYEF	Efogi Airport	Efogi	-9.153806	147.659806
EFK	KEFK	Northeast Kingdom International Airport	Newport	44.888802	-72.229202
EFL	LGKF	Kefallinia Airport	Kefallinia Island	38.120098	20.500500
EFW	KEFW	Jefferson Municipal Airport	Jefferson	42.009866	-94.341717
EGA	AYEN	Engati Airstrip	Engati	-6.917900	146.105300
EGC	LFBE	Bergerac Dordogne-Périgord airport	Bergerac	44.825298	0.518611
EGE	KEGE	Eagle County Regional Airport	Eagle	39.642601	-106.917999
EGH	HEGR	El Jora Airport	El Jora	31.078138	34.153131
EGI	KEGI	Duke Field	Crestview	30.650400	-86.522903
EGL	HANG	Negele Airport	Negele Borana	5.289700	39.702300
EGM	AGGS	Sege Airport	Sege	-8.578890	157.876007
EGN	HSGN	Geneina Airport	Geneina	13.481882	22.467119
EGO	UUOB	Belgorod International Airport	Belgorod	50.643799	36.590099
EGP	K5T9	Maverick County Memorial International Airport	Eagle Pass	28.859766	-100.516682
EGS	BIEG	Egilsstaðir Airport	Egilsstaðir	65.283302	-14.401400
EGV	KEGV	Eagle River Union Airport	Eagle River	45.932301	-89.268303
EGX	PAII	Egegik Airport	Egegik	58.184386	-157.374873
EHL	SAVB	El Bolsón Airfield	El Bolsón	-41.943199	-71.532303
EHM	PAEH	Cape Newenham LRRS Airport	Cape Newenham	58.646400	-162.063004
EHU	ZHEC	Ezhou Huahu International Airport	Ezhou	30.341178	115.039260
EIB	EDGE	Eisenach-Kindel Airport	Hörselberg-Hainich	50.991604	10.479730
EIE	UNII	Yeniseysk Airport	Yeniseysk	58.474201	92.112503
EIH	YEIN	Einasleigh Airport	Einasleigh	-18.503300	144.093994
EIK	RU-10077	Yeysk Airport	Yeysk	46.680000	38.210000
EIL	PAEI	Eielson Air Force Base	Fairbanks	64.665703	-147.102005
EIN	EHEH	Eindhoven Airport	Eindhoven	51.450100	5.374530
EIS	TUPJ	Terrance B. Lettsome International Airport	Beef Island	18.445492	-64.541707
EIY	LLEY	Ein Yahav Airfield	Sapir	30.621700	35.203300
EJA	SKEJ	Yariguíes Airport	Barrancabermeja	7.024330	-73.806800
EJH	OEWJ	Al Wajh Domestic Airport	Al Wajh	26.198601	36.476398
EJN	ZBEN	Ejin Banner Taolai Airport	Ejin Banner	42.015500	101.000500
EJT	EJT	Enejit Airport	Enejit Island	6.040400	171.984600
EKA	KEKA	Murray Field	Eureka	40.803398	-124.112999
EKB	UASB	Ekibastuz Airport	Ekibastuz	51.591000	75.214996
EKD	YELK	Elkedra Airport		-21.172501	135.444000
EKI	KEKM	Elkhart Municipal Airport	Elkhart	41.719398	-86.003197
EKN	KEKN	Elkins-Randolph County Regional Airport	Elkins	38.889759	-79.857651
EKO	KEKO	Elko Regional Airport	Elko	40.824902	-115.792000
EKS	UHSK	Shakhtyorsk Airport	Shakhtyorsk	49.190300	142.082993
EKT	ESSU	Eskilstuna Airport	Eskilstuna	59.351101	16.708401
EKX	KEKX	Addington Field / Elizabethtown Regional Airport	Elizabethtown	37.686001	-85.925003
ELA	KELA	Eagle Lake Airport	Eagle Lake	29.600599	-96.321899
ELB	SKBC	Las Flores Airport	El Banco	9.045540	-73.974900
ELC	YELD	Elcho Island Airport	Elcho Island	-12.019400	135.570999
ELD	KELD	South Arkansas Regional Airport at Goodwin Field	El Dorado	33.221001	-92.813301
ELE	PA-ELE	EL Real Airport	El Real de Santa María	8.107235	-77.725545
ELF	HSFS	El Fasher Airport	El Fasher	13.614900	25.324600
ELG	DAUE	El Golea Airport	El Menia	30.580732	2.861595
ELH	MYEH	North Eleuthera Airport	North Eleuthera	25.475823	-76.680784
ELI	PFEL	Elim Airport	Elim	64.614700	-162.272003
ELJ	SK-284	El Recreo Airport	Ruperto Polania	2.000000	-74.133333
ELK	KELK	Elk City Regional Business Airport	Elk City	35.430801	-99.394302
ELL	FAER	Ellisras Matimba Airport	Ellisras	-23.726700	27.688299
ELM	KELM	Elmira Corning Regional Airport	Elmira/Corning	42.159901	-76.891602
ELN	KELN	Bowers Field	Ellensburg	47.033001	-120.530998
ELO	SATD	El Dorado Airport	El Dorado	-26.397499	-54.574699
ELP	KELP	El Paso International Airport	El Paso	31.809908	-106.375607
ELQ	OEGS	Prince Naif bin Abdulaziz International Airport	Qassim	26.302799	43.774399
ELR	ID-ELR	Elelim Airport	Elelim	-3.785922	139.384497
ELS	FAEL	King Phalo Airport	East London	-33.035599	27.825899
ELT	HETR	At Tur Airport	At Tur	28.208964	33.645483
ELU	DAUO	Guemar Airport - مطار قمار بالوادي	Guemar	33.511398	6.776790
ELX	VE-0222	El Tigre Airport	El Tigre	8.833546	-64.208280
ELY	KELY	Ely Airport Yelland Field	Ely	39.299702	-114.842003
ELZ	KELZ	Wellsville Municipal Airport - Tarantine Field	Wellsville	42.109501	-77.989998
EMA	EGNX	East Midlands Airport	Nottingham, Leicestershire	52.831100	-1.328060
EMD	YEML	Emerald Airport	Emerald	-23.567499	148.179001
EME	EDWE	Emden Airport	Emden	53.391109	7.227500
EMG	FAEM	Empangeni Airport	Empangeni	-28.719999	31.889999
EMI	AYEE	Emirau Airport	Emirau Island	-1.653950	149.975767
EMK	PAEM	Emmonak Airport	Emmonak	62.786098	-164.490997
EML	LSME	Emmen Air Base	Emmen	47.092444	8.305184
EMM	KEMM	Kemmerer Municipal Airport	Kemmerer	41.824100	-110.556999
EMN	GQNI	Néma Airport	Néma	16.622000	-7.316600
EMO	AYEO	Emo River Airstrip	Emo Mission	-9.123400	148.041500
EMP	KEMP	Emporia Municipal Airport	Emporia	38.332100	-96.191200
EMS	AYEB	Embessa Airport	Embessa	-9.447000	148.762800
EMT	KEMT	San Gabriel Valley Airport	El Monte	34.086102	-118.035004
EMX	SAVD	El Maitén Airport	El Maitén	-42.029202	-71.172501
EMY	HE25	El Minya Airport	El Minya	28.090509	30.738738
ENA	PAEN	Kenai Municipal Airport	Kenai	60.570946	-151.245174
ENB	YEEB	Eneabba Airport	Eneabba	-29.832500	115.246002
ENC	LFSN	Nancy-Essey Airport	Tomblaine, Meurthe-et-Moselle	48.692101	6.230460
END	KEND	Vance Air Force Base	Enid	36.339199	-97.916496
ENE	WATE	H. Hasan Aroeboesman (Ende) Airport	Ende	-8.849114	121.661010
ENF	EFET	Enontekio Airport	Enontekio	68.362602	23.424299
ENG	ID-0172	Enggano Airport	Enggano	-5.305621	102.189546
ENH	ZHES	Enshi Xujiaping Airport	Enshi (Enshi)	30.320299	109.485001
ENI	RPEN	El Nido Airport	El Nido	11.202399	119.416087
ENJ	GT-0003	El Naranjo Airport	El Naranjo	14.106931	-90.817496
ENK	EGAB	Enniskillen/St Angelo Airport	Enniskillen, Fermanagh and Omagh	54.398274	-7.651179
ENL	KENL	Centralia Municipal Airport	Centralia	38.515099	-89.091103
ENN	PANN	Nenana Municipal Airport	Nenana	64.548772	-149.074516
ENO	SGEN	Teniente Ramon A. Ayub Gonzalez International Airport	Encarnación	-27.227537	-55.837584
ENS	EHTW	Twente Airport	Enschede	52.275833	6.889167
ENT	PKMA	Eniwetok Airport	Eniwetok Atoll	11.340700	162.328003
ENU	DNEN	Akanu Ibiam International Airport	Enegu	6.473718	7.560463
ENV	KENV	Wendover Airport	Wendover	40.718700	-114.030998
ENW	KENW	Kenosha Regional Airport	Kenosha	42.595699	-87.927803
ENY	ZLYA	Yan'an Nanniwan Airport	Yan'an (Baota)	36.479413	109.464083
EOH	SKMD	Enrique Olaya Herrera Airport	Medellín	6.219686	-75.590597
EOI	EGED	Eday Airport	Eday	59.190601	-2.772220
EOK	KEOK	Keokuk Municipal Airport	Keokuk	40.459900	-91.428497
EOR	SVED	El Dorado Airport	Bolivar	6.715730	-61.638786
EOS	KEOS	Neosho Hugh Robinson Airport	Neosho	36.810799	-94.391701
EOZ	SVEZ	Elorza Airport		7.059677	-69.496700
EPA	SADP	El Palomar Airport	El Palomar	-34.609900	-58.612600
EPG	NE69	Browns Airport	Weeping Water	40.867500	-96.110001
EPH	KEPH	Ephrata Municipal Airport	Ephrata	47.307598	-119.515999
EPL	LFSG	Épinal Mirecourt Airport	Épinal	48.325001	6.069980
EPR	YESP	Esperance Airport	Esperance	-33.684399	121.822998
EPT	AYEL	Eliptamin Airport	Eliptamin	-5.041200	141.677900
EPU	EEPU	Pärnu Airport	Pärnu	58.418999	24.472799
EQS	SAVE	Esquel Brigadier Antonio Parodi International Airport	Esquel	-42.908001	-71.139503
ERA	HCMU	Erigavo Airport	Erigavo	10.642051	47.387981
ERB	YERN	Ernabella Airport		-26.263300	132.182007
ERC	LTCD	Erzincan Airport	Erzincan	39.710201	39.527000
ERD	UKDB	Berdyansk Airport	Berdyansk	46.814999	36.758099
ERE	AYEV	Erave Airport	Erave	-6.606463	143.900213
ERF	EDDE	Erfurt-Weimar Airport	Erfurt	50.978281	10.960713
ERG	UIKE	Yerbogachen Airport	Erbogachen	61.275002	108.029999
ERH	GMFK	Moulay Ali Cherif Airport	Errachidia	31.947500	-4.398330
ERI	KERI	Erie International Tom Ridge Field	Erie	42.083127	-80.173867
ERL	ZBER	Erenhot Saiwusu International Airport	Erenhot	43.424079	112.091081
ERM	SSER	Erechim Airport	Erechim	-27.663614	-52.271489
ERN	SWEI	Eirunepé Airport	Eirunepé	-6.639533	-69.879709
ERQ	YESE	Elrose Airport	Elrose Mine	-20.976400	141.006600
ERR	KERR	Errol Airport	Errol	44.792500	-71.164200
ERS	FYWE	Eros Airport	Windhoek	-22.604920	17.079002
ERT	ERT	Erdenet Airport	Erdenet	48.983056	104.150556
ERU	AYER	Erume Airport	Erume	-8.253800	146.974700
ERV	KERV	Kerrville / Kerr County Airport at Louis Schreiner Field	Kerrville	29.976700	-99.085701
ERZ	LTCE	Erzurum International Airport	Erzurum	39.956501	41.170200
ESA	PG-0008	Esa'ala Airport	Esa'ala	-9.874327	150.954208
ESB	LTAC	Esenboğa International Airport	Ankara	40.128101	32.995098
ESC	KESC	Delta County Airport	Escanaba	45.723199	-87.088623
ESD	KORS	Orcas Island Airport	Eastsound	48.708199	-122.910004
ESE	MMES	Ensenada International Airport / El Ciprés Air Base	Ensenada	31.794516	-116.602384
ESF	KESF	Esler Army Airfield / Esler Regional Airport	Alexandria	31.394266	-92.294082
ESG	SGME	Dr. Luis María Argaña International Airport	Mariscal Estigarribia	-22.046499	-60.621700
ESH	EGKA	Brighton City Airport	Brighton, East Sussex	50.835602	-0.297222
ESK	LTBI	Eskişehir Air Base	Eskişehir	39.784100	30.582100
ESL	URWI	Elista Airport	Elista	46.373901	44.330898
ESM	SETN	Carlos Concha Torres International Airport	Tachina	0.978519	-79.626602
ESN	KESN	Easton Airport / Newnam Field	Easton	38.804199	-76.069000
ESO	KE14	Ohkay Owingeh Airport	Espanola	36.026133	-106.045443
ESR	SCES	Ricardo García Posada Airport	El Salvador	-26.311100	-69.765198
ESS	EDLE	Essen-Mülheim Airport	Essen	51.402302	6.937330
EST	KEST	Estherville Municipal Airport	Estherville	43.407398	-94.746399
ESU	GMMI	Essaouira-Mogador Airport	Essaouira	31.397499	-9.681670
ESW	KESW	Easton State Airport	Easton	47.254200	-121.185997
ETB	KETB	West Bend Municipal Airport	West Bend	43.422278	-88.128966
ETD	YEDA	Etadunna Airport	Etadunna	-28.740801	138.589005
ETE	HAMM	Metema Airport	Metema	12.933000	36.167000
ETL	UHTQ	Svetlaya Airport	Svetlaya	46.541704	138.321703
ETM	LLER	Ramon International Airport	Eilat	29.727009	35.014116
ETN	KETN	Eastland Municipal Airport	Eastland	32.413502	-98.809799
ETR	SERO	Santa Rosa - Artillery Colonel Victor Larrea International Airport	Santa Rosa	-3.441986	-79.996957
ETS	KEDN	Enterprise Municipal Airport	Enterprise	31.299700	-85.899902
ETZ	LFJL	Metz-Nancy-Lorraine Airport	Goin	48.982101	6.251320
EUA	NFTE	Kaufana Airport	Eua Island	-21.378300	-174.957993
EUC	YECL	Eucla Airport		-31.707084	128.877243
EUE	K05U	Eureka Airport	Eureka	39.604198	-116.004997
EUF	KEUF	Weedon Field	Eufaula	31.951300	-85.128899
EUG	KEUG	Eugene Airport	Eugene	44.124599	-123.211998
EUM	EDHN	Neumünster Airport	Neumünster	54.079445	9.941389
EUN	GMML	Laayoune Hassan I International Airport	El Aaiún	27.142467	-13.224947
EUO	SK-115	Paratebueno Airport	Paratebueno	4.401295	-73.188381
EUQ	RPVS	Evelio Javier Airport	San Jose	10.766644	121.932506
EUX	TNCE	F. D. Roosevelt Airport	Oranjestad	17.496500	-62.979401
EVD	YEVA	Eva Downs Airport	Eva Downs	-18.000999	134.863007
EVE	ENEV	Harstad/Narvik Airport	Evenes	68.491302	16.678101
EVG	ESND	Sveg Airport	Sveg	62.047798	14.422900
EVH	YEVD	Evans Head Aerodrome		-29.101786	153.419255
EVM	KEVM	Eveleth–Virginia Municipal Airport	Eveleth	47.424580	-92.499204
EVN	UDYZ	Zvartnots International Airport	Yerevan	40.148941	44.397887
EVV	KEVV	Evansville Regional Airport	Evansville	38.036999	-87.532402
EVW	KEVW	Evanston-Uinta County Airport-Burns Field	Evanston	41.274799	-111.035004
EVX	LFOE	Évreux-Fauville (BA 105) Air Base	Fauville, Eure	49.028702	1.219860
EWB	KEWB	New Bedford Regional Airport	New Bedford	41.676102	-70.956902
EWE	ID-EWE	Ewer Asmat Airport	Agats	-5.496185	138.078361
EWI	WAYE	Enarotali Airport	Enarotali	-3.925739	136.378634
EWK	KEWK	Newton City-County Airport	Newton	38.058201	-97.274498
EWN	KEWN	Coastal Carolina Regional Airport	New Bern	35.073002	-77.042900
EWO	FCOE	Ewo Airport	Ewo	-0.883000	14.800000
EWR	KEWR	Newark Liberty International Airport	Newark	40.689400	-74.170545
EXM	YEXM	Exmouth Airport	Exmouth	-22.040677	114.102663
EXT	EGTE	Exeter International Airport	Exeter, Devon	50.734261	-3.413984
EYA	UHBE	Zeya Airport	Zeya	53.687023	127.090972
EYK	USHQ	Beloyarskiy Airport		63.686901	66.698601
EYL	GAYE	Yélimané Airport	Yélimané	15.123682	-10.571177
EYP	SKYP	El Alcaravan - Yopal Airport	Yopal	5.319110	-72.384000
EYR	KO43	Yerington Municipal Airport	Yerington	39.004101	-119.157997
EYS	HKES	Eliye Springs Airport	Eliye Springs	3.236405	35.974938
EYW	KEYW	Key West International Airport	Key West	24.556119	-81.759579
EZE	SAEZ	Ezeiza International Airport - Ministro Pistarini	Buenos Aires (Ezeiza)	-34.822200	-58.535800
EZS	LTCA	Elazığ Airport	Elazığ	38.597974	39.283480
EZV	USHB	Berezovo Airport		63.921001	65.030502
FAA	GUFH	Faranah Airport	Faranah	10.035500	-10.769800
FAB	EGLF	Farnborough Airport	Farnborough, Hampshire	51.275799	-0.776333
FAC	NTKF	Faaite Airport	Faaite	-16.686570	-145.329394
FAE	EKVG	Vágar Airport	Vágar	62.063256	-7.275782
FAF	KFAF	Felker Army Air Field	Newport News (Fort Eustis)	37.132500	-76.608803
FAG	BIFM	Fagurhólsmýri Airport	Fagurhólsmýri	63.874699	-16.641100
FAH	OAFR	Farah Airport	Farah	32.366667	62.165347
FAI	PAFA	Fairbanks International Airport	Fairbanks	64.815102	-147.856003
FAM	KFAM	Farmington Regional Airport	Farmington	37.761101	-90.428597
FAO	LPFR	Faro - Gago Coutinho International Airport	Faro	37.015909	-7.970939
FAQ	AYFR	Frieda River Airport	Frieda River	-4.610468	141.960138
FAR	KFAR	Hector International Airport	Fargo	46.920700	-96.815804
FAT	KFAT	Fresno Yosemite International Airport	Fresno	36.775767	-119.718018
FAU	OOFD	Fahud Airport	Fahud	22.354759	56.484146
FAV	NTGF	Fakarava Airport		-16.054100	-145.656998
FAY	KFAY	Fayetteville Regional Airport - Grannis Field	Fayetteville	34.991199	-78.880302
FAZ	OISF	Fasa Airport	Fasa	28.891800	53.723301
FBA	SWOB	Fonte Boa Airport	Fonte Boa	-2.532610	-66.083199
FBD	OAFZ	Fayzabad Airport	Fayzabad	37.122148	70.520100
FBE	SSFB	Paulo Abdala Airport	Francisco Beltrão	-26.059380	-53.063827
FBG	KFBG	Simmons Army Air Field	Fort Bragg	35.131802	-78.936699
FBK	PAFB	Ladd Army Airfield	Fairbanks	64.837502	-147.613998
FBL	KFBL	Faribault Municipal Airport-Liz Wall Strohfus Field	Faribault	44.328440	-93.312534
FBM	FZQA	Lubumbashi International Airport	Lubumbashi	-11.591494	27.530753
FBR	KFBR	Fort Bridger Airport	Fort Bridger	41.391899	-110.406998
FBY	KFBY	Fairbury Municipal Airport	Fairbury	40.182999	-97.169296
FCA	KGPI	Glacier Park International Airport	Kalispell	48.310501	-114.255997
FCB	FAFB	Ficksburg Sentraoes Airport	Ficksburg	-28.823099	27.908899
FCH	KFCH	Fresno Chandler Executive Airport	Fresno	36.732399	-119.820000
FCM	KFCM	Flying Cloud Airport	Minneapolis	44.827202	-93.457100
FCN	ETMN	Sea-Airport Cuxhaven/Nordholz / Nordholz Naval Airbase	Wurster Nordseeküste	53.767689	8.659201
FCO	LIRF	Rome–Fiumicino Leonardo da Vinci International Airport	Rome	41.804532	12.251998
FCS	KFCS	Butts AAF (Fort Carson) Air Field	Fort Carson	38.678398	-104.757004
FCY	KFCY	Forrest City Municipal Airport	Forrest City	34.942001	-90.775002
FDA	SKFU	Fundación Airport	Fundación	10.533300	-74.200000
FDE	ENBL	Førde Airport, Bringeland	Førde	61.391102	5.756940
FDF	TFFF	Martinique Aimé Césaire International Airport	Fort-de-France	14.591000	-61.003201
FDH	EDNY	Bodensee Airport Friedrichshafen	Friedrichshafen	47.671299	9.511490
FDK	KFDK	Frederick Municipal Airport	Frederick	39.417599	-77.374298
FDR	KFDR	Frederick Regional Airport	Frederick	34.352001	-98.983902
FDU	FZBO	Bandundu Airport	Bandundu	-3.311320	17.381701
FDY	KFDY	Findlay Airport	Findlay	41.013500	-83.668701
FEB	VNSR	Sanfebagar Airport	Sanfebagar	29.236629	81.215317
FEC	SDIY	João Durval Carneiro Airport	Feira de Santana	-12.200694	-38.906164
FEG	UZFF	Fergana International Airport	Fergana	40.358799	71.745003
FEJ	SNOU	Feijó Airport	Feijó	-8.141213	-70.340821
FEN	SBFN	Fernando de Noronha Airport	Fernando de Noronha	-3.854534	-32.423017
FEP	KFEP	Albertus Airport	Freeport	42.246201	-89.582001
FET	KFET	Fremont Municipal Airport	Fremont	41.450240	-96.522884
FEZ	GMFF	Fes Saïss International Airport	Saïss	33.927299	-4.977960
FFA	KFFA	First Flight Airport	Kill Devil Hills	36.018200	-75.671303
FFD	EGVA	RAF Fairford	Fairford, Gloucestershire	51.683568	-1.789172
FFL	KFFL	Fairfield Municipal Airport	Fairfield	41.053024	-91.980114
FFM	KFFM	Fergus Falls Municipal Airport - Einar Mickelson Field	Fergus Falls	46.284401	-96.156700
FFO	KFFO	Wright-Patterson Air Force Base	Dayton	39.826099	-84.048302
FFT	KFFT	Capital City Airport	Frankfort	38.181698	-84.906764
FFU	SCFT	Futaleufú Airport	Futaleufu	-43.189201	-71.851097
FGD	GQPF	Fderik Airport	Fderik	22.673551	-12.729262
FGI	NSFI	Fagali'i Airport	Apia	-13.849167	-171.739866
FGU	NTGB	Fangatau Airport	Fangatau	-15.820044	-140.888071
FHU	KFHU	Sierra Vista Municipal Airport / Libby Army Air Field	Fort Huachuca / Sierra Vista	31.587383	-110.348225
FHZ	NTKH	Fakahina Airport	Fakahina	-15.992259	-140.164246
FID	K0B8	Elizabeth Field	Fishers Island	41.252099	-72.032218
FIE	EGEF	Fair Isle Airport	Fair Isle	59.534721	-1.628509
FIG	GUFA	Fria Airport	Fria	10.350600	-13.569200
FIH	FZAA	Ndjili International Airport	Kinshasa	-4.385750	15.444600
FIK	YFNE	Finke Airport	Finke	-25.594700	134.582993
FIL	KFOM	Fillmore Municipal Airport	Fillmore	38.958302	-112.362999
FIN	AYFI	Finschhafen Airport	Buki	-6.621750	147.854050
FIZ	YFTZ	Fitzroy Crossing Airport		-18.183596	125.559783
FJR	OMFJ	Fujairah International Airport	Fujairah	25.108411	56.328061
FKB	EDSB	Karlsruhe Baden-Baden Airport	Rheinmünster	48.779400	8.080500
FKI	FZIC	Bangoka International Airport	Kisangani	0.481639	25.337999
FKJ	RJNF	Fukui Airport	Fukui	36.142799	136.223999
FKL	KFKL	Venango Regional Airport	Franklin	41.377899	-79.860397
FKN	KFKN	Franklin Regional Airport	Franklin	36.698101	-76.903801
FKQ	WASF	Fakfak Airport	Fakfak	-2.920508	132.267011
FKS	RJSF	Fukushima Airport	Sukagawa	37.227402	140.431000
FLA	SKFL	Gustavo Artunduaga Paredes Airport	Florencia	1.589190	-75.564400
FLB	SNQG	Cangapara Airport	Floriano	-6.846390	-43.077301
FLD	KFLD	Fond du Lac County Airport	Fond du Lac	43.771198	-88.488403
FLF	EDXF	Flensburg-Schäferhaus Airport	Flensburg	54.773335	9.378889
FLG	KFLG	Flagstaff Pulliam Airport	Flagstaff	35.139757	-111.669826
FLH	GB-FLH	Flotta Isle Airstrip	Flotta Isle	58.825802	-3.142780
FLL	KFLL	Fort Lauderdale Hollywood International Airport	Fort Lauderdale	26.072599	-80.152702
FLM	SGFI	Aeródromo de Filadelfia	Filadelfia	-22.354611	-60.053211
FLN	SBFL	Hercílio Luz International Airport	Florianópolis	-27.670279	-48.552502
FLO	KFLO	Florence Regional Airport	Florence	34.185398	-79.723900
FLP	KFLP	Marion County Regional Airport	Flippin	36.290901	-92.590302
FLR	LIRQ	Florence Airport, Peretola	Firenze (FI)	43.808558	11.202822
FLS	YFLI	Flinders Island Airport	Whitemark	-40.091702	147.992996
FLT	FLT	Flat Airport	Flat	62.452599	-157.988998
FLV	KFLV	Sherman Army Air Field	Fort Leavenworth	39.368301	-94.914703
FLW	LPFL	Flores Airport	Santa Cruz das Flores	39.455299	-31.131399
FLX	KFLX	Fallon Municipal Airport	Fallon	39.499100	-118.749001
FLY	YFIL	Finley Airport		-35.658918	145.561214
FLZ	WIMS	Dr. Ferdinand Lumban Tobing Airport	Sibolga (Pinangsori)	1.557127	98.887145
FMA	SARF	Formosa National Airport	Formosa	-26.212700	-58.228100
FME	KFME	Fort Meade Executive Airport	Fort Meade(Odenton)	39.085400	-76.759399
FMG	MRFL	Flamingo Airport	Brasilito	10.418600	-85.782700
FMH	KFMH	Cape Cod Coast Guard Air Station	Falmouth	41.657899	-70.521630
FMI	FZRF	Kalemie Airport	Kalemie	-5.875560	29.250000
FMM	EDJA	Memmingen Allgau Airport	Memmingen	47.988092	10.238248
FMN	KFMN	Four Corners Regional Airport	Farmington	36.741199	-108.230003
FMO	EDDG	Münster Osnabrück Airport	Greven	52.133816	7.688482
FMS	KFSW	Fort Madison Municipal Airport	Fort Madison	40.659113	-91.327763
FMT	VRQF	Faresmaathoda Airport	Faresmaathodaa	0.192647	73.196755
FMU	K6S2	Florence Municipal Airport	Florence	43.982800	-124.111000
FMY	KFMY	Page Field	Fort Myers	26.586599	-81.863297
FNA	GFLL	Lungi International Airport	Freetown (Lungi-Town)	8.616440	-13.195500
FNB	EDBN	Neubrandenburg Trollenhagen Airport	Trollenhagen	53.602200	13.306000
FNC	LPMA	Cristiano Ronaldo International Airport	Funchal	32.697812	-16.774613
FND	VRCF	Funadhoo Airport	Funadhoo	6.162443	73.287520
FNE	AYFA	Fane Airport	Fane Mission	-8.549278	147.085833
FNG	DFEF	Fada N'gourma Airport	Fada N'gourma	12.038931	0.362798
FNH	HAFN	Fincha Airport	Fincha	9.584387	37.377855
FNI	LFTW	Nîmes-Arles-Camargue Airport	Nîmes/Garons	43.757401	4.416350
FNJ	ZKPY	Pyongyang Sunan International Airport	Pyongyang	39.224098	125.669998
FNL	KFNL	Northern Colorado Regional Airport	Loveland	40.449690	-105.011272
FNT	KFNT	Bishop International Airport	Flint	42.969294	-83.743355
FNU	LIER	Oristano-Fenosu Airport	Oristano	39.895308	8.642661
FOA	GB-FOA	Foula Airfield	Foula	60.121916	-2.053439
FOB	82CL	Fort Bragg Airport	Fort Bragg	39.472445	-123.795319
FOC	ZSFZ	Fuzhou Changle International Airport	Fuzhou (Changle)	25.929254	119.672524
FOD	KFOD	Fort Dodge Regional Airport	Fort Dodge	42.552624	-94.191237
FOE	KFOE	Topeka Regional Airport	Topeka	38.950901	-95.663597
FOG	LIBF	Foggia Gino Lisa Airport	Foggia (FG)	41.433596	15.534566
FOK	KFOK	Francis S Gabreski Airport	Westhampton Beach	40.843700	-72.631798
FOM	FKKM	Foumban Nkounja Airport	Foumban	5.636920	10.750800
FON	MRAN	La Fortuna Arenal Airport	La Fortuna	10.469311	-84.579073
FOO	WABF	Kornasoren Airport	Nomfor	-0.935745	134.872292
FOR	SBFZ	Pinto Martins International Airport	Fortaleza	-3.775833	-38.532222
FOS	YFRT	Forrest Airport		-30.836620	128.112811
FOT	YFST	Forster (Wallis Is) Airport		-32.202489	152.481136
FOU	FOGF	Fougamou Airport	Fougamou	-1.278325	10.612497
FOY	FOY	Foya Airport	Foya	8.351300	-10.226900
FPO	MYGF	Grand Bahama International Airport	Freeport	26.557996	-78.695583
FPR	KFPR	Treasure Coast International Airport	Fort Pierce	27.495100	-80.368301
FPY	K40J	Perry-Foley Airport	Perry	30.069300	-83.580597
FRA	EDDF	Frankfurt Main Airport	Frankfurt am Main	50.026706	8.558350
FRB	YFBS	Forbes Airport	Forbes	-33.363602	147.934998
FRC	SIMK	Tenente Lund Pressoto Airport	Franca	-20.592199	-47.382900
FRD	KFHR	Friday Harbor Airport	Friday Harbor	48.523654	-123.024645
FRE	AGGF	Fera/Maringe Airport	Fera Island	-8.107500	159.576996
FRG	KFRG	Republic Airport	East Farmingdale	40.728576	-73.414267
FRH	KFRH	French Lick Municipal Airport	French Lick	38.506199	-86.636902
FRI	KFRI	Marshall Army Air Field	Fort Riley (Junction City)	39.053021	-96.764202
FRK	FSSF	Frégate Island Airport (UNUSABLE)	Frégate Island	-4.582785	55.944928
FRL	LIPK	Forlì-Luigi Ridolfi International Airport	Forlì (FC)	44.194801	12.070100
FRM	KFRM	Fairmont Municipal Airport	Fairmont	43.643902	-94.415604
FRN	PAFR	Bryant Army Airfield	Fort Richardson	61.266399	-149.653000
FRO	ENFL	Florø Airport	Florø	61.583599	5.024720
FRQ	AYFE	Feramin Airport	Feramin	-5.208000	141.698800
FRR	KFRR	Front Royal Warren County Airport	Front Royal	38.917500	-78.253502
FRS	MGMM	Mundo Maya International Airport	San Benito	16.913707	-89.866143
FRT	SCEV	El Avellano Airport	Frutillar	-41.051666	-73.351110
FRW	FBPM	Phillip Gaonwe Matante International Airport	Francistown	-21.159183	27.468826
FRY	KIZG	Eastern Slopes Regional Airport	Fryeburg	43.991100	-70.947899
FRZ	ETHF	Fritzlar Army Airfield	Fritzlar	51.114600	9.286000
FSC	LFKF	Figari Sud-Corse Airport	Figari	41.501850	9.097092
FSD	KFSD	Sioux Falls Regional Airport	Sioux Falls	43.585463	-96.741152
FSH	WIMI	Syekh Hamzah Fansyuri Airport	Singkil	2.269614	97.967863
FSI	KFSI	Henry Post Army Air Field	Fort Sill	34.649799	-98.402199
FSK	KFSK	Fort Scott Municipal Airport	Fort Scott	37.798401	-94.769402
FSL	FSL	Fossil Downs Airport	Fossil Downs Station	-18.132100	125.787300
FSM	KFSM	Fort Smith Regional Airport	Fort Smith	35.336601	-94.367401
FSP	LFVP	Saint-Pierre Pointe-Blanche Airport	Saint-Pierre	46.762651	-56.174990
FST	KFST	Fort Stockton Pecos County Airport	Fort Stockton	30.915701	-102.916000
FSU	KFSU	Fort Sumner Municipal Airport	Fort Sumner	34.483398	-104.217003
FSZ	RJNS	Mount Fuji Shizuoka Airport	Makinohara / Shimada	34.795022	138.190976
FTA	NVVF	Futuna Airport	Futuna Island	-19.516399	170.231995
FTE	SAWC	El Calafate - Commander Armando Tola International Airport	El Calafate	-50.280267	-72.053401
FTI	NSFQ	Fitiuta Airport	Fitiuta Village	-14.216131	-169.423771
FTK	KFTK	Godman Army Air Field	Fort Knox	37.907101	-85.972099
FTU	FMSD	Tôlanaro Airport	Tôlanaro	-25.038099	46.956100
FTW	KFTW	Fort Worth Meacham International Airport	Fort Worth	32.819919	-97.360818
FTX	FCOO	Owando Airport	Owando	-0.524566	15.937820
FTY	KFTY	Fulton County Airport Brown Field	Atlanta	33.779099	-84.521400
FUB	FUB	Fulleborn Airport	Fulleborn	-6.151800	150.626400
FUE	GCFV	Fuerteventura Airport	El Matorral	28.452700	-13.863800
FUG	ZSFY	Fuyang Xiguan Airport	Yingzhou, Fuyang	32.882157	115.734364
FUJ	RJFE	Fukue Airport	Goto	32.666302	128.832993
FUK	RJFF	Fukuoka Airport	Fukuoka	33.585899	130.451004
FUL	KFUL	Fullerton Municipal Airport	Fullerton	33.872002	-117.980003
FUM	AYFU	Fuma Airport	Fuma	-6.393300	142.440800
FUN	NGFU	Funafuti International Airport	Funafuti	-8.523885	179.196976
FUO	ZGFS	Foshan Shadi Airport	Foshan (Nanhai)	23.082500	113.070833
FUT	NLWF	Pointe Vele Airport	Futuna Island	-14.311565	-178.066492
FVL	YFLO	Flora Valley Airport		-18.297844	128.455897
FVM	VRMF	Fuvahmulah Airport	Fuvahmulah Island	-0.309722	73.435000
FVR	YFRV	Oombulgurri Airport	Oombulgurri	-15.164700	127.840100
FWA	KFWA	Fort Wayne International Airport	Fort Wayne	40.978896	-85.194465
FWH	KNFW	NAS Fort Worth JRB / Carswell Field	Fort Worth	32.769199	-97.441498
FWL	US-12647	Farewell Airport	Farewell	62.509327	-153.892279
FXE	KFXE	Fort Lauderdale Executive Airport	Fort Lauderdale	26.197300	-80.170700
FXO	FQCB	Cuamba Airport	Cuamba	-14.815000	36.529999
FXY	KFXY	Forest City Municipal Airport	Forest City	43.234699	-93.624100
FYJ	ZYFY	Fuyuan Dongji Airport	Fuyuan	48.197219	134.362980
FYM	KFYM	Fayetteville Municipal Airport	Fayetteville	35.059700	-86.564003
FYN	ZWFY	Fuyun Koktokay Airport	Fuyun	46.804169	89.512006
FYT	FTTY	Faya-Largeau Airport	Faya-Largeau	17.917101	19.111099
FYU	PFYU	Fort Yukon Airport	Fort Yukon	66.571651	-145.249987
FYV	KFYV	Drake Field	Fayetteville	36.005100	-94.170097
FZL	UBBF	Fuzuli International Airport	Fuzuli	39.594578	47.196128
GAA	SK-261	Guamal Airport	Guamal	9.150000	-74.233333
GAB	KGAB	Gabbs Airport	Gabbs	38.923173	-117.957200
GAC	MHGS	Celaque Gracias Airport	Gracias	14.573492	-88.595801
GAD	KGAD	Northeast Alabama Regional Airport	Gadsden	33.972599	-86.088996
GAE	DTTG	Gabès Matmata International Airport	Gabès	33.733691	9.919410
GAF	DTTF	Gafsa Ksar International Airport	Gafsa	34.422001	8.822500
GAG	KGAG	Gage Heibeck Airport	Gage	36.295502	-99.776398
GAH	YGAY	Gayndah Airport	Gayndah	-25.615939	151.620550
GAI	KGAI	Montgomery County Airpark	Gaithersburg	39.168301	-77.166000
GAJ	RJSC	Yamagata Airport	Higashine	38.411900	140.371002
GAL	PAGA	Edward G. Pitka Sr Airport	Galena	64.736198	-156.936997
GAM	PAGM	Gambell Airport	Gambell	63.767694	-171.733303
GAN	VRMG	Gan International Airport	Gan	-0.692975	73.152627
GAO	MUGT	Mariana Grajales Airport	Guantánamo	20.085300	-75.158302
GAP	AYGP	Gusap Airport	Gusap	-6.053196	145.959047
GAQ	GAGO	Gao International Airport	Gao	16.248466	-0.005389
GAR	AYGI	Garaina Airport	Garaina	-7.875625	147.141266
GAS	HKGA	Garissa Airport	Garissa	-0.463508	39.648300
GAT	LFNA	Gap-Tallard Airfield	Tallard, Hautes-Alpes	44.455002	6.037780
GAU	VEGT	Lokpriya Gopinath Bordoloi International Airport	Guwahati	26.106654	91.585226
GAV	ID-GAV	Gag Island Airport	Gag Island	-0.400556	129.895004
GAW	VYGG	Gangaw Airport	Gangaw	22.174700	94.134399
GAX	FOGX	Gamba Airport	Gamba	-2.785278	10.047222
GAY	VEGY	Gaya Airport	Gaya	24.744301	84.951202
GAZ	AYGJ	Guasopa Airport	Woodlark (Muyua) Island	-9.225918	152.944352
GBA	EGBP	Cotswold Airport	Cirencester, Gloucestershire	51.668528	-2.056599
GBB	UBBQ	Gabala International Airport	Gabala	40.808617	47.725389
GBC	AYGS	Gasuke Airport	Gasuke	-6.102800	141.739300
GBD	KGBD	Great Bend Municipal Airport	Great Bend	38.344299	-98.859200
GBE	FBSK	Sir Seretse Khama International Airport	Gaborone	-24.555201	25.918200
GBF	AYNE	Negarbo(Negabo) Airport	Negarbo	-6.567778	144.703058
GBG	KGBG	Galesburg Municipal Airport	Galesburg	40.938000	-90.431099
GBH	PAGB	Galbraith Lake Airport	Galbraith Lake	68.479698	-149.490005
GBI	VOGB	Kalaburagi Airport	Kalaburagi	17.308154	76.965246
GBJ	TFFM	Marie-Galante Airport	Grand-Bourg	15.868925	-61.270087
GBK	GFGK	Gbangbatok Airport	Gbangbatok	7.812535	-12.377815
GBL	YGBI	South Goulburn Is Airport		-11.650000	133.382004
GBM	GBM	Garbaharey Airport	Garbaharey	3.322940	42.213090
GBP	YGAM	Gamboola Airport	Gamboola	-16.544120	143.668155
GBR	KGBR	Walter J. Koladza Airport	Great Barrington	42.184200	-73.403198
GBT	OING	Gorgan Airport	Gorgan	36.909401	54.401299
GBU	HSKG	Khashm El Girba Airport	Khashm El Girba	14.925000	35.877998
GBV	YGIB	Gibb River Airport	Gibb	-16.418661	126.445685
GBW	YGIA	Ginbata Airport	Ginbata	-22.581200	120.035530
GBZ	NZGB	Great Barrier Aerodrome	Claris	-36.241402	175.472000
GCA	SK-236	Guacamayas Airport	Guacamayas	2.283333	-74.950000
GCC	KGCC	Northeast Wyoming Regional Airport	Gillette	44.348900	-105.539001
GCD	K3W7	Grand Coulee Dam Airport	Electric City	47.922001	-119.083000
GCH	OIAH	Gachsaran Airport	Gachsaran	30.333869	50.833796
GCI	EGJB	Guernsey Airport	Saint Peter Port	49.435001	-2.601970
GCJ	FAGC	Grand Central Airport	Midrand	-25.986300	28.140100
GCK	KGCK	Garden City Regional Airport	Garden City	37.927502	-100.723999
GCM	MWCR	Owen Roberts International Airport	George Town	19.292801	-81.357697
GCN	KGCN	Grand Canyon National Park Airport	Grand Canyon - Tusayan	35.952400	-112.147003
GCT	1Z1	Grand Canyon Bar Ten Airstrip	Littlefield	36.257984	-113.231063
GCV	GCV	Gravatai Airport	Gravatai	-29.949400	-50.985050
GCW	K1G4	Grand Canyon West Airport	Peach Springs	35.985787	-113.817072
GCY	KGCY	Greeneville Municipal Airport	Greeneville	36.195648	-82.811482
GDB	VAGD	Gondia Airport	Gondia	21.526817	80.290347
GDC	KGYH	Donaldson Field Airport	Greenville	34.758301	-82.376404
GDD	YGDN	Gordon Downs Airport	Gordon Downs	-18.678101	128.591995
GDE	HAGO	Gode Airport	Gode	5.935130	43.578602
GDI	FEGL	Gordil Airport	Melle	9.581117	21.728172
GDL	MMGL	Guadalajara International Airport	Guadalajara	20.523342	-103.310108
GDM	KGDM	Gardner Municipal Airport	Gardner	42.549999	-72.016098
GDN	EPGD	Gdańsk Lech Wałęsa Airport	Gdańsk	54.377602	18.466200
GDO	SVGD	Guasdualito Airport	Guasdualito	7.210834	-70.756386
GDP	SNGD	Guadalupe Airport	Guadalupe	-6.782220	-43.582199
GDQ	HAGN	Gondar Airport	Azezo	12.519900	37.433998
GDR	SDAG	Angra dos Reis Airport	Angra dos Reis	-22.975300	-44.307098
GDT	MBGT	JAGS McCartney International Airport	Cockburn Town	21.444500	-71.142303
GDV	KGDV	Dawson Community Airport	Glendive	47.137658	-104.806910
GDW	KGDW	Gladwin Zettel Memorial Airport	Gladwin	43.970600	-84.474998
GDX	UHMM	Sokol Airport	Magadan	59.910999	150.720001
GDZ	URKG	Gelendzhik Airport	Gelendzhik	44.582093	38.012481
GEA	NWWM	Nouméa Magenta Airport	Nouméa	-22.257706	166.472822
GEB	WAEJ	Gebe Airport	Gebe Island	-0.078889	129.457993
GEC	LCGK	Lefkoniko Airport / Geçitkale Air Base	Lefkoniko (Geçitkale)	35.235910	33.720088
GED	KGED	Delaware Coastal Airport	Georgetown	38.689201	-75.358902
GEE	YGTO	George Town Airport	George Town	-41.079491	146.839061
GEF	AGEV	Geva Airport	Liangia	-7.575830	156.597000
GEG	KGEG	Spokane International Airport	Spokane	47.619900	-117.533997
GEL	SBNM	Santo Ângelo Airport	Santo Ângelo	-28.282503	-54.169623
GEM	FGMY	President Obiang Nguema International Airport	Mengomeyén	1.676437	11.024904
GEO	SYCJ	Cheddi Jagan International Airport	Georgetown	6.498550	-58.254101
GER	MUNG	Rafael Cabrera Airport	Nueva Gerona	21.834700	-82.783798
GES	RPMR	General Santos International Airport	General Santos	6.057208	125.096243
GET	YGEL	Geraldton Airport	Moonyoonooka	-28.796101	114.707001
GEV	ESNG	Gällivare Airport	Gällivare	67.132401	20.814600
GEW	AYGC	Gewoia Airport	Gewoia	-9.226300	148.494900
GEY	KGEY	South Big Horn County Airport	Greybull	44.516800	-108.083000
GFD	KGFD	Pope Field	Greenfield	39.790715	-85.735019
GFE	YGNF	Grenfell Airport	Grenfell	-34.000000	148.132996
GFF	YGTH	Griffith Airport	Griffith	-34.250801	146.067001
GFK	KGFK	Grand Forks International Airport	Grand Forks	47.949299	-97.176102
GFL	KGFL	Floyd Bennett Memorial Airport	Glens Falls	43.341202	-73.610298
GFN	YGFN	Clarence Valley Regional Airport	Grafton	-29.754795	153.031234
GFO	SYBT	Bartica A Airport	Bartica	6.358864	-58.655207
GFR	LFRF	Granville Airport	Bréville-sur-Mer, Manche	48.883099	-1.564170
GFY	FYGF	Grootfontein Airport	Grootfontein	-19.602200	18.122700
GGB	SWHP	Frederico Carlos Müller Airport	Água Boa	-14.019959	-52.152003
GGC	FNBL	Lumbala Airport	Lumbala N'guimbo	-14.105106	21.450830
GGD	YGDS	Gregory Downs Airport		-18.625000	139.233002
GGE	KGGE	Georgetown County Airport	Georgetown	33.311699	-79.319603
GGF	SNYA	Almeirim Airport	Almeirim	-1.479524	-52.578214
GGG	KGGG	East Texas Regional Airport	Longview	32.383999	-94.711502
GGH	SSCT	Engenheiro Gastão de Mesquita Filho Airport	Cianorte	-23.691570	-52.642091
GGJ	SSGY	Guaíra Airport	Guaíra	-24.081100	-54.191700
GGM	HKKG	Kakamega Airport	Kakamega	0.271353	34.788120
GGN	DIGA	Gagnoa Airport	Gagnoa	6.102855	-5.986809
GGO	DIGL	Guiglo Airport	Guiglo	6.534711	-7.526847
GGR	HCGR	Garowe Airport	Garowe	8.458474	48.568136
GGS	SAWR	Gobernador Gregores Airport	Gobernador Gregores	-48.783100	-70.150002
GGT	MYEF	Exuma International Airport	Moss Town	23.562599	-75.877998
GGW	KGGW	Glasgow Valley County Airport Wokal Field	Glasgow	48.212502	-106.614998
GHA	DAUG	Noumérat - Moufdi Zakaria Airport	El Atteuf	32.384102	3.794110
GHB	MYEM	Governor's Harbour Airport	Governor's Harbour	25.284700	-76.331001
GHC	MYBG	Great Harbour Cay Airport	Bullocks Harbour	25.738300	-77.840103
GHE	GHE	Garachiné Airport	Garachiné	8.064400	-78.367300
GHF	EDQG	Giebelstadt Airport	Giebelstadt	49.648056	9.966389
GHK	CGK2	Gahcho Kue	Kennedy Lake	63.435198	-109.144812
GHM	KGHM	Centerville Municipal Airport	Centerville	35.837399	-87.445396
GHN	ZUGH	Guanghan Airport	Deyang (Guanghan)	30.948500	104.329600
GHS	WALE	Melalan Airport	Melak-Borneo Island	-0.203611	115.760002
GHT	HLGT	Ghat Airport	Ghat	25.145599	10.142600
GHU	SAAG	Gualeguaychu Airport	Gualeguaychu	-33.005567	-58.612833
GHV	LRBV	Brașov-Ghimbav International Airport	Brașov (Ghimbav)	45.705580	25.522871
GIB	LXGB	Gibraltar Airport	Gibraltar	36.151679	-5.349780
GIC	YBOI	Boigu Island Airport	Boigu Island	-9.232780	142.218002
GID	HBBE	Gitega Airport	Gitega	-3.417209	29.911308
GIF	KGIF	Winter Haven Regional Airport - Gilbert Field	Winter Haven	28.062901	-81.753304
GIG	SBGL	Rio Galeão – Tom Jobim International Airport	Rio De Janeiro	-22.809999	-43.250557
GII	GUSI	Siguiri Airport	Siguiri	11.399833	-9.188410
GIL	OPGT	Gilgit Airport	Gilgit	35.918800	74.333603
GIM	GA-0006	Miele Mimbale Airport	Miele Mimbale	-0.028940	11.418021
GIR	SKGI	Santiago Vila Airport	Girardot	4.276240	-74.796700
GIS	NZGS	Gisborne Airport	Gisborne	-38.663300	177.977997
GIT	TZ-GIT	Mchauru Airport	Geita	-2.813667	32.172472
GIU	VCCS	Sigiriya Air Force Base	Sigiriya	7.956670	80.728500
GIY	FAGI	Giyani Airport	Giyani	-23.283300	30.650000
GIZ	OEGN	Jizan Regional Airport / King Abdullah bin Abdulaziz Airport	Jizan	16.901100	42.585800
GJA	MHNJ	La Laguna Airport	Guanaja	16.445400	-85.906601
GJL	DAAV	Jijel Ferhat Abbas Airport	Tahir	36.794125	5.873652
GJM	SBGM	Guajará-Mirim Airport	Guajará-Mirim	-10.786410	-65.284860
GJR	BIGJ	Gjögur Airport	Gjögur	65.995300	-21.326900
GJT	KGJT	Grand Junction Regional Airport	Grand Junction	39.126663	-108.529387
GKA	AYGA	Goroka Airport	Goronka	-6.081690	145.391998
GKD	LTFK	Gökçeada Airport	Gökçeada	40.204498	25.883302
GKE	ETNG	Geilenkirchen Air Base	Geilenkirchen	50.960800	6.042420
GKH	VNGK	Palungtar Airport	Gorkha	28.038500	84.466400
GKK	VRMO	Kooddoo Airport	Huvadhu Atoll	0.732400	73.433600
GKL	YGKL	Great Keppel Is Airport	Great Keppel Island	-23.184575	150.941640
GKN	PAGK	Gulkana Airport	Gulkana	62.155859	-145.454662
GKT	KGKT	Gatlinburg-Pigeon Forge Airport	Sevierville	35.857800	-83.528702
GLA	EGPF	Glasgow Airport	Glasgow	55.871899	-4.433060
GLB	KP13	San Carlos Apache Airport	Globe	33.353100	-110.667000
GLC	ET-GLC	Geladi Airport	Geladi	6.984440	46.421398
GLD	KGLD	Goodland Municipal Airport	Goodland	39.370701	-101.699753
GLE	KGLE	Gainesville Municipal Airport	Gainesville	33.651402	-97.196999
GLF	MRGF	Golfito Airport	Golfito	8.654010	-83.182198
GLG	YGLE	Glengyle Airport		-24.808300	139.600006
GLH	KGLH	Mid Delta Regional Airport	Greenville	33.482899	-90.985603
GLI	YGLI	Glen Innes Airport	Glen Innes	-29.676029	151.691156
GLK	HCMR	Galcaio Airport	Galcaio	6.780830	47.454700
GLL	ENKL	Gol Airport	Klanten flyplass	60.791066	9.048672
GLM	YGLO	Glenormiston Airport		-22.888300	138.824997
GLN	GMAG	Guelmim Airport	Guelmim	29.026699	-10.050300
GLO	EGBJ	Gloucestershire Airport	Staverton, Gloucestershire	51.894199	-2.167220
GLP	AYUP	Gulgubip Airport	Gulgubip	-5.280800	141.541100
GLR	KGLR	Gaylord Regional Airport	Gaylord	45.013500	-84.703598
GLS	KGLS	Scholes International At Galveston Airport	Galveston	29.265301	-94.860397
GLT	YGLA	Gladstone Airport	Gladstone	-23.869763	151.225439
GLU	VQGP	Gelephu Airport	Gelephu	26.884560	90.464120
GLV	PAGL	Golovin Airport	Golovin	64.550499	-163.007004
GLW	KGLW	Glasgow Municipal Airport	Glasgow	37.031799	-85.953697
GLX	WAEG	Gamarmalamo Airport	Galela	1.838134	127.786191
GLZ	EHGR	Gilze Rijen Air Base	Rijen	51.567402	4.931830
GMA	FZFK	Gemena Airport	Gemena	3.235370	19.771299
GMB	HAGM	Gambela Airport	Gambela	8.128760	34.563099
GMC	SK-518	Guerima Airport	Puerto Carreño	3.629996	-70.323028
GMD	GMMB	Ben Slimane Airport	Ben Slimane	33.655399	-7.221450
GME	UMGG	Gomel Airport	Gomel	52.527000	31.016701
GMI	AYGT	Gasmata Island Airport	Gasmata Island	-6.271110	150.330994
GMM	FCOG	Gamboma Airport	Gamboma	-1.829403	15.885237
GMN	NZGM	Greymouth Airport		-42.461700	171.190002
GMO	DNGO	Gombe Lawanti International Airport	Gombe	10.298889	10.900000
GMP	RKSS	Seoul Gimpo International Airport	Seoul	37.558300	126.791000
GMQ	ZLGL	Golog Maqên Airport	Golog (Maqên)	34.418066	100.301144
GMR	NTGJ	Totegegie Airport		-23.079901	-134.889999
GMS	SNYW	Antônio Guerreiro Airport	Guimarães	-2.109444	-44.651114
GMT	PAGZ	Granite Mountain Air Station	Granite Mountain	65.402100	-161.281006
GMU	KGMU	Greenville Downtown Airport	Greenville	34.847903	-82.350217
GMV	UT25	Monument Valley Airport	Oljato-Monument Valley	37.015868	-110.202031
GMZ	GCGM	La Gomera Airport	Alajero, La Gomera Island	28.029600	-17.214600
GNA	UMMG	Hrodna Airport	Hrodna	53.602001	24.053801
GNB	LFLS	Grenoble Alpes Isère Airport	Grenoble	45.362900	5.329370
GND	TGPY	Maurice Bishop International Airport	Saint George's	12.003996	-61.785302
GNF	K2O1	Gansner Field	Quincy	39.943902	-120.945000
GNG	KGNG	Gooding Municipal Airport	Gooding	42.917198	-114.764999
GNI	RCGI	Lüdao Airport	Lüdao	22.673901	121.466003
GNJ	UBBG	Ganja International Airport	Ganja	40.738692	46.320383
GNM	SNGI	Guanambi Airport	Guanambi	-14.208200	-42.746101
GNN	HAGH	Ghinnir Airport	Ghinnir	7.150000	40.716999
GNR	SAHR	Dr. Arturo H. Illia Airport	General Roca	-39.000702	-67.620499
GNS	WIMB	Binaka Airport	Gunungsitoli	1.166275	97.705196
GNT	KGNT	Grants-Milan Municipal Airport	Grants	35.167301	-107.902000
GNU	GNU	Goodnews Airport	Goodnews	59.117561	-161.575241
GNV	KGNV	Gainesville Regional Airport	Gainesville	29.690100	-82.271797
GNY	LTCS	Şanlıurfa GAP Airport	Şanlıurfa	37.445663	38.895592
GNZ	FBGZ	Ghanzi Airport	Ghanzi	-21.692499	21.658100
GOA	LIMJ	Genoa Cristoforo Colombo Airport	Genova (GE)	44.412039	8.840732
GOB	HAGB	Robe Airport	Goba	7.119033	40.045166
GOC	AYGX	Gora Airstrip	Gora	-9.002100	148.236400
GOE	AYGL	Gonaili Airport	Gonaili	-5.527717	151.573333
GOG	FYGB	Gobabis Airport	Gobabis	-22.504400	18.973101
GOH	BGGH	Nuuk International Airport	Nuuk	64.191066	-51.679140
GOI	VOGO	Goa Dabolim International Airport	Vasco da Gama	15.380062	73.833328
GOJ	UWGG	Nizhny Novgorod / Strigino International Airport	Nizhny Novgorod	56.227351	43.785152
GOK	KGOK	Guthrie-Edmond Regional Airport	Guthrie	35.849800	-97.415604
GOL	K4S1	Gold Beach Municipal Airport	Gold Beach	42.413399	-124.424004
GOM	FZNA	Goma International Airport	Goma	-1.666758	29.238037
GON	KGON	Groton New London Airport	Groton	41.330101	-72.045097
GOO	YGDI	Goondiwindi Airport		-28.521400	150.320007
GOP	VEGK	Gorakhpur Airport	Gorakhpur	26.739700	83.449699
GOQ	ZLGM	Golmud Airport	Golmud	36.400600	94.786102
GOR	HAGR	Gore Airport	Gore	8.161400	35.552900
GOS	YSMB	Somersby Airstrip	Gosford	-33.367681	151.299806
GOT	ESGG	Göteborg Landvetter Airport	Göteborg	57.662800	12.279800
GOU	FKKR	Garoua International Airport	Garoua	9.334785	13.372129
GOV	YPGV	Gove Airport	Nhulunbuy	-12.269400	136.817993
GOX	VOGA	Manohar International Airport	Mopa	15.744257	73.860625
GOY	UNIT	Tura Mountain Airport	Tura	64.333511	100.432892
GOZ	LBGO	Gorna Oryahovitsa Airport	Gorna Oryahovitsa	43.151402	25.712900
GPA	LGRX	Patras Araxos Agamemnon Airport	Patras	38.151100	21.425600
GPB	SSGG	Tancredo Thomas de Faria Airport	Guarapuava	-25.388327	-51.523490
GPD	YGON	Mount Gordon Airport	Mount Gordon Mine	-19.772650	139.404250
GPI	SKGP	Guapi Airport	Guapi	2.570130	-77.897969
GPL	MRGP	Guapiles Airport	Pococi	10.217200	-83.796997
GPN	YGPT	Garden Point Airport	Pirlangimpi	-11.399686	130.425568
GPO	SAZG	General Pico Airport	General Pico	-35.696201	-63.758301
GPS	SEGS	Seymour Galapagos Ecological Airport	Isla Baltra	-0.453758	-90.265900
GPT	KGPT	Gulfport Biloxi International Airport	Gulfport	30.405582	-89.069836
GPZ	KGPZ	Grand Rapids Itasca Co-Gordon Newstrom field	Grand Rapids	47.211102	-93.509804
GQQ	KGQQ	Galion Municipal Airport	Galion	40.753399	-82.723801
GRA	SK-160	Gamarra Airport	Puerto Mosquito	8.201990	-73.765300
GRB	KGRB	Austin Straubel International Airport	Green Bay	44.483459	-88.130805
GRC	GRC	Grand Cess Airport	Grand Cess	4.571000	-8.207600
GRD	KGRD	Greenwood County Airport	Greenwood	34.248699	-82.159103
GRE	KGRE	Greenville Airport	Greenville	38.836844	-89.376525
GRF	KGRF	Gray Army Air Field	Fort Lewis/Tacoma	47.079201	-122.581001
GRG	OAGZ	Gardez Airport	Gardez	33.627366	69.237023
GRI	KGRI	Central Nebraska Regional Airport	Grand Island	40.967499	-98.309601
GRJ	FAGG	George Airport	George	-34.005600	22.378902
GRK	KGRK	Killeen Regional Airport / Robert Gray Army Airfield	Fort Cavazos	31.067200	-97.828903
GRL	AYGG	Garasa Airport	Au	-7.980713	147.213461
GRM	KCKC	Grand Marais Cook County Airport	Grand Marais	47.838299	-90.382896
GRN	KGRN	Gordon Municipal Airport	Gordon	42.806000	-102.175003
GRO	LEGE	Girona-Costa Brava Airport	Girona	41.904639	2.761774
GRP	SWGI	Gurupi Airport	Gurupi	-11.739600	-49.132198
GRQ	EHGG	Groningen Airport Eelde	Groningen	53.119107	6.577652
GRR	KGRR	Gerald R. Ford International Airport	Grand Rapids	42.880798	-85.522797
GRS	LIRS	Grosseto Corrado Baccarini Air Base / Grosseto Airport	Grosseto (GR)	42.759701	11.071900
GRT	PK-GRT	Gujrat Airport	Gujrat	32.628260	74.067287
GRU	SBGR	São Paulo/Guarulhos–Governor André Franco Montoro International Airport	São Paulo	-23.431274	-46.469954
GRV	URMG	Akhmat Kadyrov Grozny International Airport	Grozny	43.388106	45.699772
GRW	LPGR	Graciosa Airport	Santa Cruz da Graciosa	39.092201	-28.029800
GRX	LEGR	F.G.L. Airport Granada-Jaén Airport	Granada	37.188702	-3.777360
GRY	BIGR	Grímsey Airport	Grímsey/Sandvík	66.545800	-18.017300
GRZ	LOWG	Graz Airport	Feldkirchen bei Graz	46.991100	15.439600
GSA	WBKN	Long Pasia Airport	Long Miau	4.409756	115.724473
GSB	KGSB	Seymour Johnson Air Force Base	Goldsboro	35.339401	-77.960602
GSC	YGSC	Gascoyne Junction Airport	Gascoyne Junction	-25.054600	115.202600
GSE	ESGP	Säve Airport	Göteborg	57.774700	11.870400
GSH	KGSH	Goshen Municipal Airport	Goshen	41.526402	-85.792900
GSI	SOGS	Grand-Santi Airport	Grand-Santi	4.285833	-54.373056
GSJ	MGSJ	San José Airport	Puerto San José	13.936200	-90.835800
GSL	CFA7	Taltheilei Narrows Airport	Taltheilei Narrows	62.598099	-111.542999
GSM	OIKQ	Qeshm International Airport	Qeshm(Dayrestan)	26.754639	55.902353
GSN	YMGN	Mount Gunson Airport	Mount Gunson	-31.459700	137.174443
GSO	KGSO	Piedmont Triad International Airport	Greensboro	36.099370	-79.937262
GSP	KGSP	Greenville-Spartanburg International Airport	Greenville/Greer/Spartanburg	34.895699	-82.218903
GSQ	HEOW	El Owainat East International Airport	Sharq El Owainat	22.584256	28.721609
GSR	HCMG	Gardo Airport	Gardo	9.545975	49.119148
GSS	FASE	Sabi Sabi Airport	Belfast	-24.947375	31.448848
GST	PAGS	Gustavus Airport	Gustavus	58.425301	-135.707001
GSV	UWSG	Gagarin International Airport	Saratov	51.712778	46.171111
GTA	AGOK	Gatokae Aerodrome	Gatokae	-8.738358	158.202836
GTC	HTGE	Chato/Geita Airport	Chato District	-2.742330	31.706830
GTE	YGTE	Groote Eylandt Airport	Groote Eylandt	-13.972405	136.458553
GTF	KGTF	Great Falls International Airport	Great Falls	47.481998	-111.371002
GTG	KGTG	Grantsburg Municipal Airport	Grantsburg	45.798100	-92.664398
GTI	EDCG	Rügen Airport	Dreschvitz	54.383470	13.325542
GTK	MY-GTK	Sungai Tekai Airport	Sungai Tekai	2.641180	102.892970
GTN	NZGT	Glentanner Airport	Glentanner Station	-43.906700	170.128006
GTO	WAMG	Jalaluddin Airport	Gorontalo	0.637119	122.849998
GTP	K3S8	Grants Pass Airport	Grants Pass	42.510101	-123.388000
GTR	KGTR	Golden Triangle Regional Airport	Columbus/W Point/Starkville	33.450298	-88.591400
GTS	YTGT	The Granites Airport	The Granites Gold Mine	-20.548300	130.347000
GTT	YGTN	Georgetown Airport	Georgetown	-18.302676	143.530925
GTY	KW05	Gettysburg Regional Airport	Gettysburg	39.841222	-77.274699
GTZ	HTGR	Kirawira B Aerodrome	Grumeti Game Reserve	-2.160833	34.225556
GUA	MGGT	La Aurora International Airport	Guatemala City	14.582896	-90.527515
GUB	MMGR	Guerrero Negro Airport	San Quintín	28.026100	-114.024002
GUC	KGUC	Gunnison Crested Butte Regional Airport	Gunnison	38.534672	-106.934566
GUD	GAGM	Goundam Airport	Goundam	16.358426	-3.604536
GUE	GUE	Guriaso (Keraso) Airport	Guriaso	-3.583167	141.589500
GUF	KJKA	Jack Edwards National Airport	Gulf Shores	30.290501	-87.671799
GUG	AYGF	Guari Airport	Guari	-8.128600	146.872200
GUH	YGDH	Gunnedah Airport		-30.957511	150.248981
GUI	SVGI	Guiria Airport		10.574078	-62.312668
GUJ	SBGW	Edu Chaves Field	Guaratinguetá	-22.791599	-45.204800
GUL	YGLB	Goulburn Airport		-34.810299	149.725998
GUM	PGUM	Antonio B. Won Pat International Airport	Hagåtña	13.485000	144.797282
GUO	SO-0020	Guriel Airport	Guriel	5.317412	45.985308
GUP	KGUP	Gallup Municipal Airport	Gallup	35.511653	-108.788166
GUQ	SVGU	Guanare Airport	Guanare	9.026944	-69.755150
GUR	AYGN	Gurney Airport	Gurney	-10.311500	150.334000
GUS	KGUS	Grissom Air Reserve Base	Peru	40.648102	-86.152100
GUU	BIGF	Grundarfjörður Airport	Grundarfjörður	64.991402	-23.224701
GUV	AYML	Mougulu Airport	Mougulu	-6.280859	142.420775
GUW	UATG	Atyrau International Airport	Atyrau	47.121318	51.820343
GUX	VAGN	Guna Airport		24.654699	77.347298
GUY	KGUY	Guymon Municipal Airport	Guymon	36.685101	-101.508003
GUZ	SNGA	Guarapari Airport	Guarapari	-20.646500	-40.491901
GVA	LSGG	Geneva International Airport	Geneva	46.238098	6.108950
GVE	KGVE	Gordonsville Municipal Airport	Gordonsville	38.155998	-78.165802
GVI	AYGV	Green River Airport	Green River	-3.902243	141.170517
GVL	KGVL	Lee Gilmer Memorial Airport	Gainesville	34.272598	-83.830200
GVN	UHKM	Sovetskaya Gavan (Maygatka) Airport	Sovetskaya Gavan	48.925067	140.035348
GVP	YGNV	Greenvale Airport		-18.996600	145.013600
GVR	SBGV	Coronel Altino Machado Airport	Governador Valadares	-18.895882	-41.982869
GVT	KGVT	Majors Airport	Greenville	33.067799	-96.065300
GWA	VYGW	Gwa Airport	Gwa	17.600000	94.583298
GWD	OPGW	New Gwadar International Airport	Gurandani	25.296733	62.498822
GWE	FVTL	Josiah Tungamirai Air Force Base	Gweru	-19.436718	29.861945
GWL	VIGR	Gwalior Airport	Gwalior	26.293301	78.227798
GWO	KGWO	Greenwood–Leflore Airport	Greenwood	33.495025	-90.088204
GWS	KGWS	Glenwood Springs Municipal Airport	Glenwood Springs	39.508301	-107.310997
GWT	EDXW	Westerland Sylt Airport	Sylt	54.913200	8.340470
GWV	WV66	Glendale Fokker Field	Glendale	39.948700	-80.759499
GXF	OYSY	Seiyun Hadhramaut International Airport	Seiyun	15.965887	48.788146
GXG	FNNG	Negage Airport	Negage	-7.754510	15.287700
GXH	ZLXH	Gannan Xiahe Airport	Gannan (Xiahe)	34.819014	102.622261
GXM	ID-0084	Kuala Kurun Airport	Kuala Kurun	-1.128903	113.873075
GXQ	SCCY	Teniente Vidal Airport	Coyhaique	-45.594200	-72.106102
GXX	FKKJ	Yagoua Airport	Yagoua	10.356100	15.237200
GXY	KGXY	Greeley–Weld County Airport	Greeley	40.437401	-104.633003
GYA	SLGM	Guayaramerín Airport	Guayaramerín	-10.888560	-65.380955
GYB	YWGA	Port Hedland/Wodgina Airport	Wodgina	-21.036568	118.642936
GYD	UBBB	Heydar Aliyev International Airport	Baku	40.472780	50.050931
GYE	SEGU	José Joaquín de Olmedo International Airport	Guayaquil	-2.157420	-79.883598
GYG	UEMM	Magan Airport	Magan	62.103484	129.545288
GYI	HRYG	Gisenyi Airport	Gisenyi	-1.677200	29.258900
GYL	YARG	Argyle Airport		-16.636944	128.451389
GYM	MMGM	General José María Yáñez International Airport	Guaymas	27.969000	-110.925003
GYN	SBGO	Santa Genoveva International Airport	Goiânia	-16.632000	-49.220699
GYO	ID-0214	Blangkejeren Airport	Kabupaten Gayo Lues	3.945480	97.359680
GYP	YGYM	Gympie Airport		-26.290149	152.702998
GYR	KGYR	Phoenix Goodyear Airport	Goodyear	33.422501	-112.375999
GYS	ZUGU	Guangyuan Panlong Airport	Guangyuan (Lizhou)	32.390254	105.694571
GYU	ZLGY	Guyuan Liupanshan Airport	Guyuan (Yuanzhou)	36.078889	106.216944
GYY	KGYY	Gary/Chicago International Airport	Gary	41.617087	-87.413206
GYZ	YGRM	Gruyere Airport	Cosmo Newbery	-28.034548	123.815060
GZG	ZUGZ	Garze Gesar Airport	Garzê (Garzê)	31.757500	99.554167
GZI	OAGN	Ghazni Airport	Ghazni	33.487853	68.525243
GZO	AGGN	Nusatupe Airport	Gizo	-8.097780	156.863998
GZP	LTFG	Gazipaşa-Alanya Airport	Gazipaşa	36.298832	32.297017
GZT	LTAJ	Gaziantep Oğuzeli International Airport	Gaziantep	36.947201	37.478699
GZW	OIIK	Qazvin Airport	Qazvin	36.240101	50.047100
HAA	ENHK	Hasvik Airport	Hasvik	70.486702	22.139700
HAB	KHAB	Marion County Rankin Fite Airport	Hamilton	34.117599	-87.998199
HAC	RJTH	Hachijojima Airport	Hachijojima	33.114843	139.785645
HAD	ESMT	Halmstad Airport	Halmstad	56.691101	12.820200
HAF	KHAF	Half Moon Bay Airport	Half Moon Bay	37.513401	-122.500999
HAH	FMCH	Prince Said Ibrahim International Airport	Moroni	-11.533700	43.271900
HAI	KHAI	Three Rivers Municipal Dr Haines Airport	Three Rivers	41.959801	-85.593399
HAJ	EDDV	Hannover Airport	Hannover	52.461102	9.685080
HAK	ZJHK	Haikou Meilan International Airport	Haikou (Meilan)	19.934900	110.459000
HAL	FYHI	Halali Airport	Halali	-19.028500	16.458500
HAM	EDDH	Hamburg Helmut Schmidt Airport	Hamburg	53.630402	9.988230
HAN	VVNB	Noi Bai International Airport	Hanoi (Soc Son)	21.221201	105.806999
HAO	KHAO	Butler Co Regional Airport - Hogan Field	Hamilton	39.363800	-84.522003
HAQ	VRMH	Hanimaadhoo International Airport	Haa Dhaalu Atoll	6.743235	73.167072
HAR	KCXY	Capital City Airport	Harrisburg	40.217098	-76.851501
HAS	OEHL	Hail International Airport	Hail	27.437901	41.686298
HAT	YHTL	Heathlands Airport	Shelburne	-11.736900	142.576996
HAU	ENHD	Haugesund Airport, Karmøy	Karmøy	59.345299	5.208360
HAV	MUHA	José Martí International Airport	Havana	22.989201	-82.409103
HAW	EGFE	Haverfordwest Airport	Haverfordwest	51.833099	-4.961110
HAY	SKAG	Hacaritama Airport	Aguachica	8.247000	-73.581400
HAZ	HAZ	Hatzfeldhaven Airport	Hatzfeldhaven	-4.403300	145.205600
HBA	YMHB	Hobart International Airport	Hobart (Cambridge)	-42.837032	147.513022
HBB	NM83	Industrial Airpark	Hobbs	32.766800	-103.209000
HBD	AYHB	Habi Airport	Habi	-6.320000	142.489300
HBE	HEAX	Alexandria International Airport	Alexandria	30.932490	29.696437
HBG	KHBG	Hattiesburg Bobby L Chain Municipal Airport	Hattiesburg	31.264799	-89.252800
HBK	KP14	Holbrook Municipal Airport	Holbrook	34.940701	-110.138000
HBQ	ZLHB	Haibei Qilian Airport	Haibei (Qilian)	38.008068	100.645065
HBR	KHBR	Hobart Regional Airport	Hobart	34.991317	-99.051313
HBU	ZMBS	Bulgan Sum Airport	Bulgan	46.100601	91.584198
HBX	VOHB	Hubballi Airport	Hubballi	15.361084	75.082096
HCA	KBPG	Big Spring Mc Mahon-Wrinkle Airport	Big Spring	32.212601	-101.522003
HCC	K1B1	Columbia County Airport	Hudson	42.291302	-73.710297
HCJ	ZGHC	Hechi Jinchengjiang Airport	Hechi (Jinchengjiang)	24.804344	107.710819
HCM	HCME	Eil Airport	Eyl	8.104000	49.820000
HCN	RCKW	Hengchun Airport	Hengchun	22.041100	120.730003
HCQ	YHLC	Halls Creek Airport		-18.233900	127.669998
HCR	PAHC	Holy Cross Airport	Holy Cross	62.188301	-159.774994
HCW	KCQW	Cheraw Municipal Airport/Lynch Bellinger Field	Cheraw	34.712898	-79.957001
HCZ	ZGCZ	Chenzhou Beihu Airport	Chenzhou	25.753419	112.845404
HDD	OPKD	Hyderabad Airport	Hyderabad	25.318100	68.366096
HDE	KHDE	Brewster Field	Holdrege	40.452099	-99.336502
HDF	EDAH	Heringsdorf Airport	Zirchow	53.878700	14.152300
HDG	ZBHD	Handan Airport	Handan	36.524824	114.424126
HDH	PHDH	Kawaihapai Airfield	Mokuleia	21.579500	-158.197006
HDK	VRBK	Kulhudhuffushi Airport	Kulhudhuffushi	6.630762	73.067815
HDM	OIHH	Hamadan Airport	Hamadan	34.866416	48.560690
HDN	KHDN	Yampa Valley Airport	Hayden	40.481201	-107.218002
HDO	VIDX	Hindon Airport / Hindon Air Force Station	Ghaziabad	28.707701	77.358902
HDR	OIKP	Havadarya Airport	Bandar Abbas	27.158300	56.172501
HDS	FAHS	Eastgate Airport / Air Force Base Hoedspruit	Hoedspruit	-24.361864	31.052921
HDY	VTSS	Hat Yai International Airport	Hat Yai	6.933210	100.392998
HEA	OAHR	Herat - Khwaja Abdullah Ansari International Airport	Guzara	34.209999	62.228298
HEB	MM-0002	Hinthada Airport	Hinthada	17.633329	95.466698
HED	AK33	Herendeen Bay Airport	Herendeen Bay	55.802346	-160.901346
HEE	KHEE	Thompson-Robbins Airport	West Helena	34.576571	-90.676160
HEG	HSHG	Heglig Airport	Heglig	9.994933	29.397718
HEH	VYHH	Heho Airport	Heho	20.747140	96.792029
HEI	EDXB	Heide-Büsum Airport	Oesterdeichstrich	54.153332	8.901667
HEK	ZYHE	Heihe Aihui Airport	Heihe	50.171621	127.308884
HEL	EFHK	Helsinki Vantaa Airport	Helsinki (Vantaa)	60.318363	24.963341
HEO	HEO	Haelogo Airport	Haelogo	-9.136580	147.598434
HER	LGIR	Heraklion International Nikos Kazantzakis Airport	Heraklion	35.339699	25.180300
HES	KHRI	Hermiston Municipal Airport	Hermiston	45.828223	-119.259024
HET	ZBHH	Hohhot Baita International Airport	Hohhot	40.849658	111.824598
HEW	CN-0238	Dongyang Hengdian General Airport	Jinhua (Dongyang)	29.122619	120.242890
HEZ	KHEZ	Natchez–Adams County Airport / Hardy-Anders Field	Natchez	31.614817	-91.297331
HFA	LLHA	Uri Michaeli Haifa International Airport	Haifa	32.810219	35.043719
HFD	KHFD	Hartford Brainard Airport	Hartford	41.736698	-72.649399
HFE	ZSOF	Hefei Xinqiao International Airport	Hefei	31.987790	116.976900
HFF	KHFF	Mackall Army Air Field	Hoffman	35.036087	-79.498615
HFN	BIHN	Hornafjörður Airport	Höfn	64.295601	-15.227200
HFS	ESOH	Hagfors Airport	Råda	60.020100	13.578900
HFT	ENHF	Hammerfest Airport	Hammerfest	70.679703	23.668600
HGA	HCMH	Egal International Airport	Hargeisa	9.514082	44.083469
HGD	YHUG	Hughenden Airport	Hughenden	-20.815001	144.225006
HGE	SVHG	Higuerote Airport	Higuerote	10.462474	-66.092779
HGH	ZSHC	Hangzhou Xiaoshan International Airport	Hangzhou	30.236090	120.428865
HGI	VEHO	Itanagar Donyi Polo Hollongi Airport	Hollongi	26.966830	93.638792
HGL	EDXH	Helgoland-Düne Airport	Helgoland	54.185280	7.915833
HGN	VTCH	Mae Hong Son Airport	Mae Hong Son	19.301300	97.975800
HGO	DIKO	Korhogo Airport	Korhogo	9.387180	-5.556660
HGR	KHGR	Hagerstown Regional Richard A Henson Field	Hagerstown	39.708771	-77.728014
HGS	GFHA	Hastings Airport	Freetown	8.394348	-13.128891
HGU	AYMH	Mount Hagen Kagamuga Airport	Mount Hagen	-5.828212	144.299412
HGZ	2AK6	Hog River Airport	Hogatza	66.176133	-155.684816
HHE	RJSH	JMSDF Hachinohe Air Base / Hachinohe Airport	Hachinohe	40.551181	141.465428
HHH	KHXD	Hilton Head Airport	Hilton Head Island	32.224400	-80.697502
HHI	PHHI	Wheeler Army Airfield	Wahiawa	21.481637	-158.037048
HHN	EDFH	Frankfurt-Hahn Airport	Frankfurt am Main (Lautzenhausen)	49.946353	7.261734
HHQ	VTPH	Hua Hin Airport	Hua Hin	12.636200	99.951500
HHR	KHHR	Jack Northrop Field Hawthorne Municipal Airport	Hawthorne	33.922798	-118.334999
HHZ	NTGH	Hikueru Airport	Hikueru	-17.548297	-142.612037
HIA	ZSSH	Huai'an Lianshui Airport	Huai'an	33.792712	119.126657
HIB	KHIB	Range Regional Airport	Hibbing	47.384831	-92.836905
HID	YHID	Horn Island Airport	Horn	-10.585636	142.292770
HIE	KHIE	Mount Washington Regional Airport	Whitefield	44.367520	-71.545765
HIF	KHIF	Hill Air Force Base	Ogden	41.124030	-111.973086
HIG	YHHY	Highbury Airport	Highbury	-16.424148	143.145340
HII	KHII	Lake Havasu City Airport	Lake Havasu City	34.570506	-114.357745
HIJ	RJOA	Hiroshima Airport	Hiroshima	34.436100	132.919006
HIL	HASL	Shilavo Airport	Shilavo	6.077545	44.763736
HIM	VCCH	Hingurakgoda Air Force Base	Polonnaruwa Town	8.049810	80.981400
HIN	RKPS	Sacheon Airport / Sacheon Air Base	Sacheon	35.088591	128.071747
HIO	KHIO	Portland Hillsboro Airport	Portland	45.540401	-122.949997
HIP	YHDY	Headingly Airport		-21.333300	138.283005
HIR	AGGH	Honiara International Airport	Honiara	-9.428000	160.054993
HIT	AYHO	Haivaro Airport	Haivaro	-6.940600	143.059000
HJB	ZWHJ	Hejing Bayinbuluke Airport	Hejing	42.976395	83.995543
HJJ	ZGCJ	Huaihua Zhijiang Airport	Huaihua	27.443087	109.704666
HJR	VEKO	Khajuraho Airport	Khajuraho	24.817200	79.918602
HJT	ZMHU	Khujirt Airport	Khujirt	46.925800	102.773003
HKA	KHKA	Blytheville Municipal Airport	Blytheville	35.940399	-89.830803
HKB	HKB	Healy Lake Airport	Healy Lake	63.995800	-144.692600
HKD	RJCH	Hakodate Airport	Hakodate	41.770000	140.822006
HKG	VHHH	Hong Kong International Airport	Hong Kong	22.311840	113.914862
HKK	NZHK	Hokitika Airfield		-42.713600	170.985001
HKN	AYHK	Hoskins Airport	Kimbe	-5.463846	150.407327
HKR	KE-6087	Mara North Conservancy Airstrip	Mara Rianta	-1.145420	35.124922
HKS	KHKS	Hawkins Field	Jackson	32.334499	-90.222198
HKT	VTSP	Phuket International Airport	Phuket	8.113257	98.317400
HKY	KHKY	Hickory Regional Airport	Hickory	35.741100	-81.389503
HLA	FALA	Lanseria International Airport	Johannesburg	-25.938964	27.926642
HLB	KHLB	Batesville Airport	Batesville	39.342861	-85.258441
HLC	KHLC	Hill City Municipal Airport	Hill City	39.378799	-99.831497
HLD	ZBLA	Hulunbuir Hailar Airport	Hailar	49.208616	119.822301
HLE	FHSH	Saint Helena International Airport	Jamestown	-15.958898	-5.646066
HLF	ESSF	Hultsfred Airport	Hultsfred	57.525799	15.823300
HLG	KHLG	Wheeling Ohio County Airport	Wheeling	40.174999	-80.646301
HLH	ZBUL	Ulanhot Yilelite Airport	Ulanhot	46.195333	122.008333
HLI	KCVH	Hollister Municipal Airport	Hollister	36.893299	-121.410004
HLJ	CN-0268	Zhaodong Beidahuang General Airport	Suihua	46.127790	125.773540
HLL	YHIL	Hillside Airport	Hillside	-21.718283	119.440334
HLM	US-12649	Park Township Airport	Holland	42.795898	-86.162003
HLN	KHLN	Helena Regional Airport	Helena	46.606800	-111.983002
HLP	WIHH	Halim Perdanakusuma International Airport	Jakarta	-6.266989	106.890318
HLS	YSTH	St Helens Airport		-41.336700	148.281998
HLT	YHML	Hamilton Airport		-37.648899	142.065002
HLV	AU-HLV	Helenvale Airport	Helenvale	-15.685800	145.214996
HLW	FAHL	Hluhluwe Airport	Hluhluwe	-28.016605	32.275171
HLZ	NZHN	Hamilton International Airport	Hamilton	-37.866961	175.331952
HMA	USHH	Khanty Mansiysk Airport	Khanty-Mansiysk	61.028500	69.086098
HMB	HESG	Suhaj International Airport	Suhaj	26.342515	31.743017
HME	DAUH	Hassi Messaoud-Oued Irara Krim Belkacem Airport	Hassi Messaoud	31.673000	6.140440
HMG	YHMB	Hermannsburg Airport	Hermannsburg (Ntaria)	-23.926485	132.807798
HMI	ZWHM	Hami Airport	Hami	42.841400	93.669197
HMJ	UKLH	Khmelnytskyi Airport	Khmelnytskyi	49.359699	26.933399
HMN	KHMN	Holloman Air Force Base	Alamogordo	32.852501	-106.107002
HMO	MMHO	General Ignacio L. Pesqueira International Airport	Hermosillo	29.092811	-111.053015
HMR	ENHA	Hamar Lufthavn, Stavsberg	Hamar	60.818100	11.068000
HMS	WAGB	Haji Muhammad Sidik Airport	Muara Teweh	-1.025810	114.928810
HMT	KHMT	Hemet Ryan Airport	Hemet	33.734001	-117.023003
HMV	ESUT	Hemavan Airport	Hemavan	65.806099	15.082800
HMY	RKTP	Seosan Air Base	Seosan	36.703999	126.486000
HNA	RJSI	Iwate Hanamaki Airport	Hanamaki	39.428600	141.134995
HNB	KHNB	Huntingburg Airport	Huntingburg	38.249001	-86.953697
HNC	KHSE	Billy Mitchell Airport	Hatteras	35.232800	-75.617798
HND	RJTT	Tokyo Haneda International Airport	Tokyo	35.549678	139.786958
HNG	ZLHN	Hainanzhou Gonghe Airport	Hainan (Gonghe)	36.336700	100.480003
HNH	PAOH	Hoonah Airport	Hoonah	58.096100	-135.410111
HNI	AYHE	Heiweni Airport	Heiweni	-7.422300	146.427600
HNL	PHNL	Daniel K. Inouye International Airport	Honolulu, Oahu	21.318387	-157.925670
HNM	PHHN	Hana Airport	Hana	20.795601	-156.014008
HNN	AYHH	Honinabi Airport	Honinabi	-6.245700	142.177100
HNS	PAHN	Haines Airport	Haines	59.243921	-135.523925
HNY	ZGHY	Hengyang Nanyue Airport	Hengyang	26.722080	112.617958
HOA	HKHO	Hola Airport	Hola	-1.521276	40.003621
HOB	KHOB	Lea County Regional Airport	Hobbs	32.687500	-103.217003
HOC	AYOK	Komako Airport	Komako	-7.398400	145.882700
HOE	VLHS	Ban Huoeisay Airport	Huay Xai	20.257299	100.436996
HOF	OEAH	Al-Ahsa International Airport	Hofuf	25.285299	49.485199
HOG	MUHG	Frank Pais International Airport	Holguin	20.785148	-76.315526
HOH	LOIH	Hohenems-Dornbirn Airfield	Hohenems	47.384477	9.699776
HOI	NTTO	Hao Airport	Otepa	-18.074800	-140.945999
HOK	YHOO	Hooker Creek Airport	Lajamanu	-18.336700	130.638000
HOM	PAHO	Homer Airport	Homer	59.644456	-151.479235
HON	KHON	Huron Regional Airport	Huron	44.385201	-98.228500
HOO	HOO	Nhon Co Airfield	Đăk R'Lấp	11.978700	107.563800
HOP	KHOP	Campbell Army Airfield (Fort Campbell)	Fort Campbell	36.674154	-87.489740
HOQ	EDQM	Hof-Plauen Airport	Hof	50.288544	11.852876
HOR	LPHR	Horta Airport	Horta	38.519901	-28.715900
HOS	SAHC	Chos Malal Airport	Chos Malal	-37.444698	-70.222504
HOT	KHOT	Memorial Field Airport	Hot Springs	34.478800	-93.096262
HOU	KHOU	William P. Hobby Airport	Houston	29.645336	-95.276812
HOV	ENOV	Ørsta-Volda Airport, Hovden	Ørsta	62.180000	6.074100
HOX	VYHL	Hommalinn Airport	Hommalinn	24.899599	94.914001
HPA	NFTL	Lifuka Island Airport	Lifuka	-19.777000	-174.341003
HPB	PAHP	Hooper Bay Airport	Hooper Bay	61.523899	-166.147003
HPE	YHPV	Hope Vale Airport	Hope Vale	-15.292300	145.103500
HPG	ZHSN	Shennongjia Hongping Airport	Shennongjia (Hongping)	31.626000	110.340000
HPH	VVCI	Cat Bi International Airport	Haiphong (Hai An)	20.817428	106.724315
HPN	KHPN	Westchester County Airport	White Plains	41.067001	-73.707603
HPT	KHPT	Hampton Municipal Airport	Hampton	42.723701	-93.226303
HPV	HI01	Princeville Airport	Hanalei	22.209313	-159.445150
HPY	KHPY	Baytown Airport	Baytown	29.786100	-94.952698
HQL	ZWTK	Tashikuergan Hongqilafu Airport	Tashikuergan	37.661333	75.288877
HQM	KHQM	Bowerman Airport	Hoquiam	46.971199	-123.936996
HQQ	ZHQQ	Anyang Hongqiqu Airport	Anyang	35.870833	114.461944
HRA	LKMH	Mnichovo Hradiště Airport	Mnichovo Hradiště	50.540199	15.006600
HRB	ZYHB	Harbin Taiping International Airport	Harbin	45.623402	126.250000
HRC	HRC	Sary Su Airport	Zhayrem	48.397400	70.191500
HRE	FVRG	Robert Gabriel Mugabe International Airport	Harare	-17.931801	31.092800
HRF	VRAH	Hoarafushi Airport		6.969670	72.896287
HRG	HEGN	Hurghada International Airport	Hurghada	27.176776	33.796692
HRH	VIAH	Aligarh Airport	Aligarh	27.861437	78.145404
HRI	VCRI	Mattala Rajapaksa International Airport	Mattala	6.283878	81.124163
HRK	UKHH	Kharkiv International Airport	Kharkiv	49.926943	36.290814
HRL	KHRL	Valley International Airport	Harlingen	26.228500	-97.654404
HRM	DAFH	Hassi R'Mel Airport	Hassi R'Mel	32.930401	3.311540
HRO	KHRO	Boone County Airport	Harrison	36.261501	-93.154701
HRR	SK-422	Herrera Airport	Campiña	3.216667	-75.850000
HRS	FAHR	Harrismith Airport	Harrismith	-28.235100	29.106199
HRY	YHBY	Henbury Airport	Ghan	-24.584000	133.236000
HRZ	SSHZ	Walter Bündchen Airport	Horizontina	-27.638300	-54.339100
HSA	UAIT	Hazrat Sultan International Airport	Turkıstan	43.311087	68.550352
HSB	KHSB	Harrisburg-Raleigh Airport	Harrisburg	37.811298	-88.550301
HSC	ZGSG	Shaoguan Danxia Airport	Shaoguan	24.978600	113.420998
HSF	ZYSD	Suifenhe Dongning Airport	Suifenhe	44.453889	130.843889
HSG	RJFS	Kyushu Saga International Airport	Saga	33.149700	130.302002
HSH	KHND	Henderson Executive Airport	Las Vegas	35.972801	-115.134003
HSI	KHSI	Hastings Municipal Airport	Hastings	40.605301	-98.427902
HSJ	HSJ	Zhengzhou Shangjie Airport	Zhengzhou	34.842153	113.273983
HSK	LEHC	Huesca-Pirineos Airport	Monflorite/Alcalá del Obispo	42.076099	-0.316667
HSL	PAHL	Huslia Airport	Huslia	65.697899	-156.350998
HSM	YHSM	Horsham Airport		-36.669701	142.173004
HSN	ZSZS	Zhoushan Putuoshan International Airport	Zhoushan	29.933874	122.362307
HSP	KHSP	Ingalls Field	Hot Springs	37.951401	-79.833900
HSR	VAHS	Rajkot International Airport	Rajkot	22.378824	71.039391
HSS	VIHR	Maharaja Agrasen International Airport	Hisar	29.186065	75.741420
HST	KHST	Homestead Air Reserve Base	Homestead	25.488600	-80.383598
HSV	KHSV	Huntsville International Airport	Huntsville	34.636244	-86.774378
HSZ	RCPO	Hsinchu Air Base	Hsinchu City	24.818001	120.939003
HTA	UIAA	Chita-Kadala International Airport	Chita	52.024841	113.305839
HTG	UOHH	Khatanga Airport	Khatanga	71.978104	102.490997
HTH	KHTH	Hawthorne Industrial Airport	Hawthorne	38.544399	-118.634002
HTI	YBHM	Hamilton Island Airport	Hamilton Island	-20.358101	148.951996
HTL	KHTL	Roscommon County - Blodgett Memorial Airport	Houghton Lake	44.359798	-84.671095
HTM	ZMHG	Khatgal Airport	Hatgal	50.435988	100.139532
HTN	ZWTN	Hotan Airport	Hotan	37.038502	79.864899
HTO	KJPX	Town of East Hampton Airport	East Hampton	40.959954	-72.251050
HTR	RORH	Hateruma Airport	Taketomi	24.059751	123.805580
HTS	KHTS	Tri-State Airport / Milton J. Ferguson Field	Huntington	38.366699	-82.557999
HTT	ZLHX	Huatugou Airport	Mengnai	38.201645	90.837843
HTU	YHPN	Hopetoun Airport		-35.715302	142.360001
HTV	KUTS	Huntsville Regional Airport	Huntsville	30.746901	-95.587196
HTW	KHTW	Lawrence County Airpark	South Point	38.419082	-82.494922
HTY	LTDA	Hatay Airport	Antakya	36.360790	36.285589
HTZ	SKHC	Hato Corozal Airport	Hato Corozal	6.153311	-71.761969
HUA	KHUA	Redstone Army Air Field	Redstone Arsnl Huntsville	34.678699	-86.684799
HUB	YHBR	Humbert River Airport		-16.489670	130.630280
HUC	PR-HUC	Dr Hermenegildo Ortiz Quinones Airport	Humacao	18.138082	-65.800728
HUD	K0K7	Humboldt Municipal Airport	Humboldt	42.734831	-94.245315
HUE	HAHU	Humera Airport	Akwi	13.830120	36.882370
HUF	KHUF	Terre Haute Regional Airport, Hulman Field	Terre Haute	39.451500	-87.307602
HUG	MGHT	Huehuetenango Airport	Huehuetenango	15.316667	-91.505556
HUH	NTTH	Huahine-Fare Airport	Fare	-16.687084	-151.021593
HUI	VVPB	Phu Bai International Airport	Huế	16.400628	107.703094
HUJ	KHHW	Stan Stamper Municipal Airport	Hugo	34.034801	-95.541901
HUK	BW-HUK	Hukuntsi Airport	Hukuntsi	-23.989700	21.758101
HUL	KHUL	Houlton International Airport	Houlton	46.123100	-67.792099
HUM	KHUM	Houma Terrebonne Airport	Houma	29.566500	-90.660400
HUN	RCYU	Hualien Chiashan Airport	Hualien City	24.023163	121.617991
HUO	ZBHZ	Holingol Huolinhe Airport	Holingol	45.487222	119.407222
HUQ	HLON	Hon Airport		29.110100	15.965600
HUS	PAHU	Hughes Airport	Hughes	66.041100	-154.263001
HUT	KHUT	Hutchinson Municipal Airport	Hutchinson	38.065498	-97.860603
HUU	SPNC	Alferez Fap David Figueroa Fernandini Airport	Huánuco	-9.878810	-76.204803
HUV	ESNH	Hudiksvall Airport	Hudiksvall	61.768087	17.080715
HUW	SWHT	Humaitá Airport	Humaitá	-7.532120	-63.072102
HUX	MMBT	Bahías de Huatulco International Airport	Huatulco	15.775437	-96.260456
HUY	EGNJ	Humberside Airport	Grimsby, Lincolnshire	53.576152	-0.349540
HUZ	ZGHZ	Huizhou Pingtan Airport	Huizhou (Pingtan)	23.049999	114.599998
HVA	FMNL	Analalava Airport	Analalava	-14.629514	47.763555
HVB	YHBA	Hervey Bay Airport	Hervey Bay	-25.320127	152.880662
HVD	ZMKD	Khovd Airport	Khovd	47.954102	91.628197
HVE	KHVE	Hanksville Airport	Hanksville	38.417999	-110.704002
HVG	ENHV	Honningsvåg Airport, Valan	Honningsvåg	71.009697	25.983601
HVK	BIHK	Hólmavík Airport	Hólmavík	65.704697	-21.696400
HVN	KHVN	Tweed New Haven Airport	New Haven	41.262869	-72.887694
HVR	KHVR	Havre City County Airport	Havre	48.541387	-109.762859
HVS	KHVS	Hartsville Regional Airport	Hartsville	34.403099	-80.119202
HWA	AYHU	Hawabango Airport	Hawabango	-7.392994	146.003487
HWD	KHWD	Hayward Executive Airport	Hayward	37.659199	-122.122002
HWK	YHAW	Wilpena Pound Airport	Hawker	-31.855907	138.468079
HWN	FVWN	Hwange National Park Airport	Gwayi River Farms	-18.629900	27.021000
HWO	KHWO	North Perry Airport	Hollywood	26.001200	-80.240700
HWR	VIHX	Halwara International Airport	Halwara	30.748501	75.629799
HXD	ZLDL	Haixi Delingha Airport	Delingha	37.125286	97.268658
HXX	YHAY	Hay Airport		-34.531399	144.830002
HYA	KHYA	Cape Cod Gateway Airport	Hyannis	41.669300	-70.280403
HYC	EGTB	Wycombe Air Park	Marlow, Buckinghamshire	51.611770	-0.808316
HYD	VOHS	Rajiv Gandhi International Airport	Hyderabad	17.231318	78.429855
HYF	AYHF	Hayfields Airport	Bainyik	-3.698380	143.057902
HYN	ZSLQ	Taizhou Luqiao Airport	Taizhou (Luqiao)	28.562201	121.429001
HYR	KHYR	Sawyer County Airport	Hayward	46.025200	-91.444298
HYS	KHYS	Hays Regional Airport	Hays	38.844521	-99.273148
HYV	EFHV	Hyvinkää Airfield	Hyvinkää	60.654400	24.881100
HZA	ZSHZ	Heze Mudan Airport	Heze (Dingtao)	35.212972	115.736748
HZB	LFQT	Merville-Calonne Airport	Merville, Nord	50.618401	2.642240
HZG	ZLHZ	Hanzhong Chenggu Airport	Hanzhong (Chenggu)	33.133527	107.203817
HZH	ZUNP	Liping Airport	Liping	26.322170	109.149900
HZK	BIHU	Húsavík Airport	Húsavík	65.952301	-17.426001
HZL	KHZL	Hazleton Municipal Airport	Hazleton	40.986801	-75.994904
HZP	CYNR	Fort Mackay / Horizon Airport	Fort Mackay	57.381699	-111.700996
HZU	HZU	Chengdu Huaizhou Airport	Chengdu (Jintang)	30.677339	104.529397
HZV	ZA-0094	Hazyview Airport	Hazyview	-25.050100	31.131901
IAA	UOII	Igarka Airport	Igarka	67.437202	86.621902
IAB	KIAB	McConnell Air Force Base	Wichita	37.621899	-97.268204
IAD	KIAD	Washington Dulles International Airport	Dulles	38.944500	-77.455803
IAG	KIAG	Niagara Falls International Airport	Niagara Falls	43.107300	-78.946198
IAH	KIAH	George Bush Intercontinental Airport	Houston	29.984400	-95.341400
IAL	AYIU	Ialibu Airport	Ialibu	-6.278200	143.994400
IAM	DAUZ	Zarzaitine - In Aménas Airport	In Aménas	28.051500	9.642910
IAN	PAIK	Bob Baker Memorial Airport	Kiana	66.976128	-160.439014
IAO	RPNS	Siargao Airport	Del Carmen	9.859100	126.014000
IAQ	OI20	Bahregan Airport	Imam Hassan	29.840099	50.272701
IAR	UUDL	Golden Ring Yaroslavl International Airport	Tunoshna	57.560699	40.157398
IAS	LRIA	Iaşi International Airport	Iaşi	47.179633	27.621431
IAX	WAMS	Miangas Airport	Miangas	5.560419	126.580095
IBA	DNIB	Ibadan Airport	Ibadan	7.362460	3.978330
IBB	SEII	General Villamil Airport	Puerto Villamil	-0.942628	-90.953003
IBE	SKIB	Perales Airport	Ibagué	4.421610	-75.133300
IBI	IBI	Iboki Airport	Iboki	-5.553600	149.190000
IBL	IBL	Indigo Bay Lodge Airport	Bazaruto Island	-21.708000	35.452801
IBM	YIBO	Iron Bridge Mine Airport	Japal Camp	-21.287575	118.882520
IBO	FQIB	Ibo Airport	Ibo	-12.350174	40.602297
IBP	SPBR	Iberia Airport	Iberia	-11.411600	-69.488701
IBR	RJAH	Ibaraki Airport	Omitama	36.181456	140.414434
IBZ	LEIB	Ibiza Airport	Ibiza (Eivissa)	38.872898	1.373120
ICA	SVIC	Ikabaru Airport	Ikabarú	4.338137	-61.738661
ICC	SVIE	Andrés Miguel Salazar Marcano Airport	Isla de Coche	10.794432	-63.981590
ICI	NFCI	Cicia Airport	Cicia	-17.743299	-179.341995
ICK	SMNI	Nieuw Nickerie - Major Henk Fernandes Airport	Nieuw Nickerie	5.955435	-57.040617
ICL	KICL	Schenck Field	Clarinda	40.721802	-95.026398
ICN	RKSI	Incheon International Airport	Seoul	37.469101	126.450996
ICO	ICO	Sicogon Airstrip	Carles	11.459500	123.250600
ICS	KU70	Cascade Airport	Cascade	44.493801	-116.015999
ICT	KICT	Wichita Dwight D. Eisenhower National Airport	Wichita	37.650314	-97.428583
ICY	19AK	Icy Bay Airport	Icy Bay	59.966269	-141.660118
IDA	KIDA	Idaho Falls Regional Airport	Idaho Falls	43.514599	-112.070999
IDB	ESUE	Idre Airport	Idre	61.869701	12.689400
IDF	FZCB	Idiofa Airport	Idiofa	-4.970605	19.578670
IDG	KIDG	Ida Grove Municipal Airport	Ida Grove	42.332600	-95.444901
IDH	KGIC	Idaho County Airport	Grangeville	45.942600	-116.123001
IDI	KIDI	Indiana County–Jimmy Stewart Airport	Indiana	40.631119	-79.101884
IDK	YIDK	Indulkana Airport	Indulkana	-26.965435	133.321989
IDN	AYID	Indagen Airport	Indagen	-6.226630	147.244000
IDO	SWIY	Santa Izabel do Morro Airport	Cristalândia	-11.572300	-50.666199
IDP	KIDP	Independence Municipal Airport	Independence	37.158401	-95.778397
IDR	VAID	Devi Ahilya Bai Holkar International Airport	Indore	22.721404	75.800510
IDY	LFEY	Île d'Yeu Airport	Île d'Yeu	46.717641	-2.392544
IEG	EPZG	Zielona Góra-Babimost Airport	Nowe Kramsko	52.138500	15.798600
IEJ	RORE	Iejima Airport	Ie	26.722537	127.786801
IES	EDAU	Riesa-Göhlis Airport	Riesa	51.293610	13.356111
IFA	KIFA	Iowa Falls Municipal Airport	Iowa Falls	42.470798	-93.269997
IFF	YIFY	Iffley Airport		-18.900000	141.216995
IFH	OIFE	Hesa Airport	Hesa	32.928902	51.561100
IFJ	BIIS	Ísafjörður Airport	Ísafjörður	66.058098	-23.135300
IFL	YIFL	Innisfail Airport		-17.559401	146.011993
IFN	OIFM	Isfahan Shahid Beheshti International Airport	Isfahan	32.755142	51.883877
IFO	UKLI	Ivano-Frankivsk International Airport	Ivano-Frankivsk	48.884201	24.686100
IFP	KIFP	Laughlin Bullhead International Airport	Bullhead City	35.154726	-114.559322
IFU	VREI	Ifuru Airport	Ifuru Island	5.708300	73.025000
IGA	MYIG	Inagua Airport	Matthew Town	20.975000	-73.666901
IGB	SAVJ	Ingeniero Jacobacci - Captain H R Bordón Airport	Ingeniero Jacobacci	-41.320900	-69.574898
IGD	LTCT	Iğdır Airport	Iğdır	39.976627	43.876648
IGE	FOOI	Tchongorove Airport	Iguela	-1.930801	9.319577
IGG	PAIG	Igiugig Airport	Igiugig	59.324001	-155.901993
IGH	YIGM	Ingham Airport		-18.664149	146.145804
IGL	LTBL	Çiğli Airbase	Çiğli	38.513000	27.010099
IGM	KIGM	Kingman Airport	Kingman	35.259499	-113.938004
IGN	RPMI	Maria Cristina (Iligan) Airport	Balo-i	8.130490	124.214996
IGO	SKIG	Jaime Ortiz Betancourt Airport	Chigorodó	7.677606	-76.683165
IGR	SARI	Cataratas Del Iguazú International Airport	Puerto Iguazu	-25.737301	-54.473400
IGS	ETSI	Ingolstadt Manching Airport	Manching	48.715698	11.534000
IGT	URMS	Magas Airport	Sunzha	43.323268	45.012568
IGU	SBFI	Cataratas International Airport	Foz do Iguaçu	-25.594167	-54.489444
IHC	FQIA	Inhaca Airport	Inhaca	-25.997145	32.929352
IHN	OYQN	Qishn Airport	Qishn	15.417000	51.682999
IHO	FMSI	Ihosy Airport	Ihosy	-22.404720	46.164937
IHR	OIZI	Iranshahr Airport	Iranshahr	27.236099	60.720001
IHU	PG-IHU	Ihu Airport	Ihu	-7.897560	145.395996
IIA	EIMN	Inishmaan Aerodrome	Inis Meáin	53.092999	-9.568060
IIL	OICI	Ilam Airport	Ilam	33.586601	46.404800
IIS	AYIA	Nissan Island Airport	Nissan Island	-4.499720	154.225998
IJK	USII	Izhevsk Airport	Izhevsk	56.834524	53.462172
IJU	SSIJ	João Batista Bos Filho Airport	Ijuí	-28.368711	-53.846568
IJX	KIJX	Jacksonville Municipal Airport	Jacksonville	39.774601	-90.238297
IKA	OIIE	Imam Khomeini International Airport	Tehran	35.416100	51.152199
IKB	KUKF	Wilkes County Airport	North Wilkesboro	36.222801	-81.098297
IKG	UCFK	Karakol International Airport	Karakol	42.508099	78.407799
IKI	RJDB	Iki Airport	Iki	33.749001	129.785004
IKK	KIKK	Greater Kankakee Airport	Kankakee	41.071400	-87.846298
IKL	FZGV	Ikela Airport	Ikela	-1.048109	23.372501
IKO	PAKO	Nikolski Air Station	Nikolski	52.941552	-168.849478
IKP	YIKM	Inkerman Airport	Inkerman	-16.229225	141.434607
IKS	UEST	Tiksi Airport	Tiksi	71.697701	128.903000
IKT	UIII	Irkutsk International Airport	Irkutsk	52.266707	104.395563
IKU	UCFL	Issyk-Kul International Airport	Tamchy	42.585584	76.701181
ILA	WABL	Ilaga Airport	Ilaga	-3.976480	137.622500
ILD	LEDA	Lleida-Alguaire Airport	Lleida	41.728185	0.535023
ILE	KILE	Skylark Field	Killeen	31.085800	-97.686501
ILF	CZBD	Ilford Airport	Ilford	56.051622	-95.618820
ILG	KILG	Wilmington Airport	Wilmington	39.678699	-75.606499
ILI	PAIL	Iliamna Airport	Iliamna	59.754398	-154.910996
ILK	FMMQ	Atsinanana Airport	Ilaka	-19.583000	48.803001
ILL	KBDH	Willmar Municipal Airport John L Rice Field (2006)	Willmar	45.117552	-95.132259
ILM	KILM	Wilmington International Airport	Wilmington	34.272345	-77.905117
ILN	KILN	Wilmington Airpark	Wilmington	39.427898	-83.792099
ILO	RPVI	Iloilo International Airport	Cabatuan	10.833017	122.493358
ILP	NWWE	Île des Pins Airport	Île des Pins	-22.588900	167.455994
ILQ	SPLO	General Jorge Fernandez Maldon Airport	Ilo	-17.695000	-71.344002
ILR	DNIL	General Tunde Idiagbon International Airport	Ilorin/Ogbomosho	8.440210	4.493920
ILS	MSSS	Ilopango International Airport	San Salvador	13.699500	-89.119904
ILU	HKKL	Kilaguni Airport	Kilaguni	-2.906848	38.071738
ILY	EGPI	Islay Airport	Isle of Islay, Argyll and Bute	55.682708	-6.257525
ILZ	LZZI	Žilina-Dolný Hričov Airport	Dolný Hričov	49.233292	18.613386
IMA	IMA	Iamalele Airport	Iamalele, Fergusson Island	-9.510700	150.524600
IMB	SYIB	Imbaimadai Airport	Imbaimadai	5.708110	-60.294201
IMD	AYIO	Imonda Airport	Imonda	-3.328000	141.157300
IMF	VEIM	Bir Tikendrajit International Airport	Imphal	24.760000	93.896698
IMG	IMG	Inhaminga Airport	Inhaminga	-18.410000	35.004500
IMI	N20	Ine Airport	Arno Atoll	7.005553	171.656959
IMK	VNST	Simikot Airport	Simikot	29.971100	81.818901
IML	KIML	Imperial Municipal Airport	Imperial	40.509300	-101.621002
IMM	KIMM	Immokalee Regional Airport	Immokalee	26.427933	-81.403531
IMN	AYII	Imane Airport	Imane	-6.752400	146.107200
IMO	FEFZ	Zemio Airport	Zemio	5.002226	25.101857
IMP	SBIZ	Prefeito Renato Moreira Airport	Imperatriz	-5.531290	-47.459999
IMQ	OITU	Maku National Airport	Showt	39.191293	44.928505
IMT	KIMT	Ford Airport	Kingsford	45.819110	-88.114557
IMZ	OANZ	Nimroz Airport	Ziarat-e Amiran Saseb	30.963333	62.060833
INA	UUYI	Inta Airport	Inta	66.053372	60.105786
INB	MZSV	Independence Airport	Independence	16.534560	-88.441615
INC	ZLIC	Yinchuan Hedong International Airport	Yinchuan	38.322758	106.393214
IND	KIND	Indianapolis International Airport	Indianapolis	39.717300	-86.294403
INE	INE	Chinde Airport	Chinde	-18.590000	36.448900
INF	DATG	In Guezzam Airport	In Guezzam	19.560518	5.749326
INH	FQIN	Inhambane Airport	Inhambane	-23.876400	35.408501
INI	LYNI	Niš Constantine the Great Airport	Niš	43.336538	21.856242
INJ	YINJ	Injune Airport	Injune	-25.851000	148.549700
INK	KINK	Winkler County Airport	Wink	31.779600	-103.200996
INL	KINL	Falls International Airport	International Falls	48.566200	-93.403099
INM	YINN	Innamincka Airport		-27.697589	140.739498
INN	LOWI	Innsbruck Airport	Innsbruck	47.260201	11.344000
INO	FZBA	Inongo Airport	Inongo	-1.947220	18.285801
INQ	EIIR	Inisheer Aerodrome	Inis Oírr	53.064701	-9.510900
INS	KINS	Creech Air Force Base	Indian Springs	36.587200	-115.672997
INT	KINT	Smith Reynolds Airport	Winston Salem	36.133701	-80.222000
INU	ANYN	Nauru International Airport	Yaren	-0.547893	166.919525
INV	EGPE	Inverness Airport	Inverness	57.542500	-4.047500
INW	KINW	Winslow Lindbergh Regional Airport	Winslow	35.021900	-110.723000
INX	WASI	Inanwatan Airport	Inanwatan	-2.127447	132.160056
INY	ZA-0097	Inyati Airport	Inyati	-24.777700	31.385500
INZ	DAUI	In Salah Airport	In Salah	27.250999	2.512020
IOA	LGIO	Ioannina King Pyrrhus National Airport	Ioannina	39.696400	20.822500
IOK	IOK	Iokea Airport	Iokea	-8.401000	146.277000
IOM	EGNS	Isle of Man Airport	Castletown	54.083081	-4.623871
ION	FCOI	Impfondo Airport	Impfondo	1.589968	18.046624
IOP	IOP	Ioma Airport	Ioma	-8.361400	147.840000
IOR	EIIM	Inishmore Aerodrome	Inis Mór	53.106701	-9.653610
IOS	SBIL	Bahia - Jorge Amado Airport	Ilhéus	-14.815929	-39.033458
IOW	KIOW	Iowa City Municipal Airport	Iowa City	41.639198	-91.546501
IPA	NVVI	Ipota Airport	Ipota	-18.856389	169.283333
IPC	SCIP	Mataveri International Airport	Isla De Pascua	-27.165411	-109.421027
IPE	RPMV	Ipil Airport	Ipil	7.784898	122.601500
IPG	SWII	Ipiranga Airport	Santo Antônio do Içá	-2.940141	-69.694264
IPH	WMKI	Sultan Azlan Shah Airport	Ipoh	4.567330	101.091643
IPI	SKIP	San Luis Airport	Ipiales	0.861946	-77.671783
IPL	KIPL	Imperial County Airport	Imperial	32.835390	-115.574026
IPN	SBIP	Usiminas Airport	Ipatinga	-19.470699	-42.487598
IPT	KIPT	Williamsport Regional Airport	Williamsport	41.242126	-76.922450
IPU	SNIU	Ipiaú Airport	Ipiaú	-14.173538	-39.683990
IPZ	MRSI	San Isidro del General Airport	Pérez Zeledón	9.348676	-83.712301
IQA	ORAA	Al Asad Air Base	Hīt	33.785599	42.441200
IQM	ZWCM	Qiemo Yudu Airport	Qiemo	38.234516	85.465462
IQN	ZLQY	Qingyang Xifeng Airport	Qingyang (Xifeng)	35.802638	107.598896
IQQ	SCDA	Diego Aracena International Airport	Iquique	-20.536273	-70.181373
IQT	SPQT	Coronel FAP Francisco Secada Vignetta International Airport	Iquitos	-3.784740	-73.308800
IRA	AGGK	Ngorangora Airport	Kirakira	-10.449700	161.897995
IRB	K2F0	Iraan Municipal Airport	Iraan	30.905701	-101.891998
IRC	PACR	Circle City (New) Airport	Circle	65.827673	-144.076195
IRD	VGIS	Ishurdi Airport	Ishurdi	24.152500	89.049400
IRE	SNIC	Irecê Airport	Irecê	-11.339900	-41.847000
IRG	YLHR	Lockhart River Airport	Lockhart River	-12.786900	143.304993
IRI	HTIR	Iringa Airport	Nduli	-7.668630	35.752102
IRJ	SANL	Capitan V A Almonacid Airport	La Rioja	-29.381599	-66.795799
IRK	KIRK	Kirksville Regional Airport	Kirksville	40.093498	-92.544899
IRM	USHI	Igrim Airport		63.200391	64.440136
IRN	MHIR	Iriona Airport	Iriona	15.939167	-85.137222
IRO	FEFI	Birao Airport	Birao	10.236400	22.716900
IRP	FZJH	Matari Airport	Isiro	2.827610	27.588301
IRS	KIRS	Kirsch Municipal Airport	Sturgis	41.813301	-85.439003
IRZ	SWTP	Tapuruquara Airport	Santa Isabel do Rio Negro	-0.378604	-64.992558
ISA	YBMA	Mount Isa Airport	Mount Isa	-20.666380	139.488468
ISB	OPIS	Islamabad International Airport	Attock	33.549000	72.825660
ISC	EGHE	St. Mary's Airport	St. Mary's, Isles of Scilly	49.913375	-6.291894
ISD	SK-367	Santa Bárbara Airport	Iscuandé	2.445825	-77.981753
ISE	LTFC	Süleyman Demirel International Airport	Isparta	37.855400	30.368401
ISG	ROIG	New Ishigaki Airport	Ishigaki	24.396389	124.245000
ISI	YISF	Isisford Airport		-24.258301	144.425003
ISJ	MMIM	Isla Mujeres National Airport	Isla Mujeres	21.245962	-86.740365
ISK	VAOZ	Nashik International Airport	Nashik	20.119101	73.912903
ISL	LTBA	İstanbul Atatürk Airport	Istanbul(Bakırköy)	40.971913	28.823714
ISM	KISM	Kissimmee Gateway Airport	Orlando	28.289801	-81.437103
ISO	KISO	Kinston Regional Jetport At Stallings Field	Kinston	35.331402	-77.608803
ISP	KISP	Long Island MacArthur Airport	Islip	40.796324	-73.101703
ISQ	KISQ	Schoolcraft County Airport	Manistique	45.974602	-86.171799
ISS	KIWI	Wiscasset Airport	Wiscasset	43.961399	-69.712601
IST	LTFM	İstanbul Airport	Istanbul	41.274874	28.732136
ISU	ORSJ	Jalal Talabani International Airport	Sulaymaniyah	35.560487	45.315137
ISW	KISW	Alexander Field South Wood County Airport	Wisconsin Rapids	44.360298	-89.838997
ITA	SBIC	Itacoatiara Airport	Itacoatiara	-3.126539	-58.481668
ITB	SBIH	Itaituba Airport	Itaituba	-4.242131	-56.000651
ITE	SNZW	Ituberá Airport	Ituberá	-13.731571	-39.140377
ITH	KITH	Ithaca Tompkins Regional Airport	Ithaca	42.491001	-76.458397
ITI	SWZL	Fazenda Americana Airport	Itambacuri	-18.147591	-41.715044
ITJ	SIJY	Campo Comandantes Airport	Itajaí	-26.983055	-48.816387
ITK	ITK	Itokama Airport	Itokama	-9.201527	148.264261
ITM	RJOO	Osaka Itami International Airport	Osaka	34.780853	135.440829
ITN	BR-2152	Tertuliano Guedes de Pinho Airport	Itabuna	-14.810500	-39.290401
ITO	PHTO	Hilo International Airport	Hilo	19.721350	-155.045428
ITP	SDUN	Itaperuna Airport	Itaperuna	-21.219299	-41.875900
ITQ	SSIQ	Itaqui Airport	Itaqui	-29.171981	-56.538343
ITR	SBIT	Francisco Vilela do Amaral Airport	Itumbiara	-18.444700	-49.213402
ITU	UHSI	Iturup Airport	Kurilsk	45.256389	147.955490
IUA	D38	Canandaigua Airport	Ontario County IDA	42.908902	-77.325226
IUE	NIUE	Niue International Airport	Alofi	-19.080109	-169.923493
IUL	ID-IUL	Ilu Airport	Ilu	-3.705100	138.200200
IUP	SWYN	Apuí Airport	Apuí	-7.172773	-59.839600
IVA	FMNZ	Ampampamena Airport		-13.484816	48.632702
IVC	NZNV	Invercargill Airport	Invercargill	-46.412399	168.313004
IVG	LYBR	Berane Airport	Berane	42.839001	19.862000
IVI	IVI	Viveros Island Airport	Isla Viveros	8.469300	-79.001600
IVL	EFIV	Ivalo Airport	Ivalo	68.607300	27.405300
IVO	SK-256	Chivolo Airport	Chivolo	10.016667	-74.683333
IVR	YIVL	Inverell Airport	Inverell	-29.888300	151.143997
IVW	YINW	Inverway Airport	Inverway	-17.841101	129.643005
IWA	UUBI	Ivanovo South Airport	Ivanovo	56.939400	40.940800
IWD	KIWD	Gogebic Iron County Airport	Ironwood	46.525298	-90.131578
IWJ	RJOW	Iwami Airport	Masuda	34.676399	131.789993
IWK	RJOI	Iwakuni Kintaikyo Airport	Iwakuni	34.146333	132.247238
IWO	RJAW	Ioto (Iwo Jima) Airbase	Ogasawara	24.784153	141.322610
IWS	KIWS	West Houston Airport	Houston	29.818199	-95.672600
IXA	VEAT	Agartala - Maharaja Bir Bikram Airport	Agartala	23.886999	91.240402
IXB	VEBD	Bagdogra Airport	Siliguri	26.681200	88.328598
IXC	VICG	Shaheed Bhagat Singh International Airport	Chandigarh	30.673500	76.788498
IXD	VEAB	Prayagraj Airport	Allahabad	25.440100	81.733902
IXE	VOML	Mangaluru International Airport	Mangaluru	12.954710	74.886812
IXG	VOBM	Belagavi Airport	Belgaum	15.859300	74.618301
IXH	VEKR	Kailashahar Airport	Kailashahar	24.308657	92.007680
IXI	VELR	Lilabari North Lakhimpur Airport	Lilabari	27.295682	94.097266
IXJ	VIJU	Jammu Airport	Jammu	32.688849	74.838152
IXK	VAKS	Keshod Airport	Keshod	21.317101	70.270401
IXL	VILH	Leh Kushok Bakula Rimpochee Airport	Leh	34.135899	77.546501
IXM	VOMD	Madurai Airport	Madurai	9.834510	78.093399
IXN	VEKW	Khowai Airport	Khowai	24.061899	91.603897
IXP	VIPK	Pathankot Airport	Pathankot	32.233611	75.634444
IXQ	VEKM	Kamalpur Airport	Manik Bhandar	24.134325	91.810769
IXR	VERC	Birsa Munda Airport	Ranchi	23.314301	85.321701
IXS	VEKU	Silchar Airport	Silchar	24.912901	92.978699
IXT	VEPG	Pasighat Airport	Pasighat	28.064786	95.336952
IXU	VAAU	Aurangabad Airport	Aurangabad	19.862875	75.396312
IXV	VEAN	Along Airport		28.175301	94.802002
IXW	VEJS	Sonari Airport	Jamshedpur	22.813706	86.168981
IXX	VOBR	Bidar Airport / Bidar Air Force Station	Bidar	17.908100	77.487099
IXY	VAKE	Kandla Airport	Kandla	23.112700	70.100304
IXZ	VOPB	Veer Savarkar International Airport / INS Utkrosh	Port Blair	11.640194	92.729020
IYK	KIYK	Inyokern Airport	Inyokern	35.658798	-117.830002
IZA	SBZM	Presidente Itamar Franco Airport	Juiz de Fora	-21.513086	-43.173069
IZE	EDHF	Itzehoe Hungriger Wolf Airfield	Hohenlockstedt	53.992009	9.576409
IZM	LTFB	Selçuk Efes Airport	Selçuk	37.950699	27.329000
IZO	RJOC	Izumo Enmusubi Airport	Izumo	35.413601	132.889999
IZT	MMIT	General Antonio Cárdenas Rodríguez National Airport / Ixtepec Air Base	Ixtepec	16.445961	-95.093708
JAA	OAJL	Jalalabad Airport	Jalalabad	34.399799	70.498596
JAB	YJAB	Jabiru Airport		-12.658056	132.894638
JAC	KJAC	Jackson Hole Airport	Jackson	43.607300	-110.737999
JAD	YPJT	Perth Jandakot Airport	Perth	-32.097500	115.880997
JAE	SPJE	Shumba Airport	Jaén	-5.592480	-78.774002
JAF	VCCJ	Jaffna International Airport	Jaffna	9.792330	80.070099
JAG	OPJA	Shahbaz Air Base	Jacobabad	28.284201	68.449699
JAI	VIJP	Jaipur International Airport	Jaipur	26.824200	75.812202
JAK	MTJA	Jacmel Airport	Jacmel	18.241100	-72.518501
JAL	MMJA	El Lencero Airport	Emiliano Zapata	19.475107	-96.797008
JAM	BG-JAM	Bezmer Air Base	Bezmer	42.454899	26.352200
JAN	KJAN	Jackson-Medgar Wiley Evers International Airport	Jackson	32.311199	-90.075897
JAP	MRCH	Chacarita Airport	Puntarenas	9.981410	-84.772697
JAQ	PG-JAQ	Jacquinot Bay Airport	Jacquinot Bay	-5.652500	151.507004
JAR	OISJ	Jahrom Airport	Jahrom	28.586700	53.579102
JAS	KJAS	Jasper County Airport Bell Field	Jasper	30.885700	-94.034897
JAT	MH-JAT	Jabot Airport	Ailinglapalap Atoll	7.749775	168.977838
JAU	SPJJ	Francisco Carle Airport	Jauja	-11.783100	-75.473396
JAV	BGJN	Ilulissat Airport	Ilulissat	69.243202	-51.057098
JAW	SNAB	Araripina Airport	Araripina	-7.586417	-40.535431
JAX	KJAX	Jacksonville International Airport	Jacksonville	30.492469	-81.687813
JBB	WARE	Notohadinegoro Airport	Jember	-8.242494	113.693476
JBK	ZWQT	Qitai Jiangbulake Airport	Qitai	44.166086	89.550140
JBQ	MDJB	La Isabela International Airport	La Isabela	18.572500	-69.985603
JBR	KJBR	Jonesboro Municipal Airport	Jonesboro	35.831699	-90.646400
JBS	SSSB	São Borja Airport	São Borja	-28.654900	-56.034599
JCB	SSJA	Santa Terezinha Airport	Joaçaba	-27.171514	-51.553327
JCI	KIXD	New Century AirCenter Airport	New Century	38.830898	-94.890297
JCK	YJLC	Julia Creek Airport		-20.668301	141.723007
JCL	LKCS	České Budějovice South Bohemian Airport	České Budějovice	48.948171	14.428320
JCM	SNJB	Jacobina Airport	Jacobina	-11.163200	-40.553101
JCR	SBEK	Jacareacanga Airport	Jacareacanga	-6.233160	-57.776901
JCS	SNWS	Crateús Airport	Crateús	-5.211350	-40.704201
JCT	KJCT	Kimble County Airport	Junction	30.511299	-99.763496
JCY	0TE7	LBJ Ranch Airport	Stonewall	30.251801	-98.622498
JDA	KGCD	Grant County Regional Airport / Ogilvie Field	John Day	44.404202	-118.962997
JDE	CN-0253	Jiande Qiandaohu General Airport	Hangzhou	29.360905	119.180829
JDF	SBJF	Francisco de Assis Airport	Juiz de Fora	-21.791482	-43.386072
JDG	RKPD	Jeongseok Airport	Jeju Island	33.399601	126.711998
JDH	VIJO	Jodhpur Airport	Jodhpur	26.251101	73.048897
JDN	KJDN	Jordan Airport	Jordan	47.328800	-106.953003
JDO	SBJU	Orlando Bezerra de Menezes Airport	Juazeiro do Norte	-7.219320	-39.269096
JDR	SNJR	Prefeito Octávio de Almeida Neves Airport	São João Del Rei	-21.085638	-44.225299
JDZ	ZSJD	Jingdezhen Luojia Airport	Jingdezhen	29.338600	117.176003
JED	OEJN	King Abdulaziz International Airport	Jeddah	21.680241	39.157436
JEE	MTJE	Jérémie Airport	Carrefour Sanon	18.663099	-74.170303
JEF	KJEF	Jefferson City Memorial Airport	Jefferson City	38.591202	-92.156097
JEG	BGAA	Aasiaat Airport	Aasiaat	68.721802	-52.784698
JEJ	MH-JEJ	Jeh Airport	Ailinglapalap Atoll	7.565350	168.962006
JEK	FLJK	Jeki Airport	Jeki	-15.633400	29.603600
JEQ	SNJK	Jequié Airport	Jequié	-13.877700	-40.071602
JER	EGJJ	Jersey Airport	St. Peter	49.207901	-2.195510
JFK	KJFK	John F. Kennedy International Airport	New York	40.639447	-73.779317
JFN	KHZY	Northeast Ohio Regional Airport	Ashtabula	41.778000	-80.695503
JFR	BGPT	Paamiut Airport	Paamiut	62.014736	-49.670937
JGA	VAJM	Jamnagar Airport	Jamnagar	22.465500	70.012604
JGB	VEJR	Jagdalpur Airport	Jagdalpur	19.074301	82.036797
JGD	ZYJD	Daxing'anling Elunchun Airport	Jiagedaqi	50.371389	124.117500
JGN	ZLJQ	Jiayuguan International Airport	Jiayuguan	39.859052	98.339344
JGS	ZSGS	Jinggangshan Airport	Ji'an	26.856899	114.737000
JHB	WMKJ	Senai International Airport	Johor Bahru	1.641310	103.669998
JHF	SBJH	São Paulo Catarina Executive Airport	São Roque	-23.426886	-47.165658
JHG	ZPJH	Xishuangbanna Gasa International Airport	Jinghong (Gasa)	21.974648	100.762224
JHL	CAL4	Fort MacKay/Albian Aerodrome	Albian Village	57.223900	-111.418999
JHM	PHJH	Kapalua Airport	Lahaina	20.962900	-156.673004
JHN	WIMF	Jenderal Besar Abdul Haris Nasution Airport	Mandailing	0.943995	99.534093
JHS	BGSS	Sisimiut Airport	Sisimiut	66.951302	-53.729301
JHW	KJHW	Chautauqua County-Jamestown Airport	Jamestown	42.154250	-79.254008
JIA	SWJN	Juína Airport	Juína	-11.419444	-58.701668
JIB	HDAM	Djibouti-Ambouli Airport	Djibouti City	11.547300	43.159500
JIC	ZLJC	Jinchang Jinchuan Airport	Jinchang	38.542222	102.348333
JIJ	HAJJ	Gerad Wilwal International Airport	Jijiga	9.331907	42.911811
JIK	LGIK	Ikaria Airport	Ikaria Island	37.682701	26.347099
JIL	ZYJL	Jilin Ertaizi Airport	Jilin	44.002652	126.395244
JIM	HAJM	Jimma Airport	Jimma	7.666090	36.816601
JIN	HUJI	Jinja Airport	Jinja	0.453094	33.193560
JIO	WAPM	Jos Orno Imsula Airport	Tiakur	-8.140683	127.909669
JIP	SEJI	Jipijapa Airport	Jipijapa	-1.000000	-80.666664
JIQ	ZUQJ	Qianjiang Wulingshan Airport	Qianjiang	29.513333	108.831111
JIR	VNJI	Jiri Airport	Jiri	27.626313	86.230581
JIU	ZSJJ	Jiujiang Lushan Airport	Jiujiang	29.476944	115.801111
JJD	SBJE	Comandante Ariston Pessoa Airport	Cruz	-2.906425	-40.357338
JJG	SBJA	Humberto Ghizzo Bortoluzzi Regional Airport	Jaguaruna	-28.675300	-49.059600
JJI	SPJI	Juanjui Airport	Juanjuí	-7.169100	-76.728600
JJM	HKMK	Mulika Lodge Airport	Meru-Kinna	0.165083	38.195141
JJN	ZSQZ	Quanzhou Jinjiang International Airport	Quanzhou	24.795855	118.588599
JJU	BGQO	Qaqortoq Airport	Qaqortoq	60.763830	-46.065001
JKG	ESGJ	Jönköping Airport	Jönköping	57.757599	14.068700
JKH	LGHI	Chios Island National Airport	Chios Island	38.343201	26.140600
JKL	LGKY	Kalymnos Airport	Kalymnos Island	36.963299	26.940599
JKR	VNJP	Janakpur Airport	Janakpur	26.708799	85.922401
JKV	KJSO	Cherokee County Airport	Jacksonville	31.869301	-95.217400
JLA	JLA	Quartz Creek Airport	Cooper Landing	60.484235	-149.722909
JLG	VAJL	Jalgaon Airport	Jalgaon	20.962678	75.627492
JLN	KJLN	Joplin Regional Airport	Joplin	37.151798	-94.498299
JLR	VAJB	Jabalpur Airport	Jabalpur	23.177799	80.052002
JLS	SDJL	Jales Airport	Jales	-20.292296	-50.545546
JMA	SNJM	Aeroporto Elias Breder Airport	Manhuaçu	-20.259722	-42.183887
JMB	FNJM	Jamba Airport	Jamba	-14.698193	16.070148
JMJ	ZPJM	Lancang Jingmai Airport	Pu'er (Lancang)	22.417733	99.784012
JMK	LGMK	Mykonos Island National Airport	Mykonos	37.435101	25.348101
JMO	VNJS	Jomsom Airport	Jomsom	28.780426	83.723000
JMR	SDMC	Maricá Airport	Maricá	-22.919500	-42.830898
JMS	KJMS	Jamestown Regional Airport	Jamestown	46.929699	-98.678200
JMU	ZYJM	Jiamusi Songjiang International Airport	Jiamusi	46.842793	130.464260
JNA	SNJN	Januária Airport	Januária	-15.473800	-44.385502
JNB	FAOR	O.R. Tambo International Airport	Johannesburg	-26.140081	28.246801
JNG	ZSJG	Jining Da'an Airport	Jining	35.647358	116.743269
JNH	ZSJX	Jiaxing Nanhu Airport	Xiuzhou, Hangzhou	30.698056	120.663056
JNJ	OOJA	Ja'Aluni Airport	Duqm	19.474900	57.308300
JNU	PAJN	Juneau International Airport	Juneau	58.354935	-134.574416
JNX	LGNX	Naxos Island National Airport	Naxos	37.081100	25.368099
JNZ	ZYJZ	Jinzhou Bay Airport	Jinzhou (Linghai)	40.936032	121.277114
JOE	EFJO	Joensuu Airport	Joensuu	62.658815	29.619398
JOG	WAHH	Adisutjipto International Airport	Yogyakarta	-7.788180	110.431999
JOH	FAPJ	Port St Johns Airport	Port St Johns	-31.606120	29.521750
JOI	SBJV	Lauro Carneiro de Loyola Airport	Joinville	-26.224501	-48.797401
JOJ	CDL7	Doris Lake	Hope Bay	68.125275	-106.585281
JOK	UWKJ	Yoshkar-Ola Airport	Yoshkar-Ola	56.700600	47.904701
JOL	RPMJ	Jolo Airport	Jolo	6.053670	121.011002
JOM	HTNJ	Njombe Airport	Njombe	-9.350000	34.799999
JOP	AYJS	Josephstaal Airport	Josephstaal	-4.747083	145.007083
JOS	DNJO	Yakubu Gowon Airport	Jos	9.639830	8.869050
JOT	KJOT	Joliet Regional Airport	Joliet	41.517799	-88.175499
JPA	SBJP	Presidente Castro Pinto International Airport	João Pessoa	-7.148691	-34.950554
JPE	SNEB	Nagib Demachki Airport	Paragominas	-3.019798	-47.316474
JPO	SNTS	Aeroporto Brigadeiro Firmino Ayres	Patos	-7.038990	-37.251598
JPR	SBJI	Ji-Paraná Airport	Ji-Paraná	-10.870743	-61.846675
JPY	SDTK	Paraty Airport	Paraty	-23.224044	-44.723400
JQA	BGUQ	Qaarsut Airport	Uummannaq	70.734200	-52.696201
JQE	MPJE	Jaqué Airport	Jaqué	7.517780	-78.157204
JRF	PHJR	Kalaeloa Airport	Kapolei	21.307400	-158.070009
JRG	VEJH	Jharsuguda Airport		21.913500	84.050400
JRH	VEJT	Jorhat Airport	Jorhat	26.730456	94.175416
JRJ	ZSRJ	Ganzhou Ruijin Airport	Ganzhou	25.960236	116.077016
JRN	BR-3086	Juruena Airport	Juruena	-10.314114	-58.494877
JRO	HTKJ	Kilimanjaro International Airport	Arusha	-3.427049	37.073530
JRT	SJOH	Juruti Airport	Juruti	-2.186667	-56.090279
JSA	VIJR	Jaisalmer Airport		26.888700	70.864998
JSB	SWBE	Walfrido Salmito de Almeida Airport	São Benedito	-4.042841	-40.893813
JSH	LGST	Sitia Airport	Crete Island	35.216099	26.101299
JSI	LGSK	Skiathos Island National Airport	Skiathos	39.177101	23.503700
JSJ	ZYJS	Jiansanjiang Shidi Airport	Jiansanjiang	47.108248	132.657920
JSK	OIZJ	Jask Airport	Bandar-e-Jask	25.654757	57.801718
JSM	SAWS	Jose De San Martin Airport	Chubut	-44.048599	-70.458900
JSO	SN6L	Dr. Luciano de Arruda Coelho Regional Airport	Sobral	-3.614769	-40.232208
JSR	VGJR	Jessore Airport	Jashore (Jessore)	23.183800	89.160797
JST	KJST	John Murtha Johnstown Cambria County Airport	Johnstown	40.316101	-78.833900
JSU	BGMQ	Maniitsoq Airport	Maniitsoq	65.412498	-52.939400
JSY	LGSO	Syros Airport	Syros Island	37.422798	24.950899
JTA	SDZG	Pedro Teixeira Castelo Airport	Tauá	-5.933400	-40.297500
JTC	SBAE	Bauru/Arealva–Moussa Nakhal Tobias State Airport	Bauru	-22.160755	-49.070325
JTI	SWJW	Jataí Airport	Jataí	-17.829901	-51.772999
JTN	SDIM	Itanhaém Airport	Itanhaém	-24.159729	-46.790604
JTR	LGSR	Santorini International Airport	Santorini Island	36.400045	25.478638
JTY	LGPL	Astypalaia Airport	Astypalaia Island	36.579899	26.375799
JUA	SIZX	Inácio Luís do Nascimento Airport	Juara	-11.296600	-57.549500
JUB	HJJJ	Juba International Airport	Juba	4.872010	31.601101
JUH	ZSJH	Chizhou Jiuhuashan Airport	Chizhou	30.740300	117.685600
JUI	EDWJ	Juist Airport	Juist	53.681421	7.056398
JUJ	SASJ	Gobernador Horacio Guzman International Airport	San Salvador de Jujuy	-24.392799	-65.097801
JUL	SPJL	Inca Manco Capac International Airport	Juliaca	-15.467689	-70.156530
JUM	VNJL	Jumla Airport	Jumla	29.274200	82.193298
JUN	YJDA	Jundah Airport	Jundah	-24.838045	143.061962
JUO	SKJU	Juradó Airport	Juradó	7.071810	-77.727117
JUR	YJUR	Jurien Bay Airport	Jurien Bay	-30.302699	115.055551
JUT	MHJU	Jutigalpa airport	Jutigalpa	14.652600	-86.220299
JUV	BGUK	Upernavik Airport	Upernavik	72.790199	-56.130600
JUZ	ZSJU	Quzhou Airport	Quzhou (Kezheng)	28.966130	118.898793
JVA	FMMK	Ankavandra Airport	Ankavandra	-18.805010	45.273467
JVI	K47N	Central Jersey Regional Airport	Manville	40.524399	-74.598396
JVL	KJVL	Southern Wisconsin Regional Airport	Janesville	42.620300	-89.041603
JWA	FBJW	Jwaneng Airport	Jwaneng	-24.602301	24.691000
JWN	OITZ	Zanjan Airport	Zanjan	36.773701	48.359402
JWO	RKTI	Jungwon Air Base/Chungju Airport	Gimseang-ro	37.030240	127.886353
JXA	ZYJX	Jixi Xingkaihu Airport	Jixi	45.293000	131.193000
JXN	KJXN	Jackson County Airport/Reynolds Field	Jackson	42.260509	-84.463019
JYR	OIKJ	Jiroft Airport	Jiroft	28.723519	57.675037
JYV	EFJY	Jyväskylä Airport	Jyväskylän Maalaiskunta	62.399502	25.678301
JZH	ZUJZ	Jiuzhai Huanglong Airport	Ngawa (Songpan)	32.853333	103.682222
KAA	FLKS	Kasama Airport	Kasama	-10.210169	31.123045
KAB	FVKB	Kariba Airport	Kariba	-16.519800	28.885000
KAC	OSKL	Qamishli International Airport	Qamishli	37.020599	41.191399
KAD	DNKA	Kaduna International Airport	Kaduna	10.696000	7.320110
KAF	KAF	Karato Airport	Karato	-6.265500	155.305200
KAG	RKNN	Gangneung Airport (K-18)	Gangneung	37.753601	128.943915
KAI	SYKA	Kaieteur Airport	Kaieteur Falls	5.177349	-59.488980
KAJ	EFKI	Kajaani Airport	Kajaani	64.285500	27.692400
KAK	KAK	Kar Airport	Kar	-6.245200	143.551600
KAL	PAKV	Kaltag Airport	Kaltag	64.318640	-158.741970
KAM	OYKM	Kamaran Airport	Kamaran	15.368755	42.612515
KAN	DNKN	Mallam Aminu Kano International Airport	Kano	12.045613	8.523566
KAO	EFKS	Kuusamo Airport	Kuusamo	65.987602	29.239401
KAP	FZSK	Kapanga Airport	Kapanga	-8.371157	22.647457
KAQ	AYKH	Kamulai Airport	Kamulai Mission	-8.150694	146.834000
KAR	SYKM	Kamarang Airport	Kamarang	5.865340	-60.614201
KAS	FYKB	Karasburg Airport	Karasburg	-28.029700	18.738500
KAT	NZKT	Kaitaia Airport	Awanui	-35.069837	173.287053
KAU	EFKA	Kauhava Airfield	Kauhava	63.127102	23.051399
KAV	SVKA	Kavanayen Airport	Kavanayén	5.593056	-61.763333
KAW	VYKT	Kawthoung Airport	Kawthoung	10.049300	98.538002
KAX	YKBR	Kalbarri Airport	Kalbarri	-27.692813	114.259169
KAY	NFNW	Wakaya Island Airport	Wakaya Island	-17.617001	179.016998
KAZ	WAEK	Kuabang Airport	Kao	1.188608	127.896036
KBA	GFKB	Kabala Airport	Kabala	9.638323	-11.515560
KBB	YKIR	Kirkimbie Station Airport	Kirkimbie	-17.779200	129.210007
KBC	Z91	Birch Creek Airport	Birch Creek	66.274002	-145.824005
KBD	YKBS	Kimberley Downs Airport	Kimberley Downs	-17.398577	124.355565
KBF	WABK	Karubaga Airport	Karubaga	-3.684615	138.479018
KBH	KBH	Kahama Airstrip	Kahama	-3.847000	32.686500
KBI	FKKB	Kribi Airport	Kribi	2.873890	9.977780
KBJ	YKCA	Kings Canyon Airport	Petermann	-24.260229	131.488924
KBK	VEKI	Kushinagar International Airport	Kushinagar	26.776534	83.889214
KBL	OAKB	Kabul International Airport	Kabul	34.565899	69.212303
KBM	AYKB	Kabwum		-6.155472	147.191472
KBN	FZWT	Tunta Airport	Kabinda	-6.120761	24.546204
KBO	FZRM	Kabalo Airport	Kabalo	-6.083000	26.917000
KBP	UKBB	Boryspil International Airport	Boryspil	50.345001	30.894699
KBQ	FWKG	Kasungu Airport	Kasungu	-13.014600	33.468601
KBR	WMKC	Sultan Ismail Petra Airport	Kota Baharu	6.166850	102.292999
KBS	GFBO	Bo Airport	Bo	7.944400	-11.761000
KBT	KBT	Kaben Airport	Kaben	8.900560	170.843994
KBU	WAOK	Gusti Syamsir Alam Airport	Stagen	-3.294796	116.163815
KBV	VTSG	Krabi International Airport	Krabi	8.095591	98.988955
KBX	WASU	Kambuaya Airport	Kambuaya-Papua Island	-1.316815	132.286987
KBY	YKBY	Streaky Bay Airport		-32.836621	134.292991
KBZ	NZKI	Kaikoura Airport		-42.424999	173.604996
KCA	ZWKC	Kuqa Qiuci Airport	Kuqa	41.677856	82.872917
KCB	SMTP	Tepoe Airstrip	Kasikasima	3.150000	-55.716999
KCD	WAKM	Kamur Airport	Kamur	-6.185100	138.637200
KCE	YCSV	Collinsville Airport		-20.596701	147.860001
KCF	OPKW	Thar Airport	Kandanwari	27.203205	69.148840
KCG	PAJC	Chignik Airport	Chignik	56.311501	-158.373001
KCH	WBGG	Kuching International Airport	Kuching	1.487364	110.352859
KCI	YKLC	Koolan Central Airport	Koolan Island	-16.125000	123.735000
KCJ	AYOQ	Komaio Airport	Komaio	-7.271400	143.595200
KCK	UIKK	Kirensk Airport	Kirensk	57.773000	108.064000
KCL	KCL	Chignik Lagoon Airport	Chignik Flats	56.310776	-158.534818
KCM	LTCN	Kahramanmaraş Airport	Kahramanmaraş	37.538826	36.953522
KCO	LTBQ	Cengiz Topel Airport	Kartepe	40.735001	30.083300
KCP	UA-0107	Kam'yanets'-Podil's'kyi Airfield	Kamyan'ka	48.695631	26.609471
KCQ	A79	Chignik Lake Airport	Chignik Lake	56.255001	-158.774994
KCR	KCR	Colorado Creek Airport	Colorado Creek	63.571196	-156.006653
KCS	YKCS	Kings Creek Airport	Petermann	-24.421285	131.819458
KCT	VCCK	Koggala Airport	Galle	5.993680	80.320297
KCU	HUMI	Masindi Airport	Masindi	1.758060	31.736700
KCY	UNKM	Krasnoyarsk Cheremshanka Airport	Krasnoyarsk	56.177584	92.545881
KCZ	RJOK	Kochi Ryoma Airport	Nankoku	33.545217	133.670166
KDA	GODK	Kolda Airport	Kolda	12.898604	-14.968322
KDB	YKBL	Kambalda Airport	Kambalda West	-31.190700	121.597800
KDC	DBBK	Kandi Airport	Kandi	11.144790	2.940381
KDD	OPKH	Khuzdar Airport	Khuzdar	27.790600	66.647301
KDE	AYOW	Koroba Airport	Koroba	-5.695200	142.744100
KDH	OAKN	Ahmad Shah Baba International Airport	Kandahar	31.505769	65.847963
KDI	WAWW	Haluoleo Airport	Kendari	-4.081610	122.417999
KDJ	FOGJ	Ville Airport	N'Djolé	-0.183000	10.750000
KDK	PAKD	Kodiak Municipal Airport	Kodiak	57.806151	-152.373693
KDL	EEKA	Kärdla Airport	Kärdla	58.990799	22.830700
KDM	VRMT	Kaadedhdhoo Airport	Huvadhu Atoll	0.488131	72.996902
KDN	FOGE	Ndende Airport	Ndende	-2.400000	11.367000
KDO	VRMK	Kadhdhoo Airport	Kadhdhoo	1.859170	73.521896
KDP	AYNN	Kandep Airport	Kandep	-5.840611	143.507222
KDQ	AYTO	Kamberatoro Airport	Kamberatoro Mission	-3.600556	141.051667
KDR	AYKC	Kandrian Airport	Kandrian	-6.192170	149.547830
KDS	KDS	Kamaran Downs Airport	Kamaran Downs	-24.338800	139.278500
KDT	VTBK	Kamphaeng Saen Airport	Nakhon Pathom	14.102000	99.917198
KDU	OPSD	Skardu International Airport	Skardu	35.338660	75.538648
KDV	NFKD	Vunisea Airport	Vunisea	-19.058100	178.156998
KDX	HSLI	Kadugli Airport	Kadugli	11.138000	29.701099
KDY	UEMH	Typliy Klyuch Airport	Khandyga	62.789001	136.854996
KEA	UTAE	Kerki Airport	Kerki	37.822051	65.135279
KEB	KEB	Nanwalek Airport	Nanwalek	59.352100	-151.925003
KEC	FZQG	Kasenga Airport	Kasenga	-10.355228	28.617243
KED	GQNK	Kaédi Airport	Kaédi	16.159500	-13.507600
KEE	FCOK	Kelle Airport	Kelle	-0.071271	14.506621
KEF	BIKF	Keflavik International Airport	Reykjavík	63.985001	-22.605600
KEG	AYLG	Keglsugl Airport	Denglagu Mission	-5.832778	145.097222
KEI	WAKP	Kepi Airport	Kepi	-6.542970	139.332401
KEJ	UNEE	Alexei Leonov Kemerovo International Airport	Kemerovo	55.270100	86.107201
KEK	KEK	Ekwok Airport	Ekwok	59.356800	-157.470993
KEL	EDHK	Kiel-Holtenau Airport	Kiel	54.379570	10.145266
KEM	EFKE	Kemi-Tornio Airport	Kemi / Tornio	65.778702	24.582100
KEN	GFKE	Kenema Airport	Kenema	7.896364	-11.174126
KEO	DIOD	Odienne Airport	Odienne	9.539457	-7.561340
KEP	VNNG	Nepalgunj Airport	Nepalgunj	28.103600	81.667000
KEQ	WASE	Kebar Airport	Kebar	-0.810418	133.054937
KER	OIKK	Ayatollah Hashemi Rafsanjani International Airport	Kerman	30.271276	56.949692
KES	CZEE	Kelsey Airport	Kelsey	56.037498	-96.509697
KET	VYKG	Kengtung Airport	Kengtung	21.301600	99.636002
KEU	HKKE	Keekorok Airport	Keekorok	-1.586345	35.257455
KEV	EFHA	Halli Airport	Jämsä	61.856039	24.786686
KEW	CPV8	Keewaywin Airport	Keewaywin	52.991100	-92.836403
KEX	AYNB	Kanabea Airport	Kanabea	-7.538889	145.905000
KEY	HKKR	Kericho Airport	Kericho	-0.389900	35.242093
KFA	GQNF	Kiffa Airport	Kiffa	16.590000	-11.406200
KFE	YFDF	Fortescue - Dave Forrest Aerodrome	Cloudbreak Village	-22.290754	119.437143
KFG	YKKG	Kalkgurung Airport		-17.431900	130.807999
KFM	CRL4	Kirby Lake Airport	Kirby Lake	55.355598	-110.637001
KFP	PAKF	False Pass Airport	False Pass	54.847510	-163.407168
KFS	LTAL	Kastamonu Airport	Kastamonu	41.314201	33.795799
KFZ	LAKU	Kukës International Airport	Kukës	42.035802	20.415955
KGA	FZUA	Kananga Airport	Kananga	-5.900050	22.469200
KGB	AYOE	Konge Airport	Konge	-6.223900	147.215200
KGC	YKSC	Kingscote Airport		-35.713902	137.520996
KGD	UMKK	Khrabrovo Airport	Kaliningrad	54.891610	20.598559
KGE	AGKG	Kaghau Airport	Kagau Island	-7.330500	157.585000
KGF	UAKK	Sary-Arka Airport	Karaganda	49.670799	73.334396
KGG	GOTK	Kédougou Airport	Kédougou	12.572300	-12.220300
KGH	AYJO	Yongai Airport	Yongai	-8.528900	147.460300
KGI	YPKG	Kalgoorlie Boulder Airport	Broadwood	-30.791543	121.464586
KGJ	FWKA	Karonga Airport	Karonga	-9.953571	33.893264
KGK	PAJZ	Koliganek Airport	Koliganek	59.726601	-157.259003
KGL	HRYR	Kigali International Airport	Kigali	-1.968630	30.139500
KGM	AYIM	Kungim Airport	Kungim	-5.671000	141.030000
KGN	CD-0037	Kasongo-Lunda Airport	Kasongo-Lunda	-6.468027	16.805012
KGO	UKKG	Kirovograd Airport	Kirovograd	48.542801	32.285000
KGP	USRK	Kogalym International Airport	Kogalym	62.190399	74.533798
KGR	AU-KGR	Kulgera Airport	Ghan	-25.842800	133.292007
KGS	LGKO	Kos International Airport "Ippokratis"	Kos Island	36.794523	27.091150
KGT	ZUKD	Kangding Airport	Garzê (Kangding)	30.142464	101.738720
KGU	WBKG	Keningau Airport	Keningau	5.355487	116.164884
KGW	AYKQ	Kagi Airport	Kagi	-9.135917	147.669444
KGX	PAGX	Grayling Airport	Grayling	62.895187	-160.066289
KGY	YKRY	Kingaroy Airport		-26.581077	151.839927
KGZ	KGZ	Glacier Creek Airport	Glacier Creek	61.455101	-142.380997
KHA	OITH	Khaneh Airport	Khaneh	36.729096	45.158084
KHC	UKFK	Kerch Airport	Kerch	45.372501	36.401402
KHD	OICK	Khoram Abad Airport		33.435398	48.282902
KHE	UKOH	Kherson International Airport	Kherson	46.675800	32.506401
KHG	ZWSH	Kashgar Laining International Airport	Kashgar	39.542273	76.020230
KHH	RCKH	Kaohsiung International Airport	Kaohsiung (Xiaogang)	22.577101	120.349998
KHI	OPKC	Jinnah International Airport	Karachi	24.906500	67.160797
KHJ	EFKJ	Kauhajoki Airfield	Kauhajoki	62.463212	22.390817
KHK	OIBQ	Khark Airport	Khark	29.260503	50.322193
KHM	VYKI	Kanti Airport	Kanti	25.988300	95.674400
KHN	ZSCN	Nanchang Changbei International Airport	Nanchang	28.864815	115.902710
KHO	ZA-0095	Khoka Moya Airport	Khoka Moya	-24.593000	31.415100
KHR	ZMHH	Kharkhorin Airport		47.246667	102.826111
KHS	OOKB	Khasab Airport	Khasab	26.171000	56.240601
KHT	OAKS	Khost International Airport	Khost	33.284605	69.807340
KHU	UA-0050	Kakhnovka Airfield	Kremenchuk	49.136799	33.477893
KHV	UHHH	Khabarovsk Novy Airport	Khabarovsk	48.528338	135.188588
KHW	FBKR	Khwai River Lodge Airport	Khwai River Lodge	-19.149477	23.787937
KHX	UG-0002	Savannah Airstrip	Kihihi	-0.716500	29.699700
KHY	OITK	Khoy Airport	Khoy	38.427502	44.973598
KHZ	NTKA	Kauehi Airport	Kauehi	-15.780622	-145.128443
KIC	KKIC	Mesa Del Rey Airport	King City	36.228001	-121.122002
KID	ESMK	Kristianstad Airport	Kristianstad	55.921700	14.085500
KIE	AYIQ	Aropa Airport	Kieta	-6.305727	155.728249
KIF	CNM5	Kingfisher Lake Airport	Kingfisher Lake	53.012501	-89.855301
KIG	ZA-KIG	Koingnaas Airport	Koingnaas	-30.187136	17.282706
KIH	OIBK	Kish International Airport	Kish Island	26.525427	53.980462
KII	AYLI	Kibuli Airstrip	Kibuli	-9.006528	142.698056
KIJ	RJSN	Niigata Airport	Niigata	37.954166	139.112189
KIK	ORKK	Kirkuk International Airport	Kirkuk	35.469501	44.348900
KIL	KIL	Kilwa Airport	Kilwa	-9.288600	28.326900
KIM	FAKM	Kimberley Airport	Kimberley	-28.805401	24.764872
KIN	MKJP	Norman Manley International Airport	Kingston	17.935699	-76.787498
KIO	Q51	Kili Airport	Kili Island	5.643860	169.124586
KIP	KCWC	Kickapoo Downtown Airport	Wichita Falls	33.857800	-98.490402
KIQ	AYRA	Kira Airport	Kira	-8.065111	147.332028
KIR	EIKY	Kerry Airport	Farranfore	52.180901	-9.523780
KIS	HKKI	Kisumu International Airport	Kisumu	-0.086139	34.728901
KIT	LGKC	Kithira Airport	Kithira Island	36.273978	23.016719
KIU	HKIU	Kiunga Airport	Kiunga	-1.741272	41.482707
KIW	FLSO	Southdowns Airport	Kitwe	-12.900500	28.149900
KIX	RJBB	Kansai International Airport	Osaka	34.427299	135.244003
KIY	HTKI	Kilwa Airport	Kilwa Masoko	-8.911230	39.508619
KJA	UNKL	Krasnoyarsk International Airport	Krasnoyarsk	56.175743	92.485788
KJB	VOKU	Kurnool Airport	Orvakal	15.716288	78.169230
KJH	ZUKJ	Kaili Huangping Airport	Kaili  (Huangping)	26.972000	107.988000
KJI	ZWKN	Burqin Kanas Airport	Burqin	48.222300	86.995900
KJJ	HUKJ	Kajjansi Airfield	Kampala	0.196800	32.552970
KJK	EBKT	Kortrijk-Wevelgem International Airport	Wevelgem	50.818878	3.209551
KJP	ROKR	Kerama Airport	Zamami	26.168337	127.293423
KJT	WICA	Kertajati International Airport	Kertajati	-6.647384	108.165561
KJX	WITO	Kuala Batu Airport	Blangpidie	3.735749	96.790109
KKA	PAKK	Koyuk Alfred Adams Airport	Koyuk	64.939499	-161.154007
KKC	VTUK	Khon Kaen Airport	Khon Kaen	16.466600	102.783997
KKD	AYKO	Kokoda Airport	Kokoda	-8.884679	147.730957
KKE	NZKK	Kerikeri Airport	Kerikeri	-35.259148	173.913317
KKG	SYKZ	Konawaruk Airport	Konawaruk	5.268400	-58.995000
KKH	PADY	Kongiganak Airport	Kongiganak	59.960800	-162.880997
KKI	PFZK	Akiachak Airport	Akiachak	60.913809	-161.493329
KKJ	RJFR	Kitakyushu Airport	Kitakyushu	33.845901	131.035004
KKK	1KC	Kalakaket Creek AS Airport	Kalakaket Creek	64.416626	-156.820393
KKM	VTBL	Khok Kathiam Airport	Lop Buri	14.874620	100.663397
KKN	ENKR	Kirkenes Airport, Høybuktmoen	Kirkenes	69.725800	29.891300
KKO	NZKO	Kaikohe Airport	Kaikohe	-35.451099	173.817001
KKP	YKLB	Koolburra Airport	Koolburra	-15.318900	143.955002
KKQ	USDP	Krasnoselkup Airport	Krasnoselkup	65.717000	82.455000
KKR	NTGK	Kaukura Airport	Raitahiti	-15.663300	-146.884995
KKS	OIFK	Kashan Airport	Kashan	33.895302	51.577000
KKT	K50I	Kentland Municipal Airport	Kentland	40.758733	-87.429457
KKU	KKU	Ekuk Airport	Ekuk	58.811199	-158.559006
KKW	FZCA	Kikwit Airport	Kikwit	-5.035770	18.785601
KKX	RJKI	Kikai Airport	Kikai	28.321301	129.927994
KKY	EIKK	Kilkenny Airport	Kilkenny	52.650799	-7.296110
KKZ	VDKK	Koh Kong Airport	Krong Khemara Phoumin	11.613397	102.997084
KLB	FLKL	Kalabo Airport	Kalabo	-14.998818	22.648372
KLC	GOOK	Kaolack Airport	Kaolack	14.146900	-16.051300
KLD	UUEM	Migalovo Air Base	Tver	56.824699	35.757702
KLE	FKKH	Kaélé Airport	Kaélé	10.092500	14.445600
KLF	UUBC	Grabtsevo Airport	Kaluga	54.549999	36.366669
KLG	PALG	Kalskag Airport	Kalskag	61.536301	-160.341003
KLH	VAKP	Kolhapur Airport	Kolhapur	16.664700	74.289398
KLI	FZFP	Kotakoli Airbase	Kotakoli	4.156991	21.666670
KLK	HKFG	Kalokol Airport	Kalokol	3.491610	35.836777
KLL	9Z8	Levelock Airport	Levelock	59.126060	-156.860906
KLM	OINE	Kalaleh Airport	Kalaleh	37.383301	55.452000
KLN	PALB	Larsen Bay Airport	Larsen Bay	57.535160	-153.976455
KLO	RPVK	Kalibo International Airport	Kalibo	11.679400	122.375999
KLP	WAGF	Seruyan Kuala Pembuang Airport	Seruyan	-3.376062	112.536521
KLR	ESMQ	Kalmar Airport	Kalmar	56.685501	16.287600
KLS	KKLS	Southwest Washington Regional Airport	Kelso	46.118000	-122.898003
KLU	LOWK	Klagenfurt Airport	Klagenfurt am Wörthersee	46.642502	14.337700
KLV	LKKV	Karlovy Vary Airport	Karlovy Vary	50.202999	12.915000
KLW	PAKW	Klawock Airport	Klawock	55.579201	-133.076004
KLX	LGKL	Kalamata Airport	Kalamata	37.068298	22.025499
KLY	FZOD	Kinkungwa Airport	Kalima	-2.578000	26.733999
KLZ	FAKZ	Kleinsee Airport	Kleinsee	-29.688400	17.094000
KMA	AYKM	Kerema Airport	Kerema	-7.963610	145.770996
KMB	KMB	Koinambe Airport	Konambe	-5.487500	144.606944
KMC	OEKK	King Khaled Military City Airport	King Khaled Military City	27.900900	45.528198
KME	HRZA	Kamembe Airport	Kamembe	-2.462240	28.907900
KMF	AYKD	Kamina Airport	Hoieti	-7.649250	145.956944
KMG	ZPPP	Kunming Changshui International Airport	Kunming	25.110313	102.936743
KMH	FAKU	Johan Pienaar Airport	Kuruman	-27.456596	23.411946
KMI	RJFM	Miyazaki Airport	Miyazaki	31.877199	131.449005
KMJ	RJFT	Kumamoto Airport	Kumamoto	32.837299	130.854996
KMK	FCPA	Makabana Airport	Makabana	-3.483000	12.617000
KML	YKML	Kamileroi Airport		-19.375000	140.057007
KMM	KMM	Kimaam Airport	Kimaam	-7.977890	138.851776
KMN	FZSB	Kamina City Airport	Kamina	-8.728878	24.991407
KMO	PAMB	Manokotak Airport	Manokotak	58.932056	-158.901886
KMP	FYKT	Keetmanshoop Airport	Keetmanshoop	-26.539801	18.111401
KMQ	RJNK	Komatsu Airport / JASDF Komatsu Air Base	Kanazawa	36.393407	136.406895
KMR	AYRI	Karimui Airport	Karimui	-6.492100	144.823000
KMS	DGSI	Prempeh I International Airport	Kumasi	6.714560	-1.590820
KMU	HCMK	Kismayo Airport	Kismayo	-0.377353	42.459202
KMV	VYKL	Kalay Airport	Kalemyo	23.188801	94.051102
KMW	UUBA	Kostroma Sokerkino Airport	Kostroma	57.796902	41.019402
KMX	OEKM	King Khalid Air Base	Khamis Mushait	18.297300	42.803501
KMZ	FLKO	Kaoma Airport	Kaoma	-14.800000	24.783001
KNA	SCVM	Viña del Mar Airport	Viña del Mar	-32.949600	-71.478600
KNB	KKNB	Kanab Municipal Airport	Kanab	37.011101	-112.530998
KND	FZOA	Kindu Airport	Kindu	-2.919180	25.915400
KNE	AYKJ	Kanainj Airport	Kanainj	-5.290300	144.707200
KNF	EGYM	RAF Marham	King's Lynn, Norfolk	52.648395	0.550692
KNG	WASK	Utarom Airport	Kaimana	-3.644600	133.695116
KNH	RCBS	Kinmen Airport	Shang-I	24.427900	118.359001
KNI	YKNG	Katanning Airport		-33.699423	117.657030
KNJ	FCBK	Kindamba Airport	Kindamba	-3.749781	14.490264
KNK	PFKK	Kokhanok Airport	Kokhanok	59.433248	-154.802170
KNM	FZTK	Kaniama Airport	Kaniama	-7.599343	24.158592
KNN	GXUD	Kankan Airport	Kankan	10.448438	-9.228757
KNO	WIMM	Kualanamu International Airport	Beringin	3.637847	98.870566
KNP	FNCP	Kapanda Airport	Capanda	-9.769370	15.455319
KNQ	NWWD	Koné Airport	Koné	-21.053551	164.838768
KNR	OIBJ	Jam Airport	Jam	27.820499	52.352200
KNS	YKII	King Island Airport		-39.877499	143.878006
KNT	KTKX	Kennett Memorial Airport	Kennett	36.225899	-90.036598
KNU	VECX	Kanpur Airport	Kanpur	26.404301	80.410103
KNW	PANW	New Stuyahok Airport	New Stuyahok	59.451838	-157.373829
KNX	YPKU	East Kimberley Regional (Kununurra) Airport	Kununurra	-15.778100	128.707993
KNY	UNKI	Kodinsk Airport		58.479401	99.093903
KNZ	GAKA	Kenieba Airport	Kenieba	12.839046	-11.253397
KOA	PHKO	Ellison Onizuka Kona International Airport at Keāhole	Kailua-Kona	19.738783	-156.045603
KOC	NWWK	Koumac Airport	Koumac	-20.546323	164.255648
KOD	ID-KOD	Kotabangun Airport	Kotabangun-Borneo Island	-0.266670	116.583336
KOE	WATT	El Tari Airport	Kupang	-10.171600	123.670998
KOF	FAKP	Komatipoort Airport	Komatipoort	-25.440300	31.930000
KOH	YKLA	Koolatah Airport	Maramie	-15.888484	142.439461
KOI	EGPA	Kirkwall Airport	Kirkwall, Orkney Islands	58.957903	-2.905077
KOJ	RJFK	Kagoshima Airport	Kagoshima	31.803400	130.718994
KOK	EFKK	Kokkola-Pietarsaari Airport	Kokkola / Kruunupyy	63.721199	23.143101
KOM	AYOO	Komo-Manda Airport	Komo	-6.068200	142.859800
KOO	FZRQ	Kongolo Airport	Kongolo	-5.393898	26.989932
KOP	VTUW	Nakhon Phanom Airport	Nakhon Phanom	17.383801	104.642998
KOQ	EDCK	Köthen Airport	Köthen (Anhalt)	51.723745	11.948826
KOR	AYRO	Kakoro(Koroko) Airstrip	Kakoro	-7.834667	146.533500
KOS	VDSV	Sihanouk International Airport	Preah Sihanouk	10.570557	103.632067
KOT	PFKO	Kotlik Airport	Kotlik	63.030602	-163.533005
KOU	FOGK	Koulamoutou Mabimbi Airport	Koulamoutou	-1.184610	12.441300
KOV	UACK	Kokshetau International Airport	Kokshetau	53.329102	69.594597
KOW	ZSGZ	Ganzhou Huangjin Airport	Ganzhou	25.853333	114.778889
KOX	WABN	Kokonao Airport	Kokonao	-4.710750	136.435150
KOZ	4K5	Ouzinkie Airport	Ouzinkie	57.942094	-152.464314
KPA	AYKG	Kopiago Airport	Kopiago	-5.388300	142.497700
KPC	PAPC	Port Clarence Coast Guard Station	Port Clarence	65.253700	-166.858994
KPE	AYYP	Yapsiei Airport		-4.628056	141.094167
KPF	AYDL	Kondobol Airport	Kondobol	-8.533600	142.504900
KPI	WBGP	Kapit Airport	Kapit	2.010524	112.931468
KPL	KPL	Kapal Airport	Kapal	-8.630184	142.823756
KPM	AYAQ	Kompiam Airport		-5.381667	143.924722
KPN	PAKI	Kipnuk Airport	Kipnuk	59.931796	-164.028196
KPO	RKTH	Pohang Airport (G-815/K-3)	Pohang	35.987955	129.420383
KPP	YKPR	Kalpowar Airport	Kalpower	-14.890000	144.220000
KPS	YKMP	Kempsey Airport		-31.072320	152.765313
KPT	K06U	Jackpot Airport/Hayden Field	Jackpot	41.976002	-114.657997
KPV	PAPE	Perryville Airport	Perryville	55.906500	-159.160910
KPW	UHMK	Keperveem Airport	Keperveem	67.845001	166.139999
KQA	PAUT	Akutan Airport	Akutan	54.144590	-165.604332
KQH	VIKG	Kishangarh Airport Ajmer	Ajmer (Kishangarh)	26.591007	74.812956
KQL	AYOL	Kol Airport	Kol	-5.731167	144.846000
KQR	YKAR	Karara Airport	Karara	-29.217223	116.687154
KQT	UTDT	Bokhtar International Airport	Bokhtar	37.866315	68.864475
KRA	YKER	Kerang Airport		-35.751400	143.938995
KRB	YKMB	Karumba Airport		-17.456699	140.830002
KRC	WIJI	Departi Parbo Airport	Sungai Penuh	-2.094042	101.470250
KRD	YKUR	Kurundi Airport	Kurundi Station	-20.510000	134.670600
KRE	HBBO	Kirundo Airport	Kirundo	-2.544772	30.094575
KRF	ESNK	Kramfors-Sollefteå Höga Kusten Airport	Nyland	63.048599	17.768900
KRG	SYKS	Karasabai Airport	Karasabai	4.030050	-59.547490
KRI	AYKK	Kikori Airport	Kikori	-7.424380	144.250076
KRJ	AYQA	Karawari Airstrip	Amboin	-4.596667	143.522500
KRK	EPKK	Kraków John Paul II International Airport	Balice	50.077702	19.784800
KRL	ZWKL	Korla Licheng Airport	Korla	41.614979	86.140817
KRM	SYKR	Karanambo Airport	Karanambo	3.752572	-59.309020
KRN	ESNQ	Kiruna Airport	Kiruna	67.821999	20.336800
KRO	USUU	Kurgan Airport	Kurgan	55.475300	65.415604
KRP	EKKA	Midtjyllands Airport / Air Base Karup	Karup	56.297139	9.104311
KRQ	UKCK	Kramatorsk Airport	Kramatorsk	48.706799	37.630922
KRR	URKK	Krasnodar Pashkovsky International Airport	Krasnodar	45.034465	39.174215
KRS	ENCN	Kristiansand Airport	Kristiansand(Kjevik)	58.204201	8.085370
KRT	HSSK	Khartoum International Airport	Khartoum	15.589500	32.553200
KRU	AYEA	Kerau Airport	Gunim	-8.271612	147.071899
KRV	KE-6978	Kerio Valley Airport	Kimwarer	0.317916	35.664712
KRW	UTAK	Turkmenbaşy International Airport	Turkmenbaşy	40.062833	53.005085
KRX	AYKR	Kar Kar Airport	Kar Kar Island	-4.557000	145.940400
KRY	ZWKM	Karamay Airport	Karamay	45.466550	84.952700
KRZ	FZBT	Kiri Airport	Kiri	-1.499806	18.928456
KSA	PTSA	Kosrae International Airport	Okat	5.356980	162.957993
KSB	AYNM	Kasonombe Airport	Kasonombe	-6.381900	146.985900
KSC	LZKZ	Košice International Airport	Košice	48.663101	21.241100
KSD	ESOK	Karlstad Airport	Karlstad	59.444698	13.337400
KSE	HUKS	Kasese Airport	Kasese	0.183000	30.100000
KSF	EDVK	Kassel Airport	Calden	51.418395	9.391638
KSG	PG-0135	Kisengam Airport [CLOSED]	Kisenden	-6.362000	146.709999
KSH	OICC	Shahid Ashrafi Esfahani Airport	Kermanshah	34.345901	47.158100
KSI	GUKU	Kissidougou Airport	Kissidougou	9.160560	-10.124400
KSJ	LGKS	Kasos Airport	Kasos Island	35.421398	26.910000
KSK	ESKK	Karlskoga Airport	Karlskoga	59.345901	14.495900
KSL	HSKA	Kassala Airport	Kassala	15.387500	36.328800
KSM	PASM	St Mary's Airport	St Mary's	62.060501	-163.302002
KSN	UAUU	Kostanay International Airport	Kostanay	53.206902	63.550301
KSO	LGKA	Kastoria National Airport Aristotle	Argos Orestiko	40.446301	21.282200
KSP	AYOP	Kosipe Airport	Kosipe Mission	-8.450716	147.209195
KSQ	UZSK	Karshi Airport	Karshi	38.802246	65.773068
KSR	WAWH	Selayar - Haji Aroeppala Airport	Benteng	-6.179210	120.437479
KSS	GASO	Sikasso (Dignangan) Airport	Sikasso	11.598382	-5.798896
KSU	ENKB	Kristiansund Airport, Kvernberget	Kvernberget	63.111801	7.824520
KSV	YSPV	Springvale Airport		-23.549999	140.699997
KSW	LLKS	Kiryat Shmona Airport	Kiryat Shmona	33.216275	35.596220
KSX	AYYR	Yasuru Airport	Yasuru	-6.601500	146.181300
KSY	LTCF	Kars Airport	Kars	40.562199	43.115002
KSZ	ULKK	Kotlas Airport	Kotlas	61.235802	46.697498
KTA	YPKA	Karratha Airport	Karratha	-20.712200	116.773003
KTC	KTC	Katiola Airport	Katiola	8.132858	-5.064870
KTD	RORK	Kitadaito Airport	Kitadaitōjima	25.944700	131.326996
KTE	WMKE	Kerteh Airport	Kerteh	4.537220	103.427002
KTF	NZTK	Takaka Airport		-40.813301	172.774994
KTG	WIOK	Rahadi Osman Airport	Ketapang	-1.817165	109.963469
KTI	VDTI	Techo International Airport	Phnom Penh (Boeng Khyang)	11.359987	104.921272
KTJ	KE-0133	Kichwa Tembo Airport	Kichwa Tembo	-1.263497	35.027533
KTL	HKKT	Kitale Airport	Kitale	0.971989	34.958599
KTM	VNKT	Tribhuvan International Airport	Kathmandu	27.696600	85.359100
KTN	PAKT	Ketchikan International Airport	Ketchikan	55.355598	-131.714004
KTO	SYKT	Kato Airport	Kato	4.649160	-59.832199
KTP	MKTP	Tinson Pen Airport	Tinson Pen	17.988600	-76.823799
KTQ	EFIT	Kitee Airport	Kitee	62.166100	30.073601
KTR	YPTN	Tindal Airport		-14.521100	132.378006
KTS	PFKT	Brevig Mission Airport	Brevig Mission	65.331826	-166.467848
KTT	EFKT	Kittilä International Airport	Kittilä	67.700996	24.846800
KTU	VIKO	Kota Airport	Kota	25.160200	75.845596
KTV	SVKM	Kamarata Airport	Kamarata	5.717100	-62.337270
KTW	EPKT	Katowice Wojciech Korfanty International Airport	Katowice	50.476015	19.080705
KTY	VCCN	Katukurunda Air Force Base	Kalutara	6.552120	79.977501
KUA	WMKD	Kuantan Airport	Kuantan	3.775390	103.209000
KUC	NGKT	Kuria Airport	Kuria	0.218611	173.442001
KUD	WBKT	Kudat Airport	Kudat	6.924111	116.837068
KUE	AGKU	Kukudu Airport	Kolombangara Island	-8.026200	156.947830
KUF	UWWW	Kurumoch International Airport	Samara	53.504902	50.164299
KUG	YKUB	Kubin Island Airport	Kubin Island	-10.226480	142.219619
KUH	RJCK	Kushiro Airport	Kushiro	43.041000	144.192993
KUK	PFKA	Kasigluk Airport	Kasigluk	60.872747	-162.524700
KUL	WMKK	Kuala Lumpur International Airport	Sepang	2.745580	101.709999
KUM	RJFC	Yakushima Airport	Yakushima	30.385599	130.658997
KUN	EYKA	Kaunas International Airport	Kaunas	54.963965	24.085820
KUO	EFKU	Kuopio Airport	Kuopio / Siilinjärvi	63.007099	27.797800
KUP	KUP	Kupiano Airport	Kupiano	-10.073600	148.218000
KUQ	AYKU	Kuri Airport	Kuri	-7.135083	143.276111
KUR	OARZ	Razer Airport	Skazar	36.029893	70.714159
KUS	BGKK	Kulusuk Airport	Kulusuk	65.573601	-37.123600
KUT	UGKO	David the Builder Kutaisi International Airport	Kopitnari	42.177448	42.485353
KUU	VIBR	Kullu Manali Airport	Bhuntar	31.876699	77.154404
KUV	RKJK	Gunsan Airport / Gunsan Air Base	Gunsan	35.903801	126.615997
KUX	AYUY	Kuyol Airport		-5.372361	141.623889
KUY	PG-KUY	Kamusi Airport	Kamusi	-7.420347	143.121811
KVA	LGKV	Kavala Alexander the Great International Airport	Kavala	40.913300	24.619200
KVB	ESGR	Skövde Airport	Skövde	58.456402	13.972700
KVC	PAVC	King Cove Airport	King Cove	55.116299	-162.266006
KVE	KVE	Kitava Airport	Kitava Island	-8.628500	151.327000
KVG	AYKV	Kavieng Airport	Kavieng	-2.579400	150.807999
KVK	RU-10046	Kirovsk-Apatity Airport	Apatity	67.462851	33.585294
KVL	PAVL	Kivalina Airport	Kivalina	67.734565	-164.559917
KVM	UHMO	Markovo Airport	Markovo	64.665446	170.417626
KVO	LYKV	Morava Airport	Kraljevo	43.817519	20.586662
KVR	UHWK	Kavalerovo Airport	Kavalerovo	44.272600	135.029000
KVX	USKK	Pobedilovo Airport	Kirov	58.503883	49.347831
KWA	PKWA	Bucholz Army Air Field	Kwajalein	8.720120	167.731995
KWB	WAHU	Dewadaru Airport	Karimunjawa	-5.800910	110.478380
KWD	CF-0012	Kavadja Airport	Kavadja	7.964938	23.526018
KWE	ZUGY	Guiyang Longdongbao International Airport	Guiyang (Nanming)	26.541805	106.804020
KWG	UKDR	Kryvyi Rih International Airport	Kryvyi Rih	48.043301	33.209999
KWH	OAHN	Khwahan Airport	Khwahan	37.890021	70.203830
KWI	OKKK	Kuwait International Airport	Kuwait City	29.224487	47.969813
KWJ	RKJJ	Gwangju Airport	Gwangju	35.123173	126.805444
KWK	PAGG	Kwigillingok Airport	Kwigillingok	59.876499	-163.169005
KWL	ZGKL	Guilin Liangjiang International Airport	Guilin (Lingui)	25.219828	110.039553
KWM	YKOW	Kowanyama Airport	Kowanyama	-15.485369	141.752572
KWN	PAQH	Quinhagak Airport	Quinhagak	59.755100	-161.845000
KWO	AYKW	Kawito Airport	Kawito	-7.977007	142.823578
KWS	AGKW	Kwailabesi Airport	Kwailabesi	-8.360508	160.775127
KWT	PFKW	Kwethluk Airport	Kwethluk	60.790298	-161.444000
KWY	HKWY	Kiwayu Airport	Kiwayu	-1.960644	41.297156
KWZ	FZQM	Kolwezi Airport	Kolwezi	-10.765900	25.505699
KXB	WAWP	Sangia Nibandera Airport	Kolaka	-4.338158	121.524047
KXD	USHK	Kondinskoye Airport	Kondinskoye	59.655083	67.430046
KXE	FAKD	P C Pelser Airport	Klerksdorp	-26.871099	26.718000
KXF	NFNO	Koro Island Airport	Koro Island	-17.345800	179.421997
KXK	UHKK	Komsomolsk-on-Amur Airport	Komsomolsk-on-Amur	50.409000	136.934006
KXO	HUKI	Kisoro Airport	Kisoro	-1.283700	29.719700
KXU	NTKT	Katiu Airport	Katiu	-16.339681	-144.407966
KYA	LTAN	Konya Airport	Konya	37.979000	32.561901
KYB	YKBA	Ken's Bore airport	Ken's Bore	-22.157220	116.156223
KYD	RCLY	Lanyu Airport	Orchid Island	22.027000	121.535004
KYE	OLKA	Rene Mouawad Air Base	Tripoli	34.589298	36.011299
KYF	YYLR	Yeelirrie Airport		-27.277060	120.095673
KYI	YYTA	Yalata Mission Airport	Yalata Mission	-31.470600	131.824997
KYK	PAKY	Karluk Airport	Karluk	57.565919	-154.453762
KYO	KX39	Tampa North Aero Park Airport	Tampa	28.221300	-82.374496
KYP	VYKP	Kyaukpyu Airport	Kyaukpyu	19.426399	93.534798
KYS	GAKD	Kayes Dag Dag Airport	Kayes	14.482521	-11.399335
KYT	VYKU	Kyauktu Airport	Kyauktu	21.400000	94.133301
KYU	PFKU	Koyukuk Airport	Koyukuk	64.876099	-157.727005
KYX	AYYE	Yalumet Airport	Yalumet	-6.090000	147.011700
KYZ	UNKY	Kyzyl Airport	Kyzyl	51.669399	94.400597
KZD	VDSY	Krakor Airport	Krakor	12.538500	104.148600
KZF	AYKT	Kaintiba Airport	Kaintiba	-7.500250	146.033833
KZG	ETIN	Kitzingen Airfield	Kitzingen	49.744293	10.207313
KZI	LGKZ	Kozani National Airport Filippos	Kozani	40.286098	21.840799
KZN	UWKD	Kazan International Airport	Kazan	55.606201	49.278702
KZO	UAOO	Korkyt Ata International Airport	Kyzylorda	44.706902	65.592499
KZR	LTBZ	Zafer Airport	Altıntaş	39.111107	30.130405
KZS	LGKJ	Kastelorizo Airport	Kastelorizo Island	36.141701	29.576401
LAA	KLAA	Southeast Colorado Regional Airport	Lamar	38.066407	-102.691373
LAB	AYLB	Lab Lab Airport	Lab Lab Mission	-5.720400	148.056600
LAC	LAC	Layang-Layang Airport	Pulau Layang-Layang (Swallow Reef)	7.371570	113.844002
LAD	FNLU	Quatro de Fevereiro International Airport	Luanda	-8.858370	13.231200
LAE	AYNZ	Nadzab Tomodachi International Airport	Lae	-6.567995	146.726544
LAF	KLAF	Purdue University Airport	West Lafayette	40.412875	-86.939363
LAH	WAEL	Oesman Sadik Airport	Labuha-Halmahera Island	-0.633764	127.505394
LAI	LFRO	Lannion Airport	Lannion	48.754398	-3.471660
LAJ	SBLJ	Lages Airport	Lages	-27.782101	-50.281502
LAK	CYKD	Aklavik/Freddie Carmichael Airport	Aklavik	68.223297	-135.005990
LAL	KLAL	Lakeland Linder International Airport	Lakeland	27.989267	-82.020715
LAM	KLAM	Los Alamos Airport	Los Alamos	35.879799	-106.268997
LAN	KLAN	Capital Region International Airport	Lansing	42.777582	-84.585721
LAO	RPLI	Laoag International Airport	Laoag City	18.175089	120.531006
LAP	MMLP	Manuel Márquez de León International Airport	La Paz	24.072331	-110.362662
LAQ	HLLQ	Al Abraq International Airport	Al Albraq	32.789036	21.954864
LAR	KLAR	Laramie Regional Airport	Laramie	41.312099	-105.675003
LAS	KLAS	Harry Reid International Airport	Las Vegas	36.083361	-115.151817
LAU	HKLU	Manda Airport	Lamu	-2.252431	40.912892
LAW	KLAW	Lawton Fort Sill Regional Airport	Lawton	34.567699	-98.416603
LAX	KLAX	Los Angeles International Airport	Los Angeles	33.942501	-118.407997
LAY	FALY	Ladysmith Airport	Ladysmith	-28.581699	29.749701
LAZ	SBLP	Bom Jesus da Lapa Airport	Bom Jesus da Lapa	-13.262100	-43.408100
LBA	EGNM	Leeds Bradford Airport	Leeds, West Yorkshire	53.865898	-1.660570
LBB	KLBB	Lubbock Preston Smith International Airport	Lubbock	33.663601	-101.822998
LBC	EDHL	Lübeck Blankensee Airport	Lübeck	53.805401	10.719200
LBD	UTDL	Khujand International Airport	Khujand	40.215401	69.694702
LBE	KLBE	Arnold Palmer Regional Airport	Latrobe	40.275902	-79.404800
LBF	KLBF	North Platte Regional Airport Lee Bird Field	North Platte	41.126202	-100.683998
LBG	LFPB	Paris-Le Bourget International Airport	Paris	48.962276	2.436539
LBI	LFCI	Albi Le Sequestre airport	Albi	43.913898	2.113060
LBJ	WATO	Komodo Airport	Labuan Bajo, Manggarai Barat	-8.480694	119.888306
LBK	KE-LBK	Liboi Airport	Liboi	0.348333	40.881699
LBL	KLBL	Liberal Mid-America Regional Airport	Liberal	37.044201	-100.959999
LBM	LBM	Luabo Airport	Luabo	-18.413900	36.106800
LBN	KE-0015	Lake Baringo (Kampi Ya Samaki) Airport	Akorian	0.603167	36.013000
LBO	FZVI	Lusambo Airport	Lusambo	-4.961670	23.378300
LBP	MY-LBP	Long Banga Airport	Long Banga	3.202138	115.401811
LBQ	FOGR	Lambarene Airport	Lambarene	-0.704389	10.245700
LBR	SWLB	Lábrea Airport	Lábrea	-7.278970	-64.769501
LBS	NFNL	Labasa Airport	Labasa	-16.466700	179.339996
LBT	KLBT	Lumberton Regional Airport	Lumberton	34.610773	-79.059430
LBU	WBKL	Labuan Airport	Labuan	5.301667	115.248333
LBV	FOOL	Libreville Leon M'ba International Airport	Libreville	0.458951	9.412140
LBW	WAQJ	Yuvai Semaring Airport	Long Bawan	3.900495	115.690089
LBX	RPLU	Lubang Airport	Lubang	13.855400	120.105003
LBY	LFRE	La Baule-Escoublac Airport	La Baule-Escoublac	47.289398	-2.346390
LBZ	FNLK	Lucapa Airport	Lucapa	-8.442339	20.732701
LCA	LCLK	Larnaca International Airport	Larnaca	34.875099	33.624901
LCB	SWBG	André Antônio Maggi Airport	Pontes e Lacerda	-15.193400	-59.384800
LCC	LIBN	Lecce Galatina Air Base / Galatina Fortunato Cesari Airport	Galatina (LE)	40.239201	18.133301
LCD	FALO	Louis Trichardt Airport	Louis Trichardt	-23.061899	29.864700
LCE	MHLC	Golosón International Airport	La Ceiba	15.742500	-86.852997
LCF	MGRD	Las Vegas Airport	Rio Dulce	15.668363	-88.961763
LCG	LECO	A Coruña Airport	Culleredo	43.302101	-8.377260
LCH	KLCH	Lake Charles Regional Airport	Lake Charles	30.126101	-93.223297
LCI	KLCI	Laconia Municipal Airport	Laconia / Gilford	43.572701	-71.418900
LCJ	EPLL	Łódź Władysław Reymont Airport	Łódź	51.721901	19.398100
LCK	KLCK	Rickenbacker International Airport	Columbus	39.813801	-82.927803
LCM	SACC	La Cumbre Airport	La Cumbre	-31.005800	-64.531898
LCN	YBLC	Balcanoona Airport		-30.535000	139.337006
LCO	FCBL	Lague Airport	Lague	-2.450000	14.533000
LCP	LCP	Loncopue Airport	Loncopue	-38.081902	-70.643898
LCQ	KLCQ	Lake City Gateway Airport	Lake City	30.181999	-82.576897
LCR	CO-LCR	Virgilio Barco Vargas (La Chorrera) Airport	La Chorrera	-1.456361	-72.801086
LCS	CN-0384	Longchuan Guangsong Airport	Dehong (Longchuan)	24.266520	97.904800
LCT	CN-0177	Shijiazhuang Luancheng Airport	Shijiazhuang	37.913050	114.591660
LCX	ZSLO	Liancheng Guanzhishan Airport	Longyan (Liancheng)	25.675920	116.745907
LCY	EGLC	London City Airport	London	51.505299	0.055278
LDA	VEMH	Malda Airport	Malda	25.010180	88.126917
LDB	SBLO	Governor José Richa Airport	Londrina	-23.334375	-51.128365
LDC	YLIN	Lindeman Island Airport	Lindeman Island	-20.453600	149.039993
LDE	LFBT	Tarbes-Lourdes-Pyrénées Airport	Tarbes/Lourdes/Pyrénées	43.178699	-0.006439
LDG	ULAL	Leshukonskoye Airport	Leshukonskoye	64.896004	45.723000
LDH	YLHI	Lord Howe Island Airport	Lord Howe Island	-31.538204	159.075460
LDI	HTLI	Lindi Airport	Lindi	-9.851005	39.759110
LDJ	KLDJ	Linden Airport	Linden	40.617401	-74.244598
LDK	ESGL	Lidköping-Hovby Airport	Lidköping	58.465500	13.174400
LDM	KLDM	Mason County Airport	Ludington	43.962502	-86.407898
LDN	VNLD	Lamidanda Airport	Lamidanda	27.253099	86.669998
LDO	SMDO	Ladouanie Airport	Aurora	4.376108	-55.407057
LDS	ZYLD	Yichun Lindu Airport	Yichun	47.752056	129.019125
LDU	WBKD	Lahad Datu Airport	Lahad Datu	5.032410	118.323760
LDV	LFRJ	Landivisiau Air Base	Landivisiau	48.530300	-4.151640
LDW	LDW	Lansdowne Airport	Lansdowne Station	-17.612800	126.743000
LDX	SOOM	Saint-Laurent-du-Maroni Airport	Saint-Laurent-du-Maroni	5.481891	-54.034964
LDY	EGAE	City of Derry Airport	Derry, Derry and Strabane	55.042801	-7.161110
LDZ	FALD	Londolozi Airport	Londolozi	-24.747800	31.474300
LEA	YPLM	Learmonth Airport	Exmouth	-22.235201	114.090024
LEB	KLEB	Lebanon Municipal Airport	Lebanon	43.626099	-72.304199
LEC	SBLE	Coronel Horácio de Mattos Airport	Lençóis	-12.482300	-41.277000
LED	ULLI	Pulkovo Airport	St. Petersburg	59.800301	30.262501
LEE	KLEE	Leesburg International Airport	Leesburg	28.823099	-81.808701
LEF	FXLK	Lebakeng Airport	Lebakeng	-29.890800	28.655600
LEH	LFOH	Le Havre-Octeville Airport	Le Havre	49.534038	0.088406
LEI	LEAM	Almería Airport	Almería	36.843899	-2.370100
LEJ	EDDP	Leipzig/Halle Airport	Schkeuditz	51.420657	12.232705
LEK	GULB	Tata Airport	Labé	11.337512	-12.290869
LEL	YLEV	Lake Evella Airport		-12.498900	135.806000
LEM	KLEM	Lemmon Municipal Airport	Lemmon	45.918701	-102.106003
LEN	LELN	León Airport	La Virgen del Camino	42.590709	-5.653406
LEO	LEO	Lekoni Airport	Lekoni	-1.572400	14.287800
LEP	BR-2171	Leopoldina Airport	Leopoldina	-21.468226	-42.727076
LEQ	EGHC	Land's End Airport	Land's End, Cornwall	50.102798	-5.670560
LER	YLST	Leinster Airport		-27.843300	120.703003
LES	FXLS	Lesobeng Airport	Lesobeng	-29.755583	28.357054
LET	SKLT	Alfredo Vásquez Cobo International Airport	Leticia	-4.191147	-69.942003
LEU	LESU	Pirineus - la Seu d'Urgel Airport	La Seu d'Urgell Pyrenees and Andorra	42.338600	1.409170
LEV	NFNB	Levuka Airfield	Bureta	-17.711100	178.759003
LEW	KLEW	Auburn Lewiston Municipal Airport	Auburn/Lewiston	44.048500	-70.283501
LEX	KLEX	Blue Grass Airport	Lexington	38.035066	-84.606738
LEY	EHLE	Lelystad Airport	Lelystad	52.453188	5.514622
LEZ	MHLE	La Esperanza Airport	La Esperanza	14.291111	-88.175003
LFB	FQLU	Lumbo Airport	Lumbo	-15.033100	40.671700
LFH	CN-0385	Lanping Fenghua General Airport	Lanping Bai	26.645180	99.544190
LFI	KLFI	Langley Air Force Base	Hampton	37.082901	-76.360497
LFK	KLFK	Angelina County Airport	Lufkin	31.233999	-94.750000
LFM	OISR	Lamerd Airport	Lamerd	27.372700	53.188801
LFN	KLHZ	Triangle North Executive Airport	Louisburg	36.023300	-78.330299
LFO	HAKL	Kelafo East Airport	Kelafo	5.657000	44.349998
LFP	YLFD	Lakefield Airport	Lakefield	-14.920700	144.203000
LFQ	ZBLF	Linfen Yaodu Airport	Linfen (Yaodu)	36.132629	111.641236
LFR	SVLF	La Fria Airport		8.239167	-72.271027
LFT	KLFT	Lafayette Regional Airport	Lafayette	30.205299	-91.987602
LFW	DXXX	Lomé–Tokoin International Airport	Lomé	6.165610	1.254510
LGA	KLGA	LaGuardia Airport	New York	40.777199	-73.872597
LGB	KLGB	Long Beach International Airport	Long Beach	33.816523	-118.149891
LGC	KLGC	LaGrange Callaway Airport	LaGrange	33.008873	-85.074331
LGD	KLGD	La Grande/Union County Airport	La Grande	45.290199	-118.007004
LGE	LGE	Mulan Airport	Lake Gregory	-20.108900	127.619000
LGF	KLGF	Laguna Army Airfield	Yuma Proving Ground(Yuma)	32.860794	-114.396150
LGG	EBLG	Liège Airport	Grâce-Hollogne	50.638574	5.443897
LGH	YLEC	Leigh Creek Airport		-30.598301	138.425995
LGI	MYLD	Deadman's Cay Airport	Deadman's Cay	23.179001	-75.093597
LGK	WMKL	Langkawi International Airport	Langkawi	6.329730	99.728699
LGL	WBGF	Long Lellang Airport	Long Datih	3.421000	115.153999
LGN	AYLL	Linga Linga Airport	Linga Linga	-5.531944	149.734167
LGO	EDWL	Langeoog Airport	Langeoog	53.742379	7.496345
LGQ	SENL	Nueva Loja Airport	Lago Agrio	0.093056	-76.867500
LGR	SCHR	Cochrane Airport	Cochrane	-47.243591	-72.588150
LGS	SAMM	Comodoro D.R. Salomón Airport	Malargue	-35.493599	-69.574303
LGT	SKGA	La Gaviota Airport		4.550543	-70.925353
LGU	KLGU	Logan-Cache Airport	Logan	41.791199	-111.851997
LGW	EGKK	London Gatwick Airport	London	51.148744	-0.185739
LGX	HCMJ	Lugh Ganane Airport	Luuq	3.812400	42.545900
LGZ	ZUSH	Shannan Longzi Airport	Shannan	28.422422	92.348082
LHA	EDTL	Lahr Airport	Lahr/Schwarzwald	48.369301	7.827720
LHE	OPLA	Allama Iqbal International Airport	Lahore	31.521601	74.403603
LHG	YLRD	Lightning Ridge Airport		-29.452857	147.977146
LHI	WAJL	Lereh Airport	Lereh-Papua Island	-3.080046	139.952817
LHK	ZHGH	Guangzhou MR Air Base / Guanghua Airport	Xiangyang (Laohekou)	32.388660	111.694250
LHL	UBLC	Lachin International Airport	Lachin	39.883787	46.363137
LHN	SNLN	Linhares Municipal Airport	Linhares	-19.355202	-40.071280
LHR	EGLL	London Heathrow Airport	London	51.470748	-0.459909
LHS	SAVH	Las Heras Airport	Las Heras	-46.538517	-68.965323
LHU	FYLS	Lianshulu Lodge Airstrip	Muneambuanas	-18.116495	23.393460
LHV	KLHV	William T. Piper Memorial Airport	Lock Haven	41.135601	-77.422302
LHW	ZLLL	Lanzhou Zhongchuan International Airport	Lanzhou (Yongdeng)	36.515202	103.620003
LIA	ZULP	Liangping Airport	Liangping	30.679399	107.786003
LIB	YLIM	Limbunya Airport	Limbunya	-17.235600	129.882004
LIC	KLIC	Limon Municipal Airport	Limon	39.274799	-103.666000
LIE	FZFA	Libenge Airport	Libenge	3.626584	18.638477
LIF	NWWL	Lifou Airport	Lifou	-20.774563	167.239328
LIG	LFBL	Limoges Airport	Limoges/Bellegarde	45.862801	1.179440
LIH	PHLI	Lihue Airport	Lihue, Kauai	21.974393	-159.337146
LII	WAVA	Mulia Airport	Mulia-Papua Island	-3.701938	137.957000
LIJ	ZSLI	Lishui Airport	Lishui (Liandu)	28.372700	119.839000
LIK	MH-LIK	Likiep Airport	Likiep Island	9.823160	169.307999
LIL	LFQQ	Lille Airport	Lesquin	50.566564	3.102429
LIM	SPJC	Jorge Chávez International Airport	Lima	-12.021900	-77.114305
LIN	LIML	Milano Linate Airport	Segrate (MI)	45.445099	9.276740
LIO	MRLM	Limón International Airport	Limón	9.957960	-83.022003
LIP	SBLN	Lins Airport	Lins	-21.663491	-49.729954
LIQ	FZGA	Lisala Airport	Lisala	2.170660	21.496901
LIR	MRLB	Daniel Oduber Quirós International Airport	Liberia	10.593300	-85.544403
LIS	LPPT	Lisbon Humberto Delgado Airport	Lisbon	38.781300	-9.135920
LIT	KLIT	Bill & Hillary Clinton National Airport/Adams Field	Little Rock	34.729222	-92.223591
LIV	4AK	Livengood Camp Airport	Livengood	65.467000	-148.653400
LIW	VYLK	Loikaw Airport	Loikaw	19.691500	97.214798
LIX	FWLK	Likoma Island Airport	Likoma Island	-12.079787	34.736253
LIY	KLHW	MidCoast Regional Airport at Wright Army Airfield	Hinesville	31.891237	-81.561003
LIZ	ME16	Loring International Airport	Limestone	46.950401	-67.885902
LJA	FZVA	Lodja Airport	Lodja	-3.462745	23.615162
LJG	ZPLJ	Lijiang Sanyi International Airport	Lijiang	26.677483	100.244944
LJN	KLBX	Texas Gulf Coast Regional Airport	Angleton	29.108601	-95.462097
LJU	LJLJ	Ljubljana Jože Pučnik Airport	Zgornji Brnik	46.223701	14.457600
LKA	WATL	Larantuka Gewayentana Airport	Tiwatobi	-8.274424	123.002000
LKB	NFNK	Lakeba Island Airport	Lakeba Island	-18.199200	-178.817001
LKC	LKC	Lekana Airport	Lekana	-2.313000	14.606000
LKD	YLND	Lakeland Airport	Lakeland Downs	-15.841213	144.849118
LKG	HKLK	Lokichogio Airport	Lokichogio	4.204120	34.348202
LKH	WBGL	Long Akah Airport	Long Akah	3.310909	114.785553
LKI	WIML	Lasikin Airport	Lubang	2.411328	96.327722
LKK	PAKL	Kulik Lake Airport	Kulik Lake	58.982101	-155.121002
LKL	ENNA	Lakselv Airport, Banak	Lakselv	70.068802	24.973499
LKM	WAMI	Bolaang Mongondow Airport	Lolak	0.888550	124.033634
LKN	ENLK	Leknes Airport	Leknes	68.152496	13.609400
LKO	VILK	Chaudhary Charan Singh International Airport	Lucknow	26.760599	80.889297
LKP	KLKP	Lake Placid Airport	Lake Placid	44.264500	-73.961899
LKR	SO-0008	Las Khorey Airport	Las Khorey	11.173480	48.214260
LKV	KLKV	Lake County Airport	Lakeview	42.161098	-120.399002
LKW	OOLK	Lekhwair Airport	Lekhwair	22.804866	55.372801
LKY	HTLM	Lake Manyara Airport	Lake Manyara National Park	-3.376310	35.818298
LKZ	EGUL	RAF Lakenheath	Brandon, Suffolk	52.409540	0.561161
LLA	ESPA	Luleå Airport	Luleå	65.543800	22.122000
LLB	ZULB	Libo Airport	Qiannan (Libo)	25.452500	107.961667
LLC	RPLH	Cagayan North International Airport	Lal-lo	18.182388	121.746223
LLE	FAMN	Malelane Airport	Malelane	-25.473581	31.565947
LLF	ZGLG	Yongzhou Lingling Airport	Yongzhou	26.338661	111.610043
LLG	YCGO	Chillagoe Airport	Chillagoe	-17.138386	144.528494
LLH	LLH	La Lima - Reginaldo Hammer Airport	La Lima	15.442801	-87.898564
LLI	HALL	Lalibela Airport	Girany Amba	11.975225	38.980198
LLJ	WIPB	Silampari Airport	Lubuk Linggau	-3.288165	102.914490
LLK	UBBL	Lankaran International Airport	Lankaran	38.757919	48.807042
LLL	LLL	Lissadell Airport	Lissadell Station	-16.661000	128.594000
LLM	AGLM	Lomlom Airport	Lomlom	-10.296828	166.327322
LLN	ID-LLN	Kelila Airport	Kelila	-3.728968	138.710117
LLO	WAFD	Bua - Palopo Lagaligo Airport	Palopo	-3.082270	120.244823
LLS	SATK	Alferez Armando Rodriguez Airport	Las Lomitas	-24.721399	-60.548801
LLT	FNLB	Lobito Airport	Lobito	-12.371200	13.536600
LLV	ZBLL	Lüliang Dawu Airport	Lüliang	37.683333	111.142778
LLW	FWKI	Kamuzu International Airport	Lumbadzi	-13.789400	33.780998
LLX	KCDA	Caledonia County Airport	Lyndonville	44.569099	-72.017998
LLY	KVAY	South Jersey Regional Airport	Lumberton	39.942902	-74.845703
LMA	PAMH	Minchumina Airport	Minchumina	63.886002	-152.302002
LMB	FWSM	Salima Airport	Salima	-13.755893	34.584188
LMC	SKNA	La Macarena Airport	La Macarena	2.175650	-73.786740
LMD	AR-0011	Los Menucos Airport	Los Menucos	-40.817699	-68.074699
LME	LFRM	Le Mans-Arnage Airport	Le Mans, Sarthe	47.948604	0.201702
LMH	MHLN	Limon Airport	Limón	15.856066	-85.443978
LMI	AYLU	Lumi Airport	Lumi	-3.476840	142.041292
LML	MH-LML	Lae Island Airport	Lae Island	8.921110	166.264999
LMM	MMLM	Valle del Fuerte International Airport	Los Mochis	25.685503	-109.081159
LMN	WBGJ	Limbang Airport	Limbang	4.808300	115.010002
LMO	EGQS	RAF Lossiemouth	Lossiemouth, Moray	57.705200	-3.339170
LMP	LICD	Lampedusa Airport	Lampedusa	35.497898	12.618100
LMQ	HLMB	Marsa al Brega Airport	Marsa al Brega	30.378099	19.576401
LMR	FALC	Lime Acres Finsch Mine Airport	Lime Acres	-28.360100	23.439100
LMS	KLMS	Louisville Winston County Airport	Louisville	33.146198	-89.062500
LMT	KLMT	Crater Lake-Klamath Regional Airport	Klamath Falls	42.156101	-121.733002
LMU	WIDL	Letung Airport	Bukit Padi	2.964470	105.754840
LMV	LMV	Madivaru Airport	Naifaru	5.457545	73.370261
LMX	SK-140	Lopez de Micay Airport	Micay	2.841177	-77.237214
LMY	AYLM	Lake Murray Airport	Lake Murray	-7.009920	141.494003
LMZ	LMZ	Palma Airport	Palma	-10.750600	40.470200
LNA	KLNA	Palm Beach County Park Airport	West Palm Beach	26.593000	-80.085098
LNB	NVSM	Lamen Bay Airport	Lamen Bay	-16.584200	168.158997
LNC	AYLT	Lengbati Airport		-6.384611	147.368639
LND	KLND	Hunt Field	Lander	42.815201	-108.730003
LNE	NVSO	Lonorore Airport	Lonorore	-15.865600	168.171997
LNF	AYYM	Munbil Airport		-4.855941	141.220165
LNG	AYLS	Lese Airport	Lese	-8.279900	146.276500
LNH	YLKN	Lake Nash Airport	Alpurrurulam	-20.980700	137.917800
LNI	PALN	Point Lonely Short Range Radar Site Airfield	Point Lonely	70.911118	-153.237766
LNJ	ZPLC	Lincang Boshang Airport	Lincang	23.738100	100.025002
LNK	KLNK	Lincoln Airport	Lincoln	40.844882	-96.761780
LNL	ZLLN	Longnan Chengzhou Airport	Longnan (Cheng)	33.789918	105.790014
LNM	AYLN	Langimar Airport		-7.223139	146.227083
LNN	KLNN	Lake County Executive Airport	Willoughby	41.683998	-81.389702
LNO	YLEO	Leonora Airport	Leonora	-28.878099	121.315002
LNP	KLNP	Lonesome Pine Airport	Wise	36.987499	-82.529999
LNR	KLNR	Tri-County Regional Airport	Spring Green	43.209900	-90.181332
LNS	KLNS	Lancaster Airport	Lancaster	40.121700	-76.296097
LNU	WAQM	Robert Atty Bessing	Malinau	3.575256	116.619769
LNV	AYKY	Londolovit Airport	Londolovit	-3.043610	152.628998
LNX	RU-10076	Smolensk North Airport	Smolensk	54.824000	32.025000
LNY	PHNY	Lanai Airport	Lanai City	20.785675	-156.951324
LNZ	LOWL	Linz-Hörsching Airport	Linz	48.235362	14.188128
LOA	YLOR	Lorraine Airport		-18.993299	139.906998
LOB	SCAN	San Rafael Airport	Los Andes	-32.813912	-70.646642
LOC	YLOK	Lock Airport	Lock	-33.544201	135.692993
LOD	NVSG	Longana Airport	Longana	-15.306700	167.966995
LOE	VTUL	Loei Airport		17.439100	101.722000
LOH	SECA	Ciudad de Catamayo Airport	La Toma (Catamayo)	-3.995606	-79.371902
LOI	SSLN	Helmuth Baungarten Airport	Lontras	-27.160000	-49.542500
LOK	HKLO	Lodwar Airport	Lodwar	3.121970	35.608700
LOL	KLOL	Derby Field	Lovelock	40.066399	-118.565002
LOM	LOM	Francisco Primo de Verdad y Ramos Airport	Lagos de Moreno	21.258983	-101.943758
LOO	DAUL	Laghouat - Molay Ahmed Medeghri Airport	Laghouat	33.764400	2.928340
LOP	WADL	Lombok International Airport	Mataram (Pujut, Lombok Tengah)	-8.759962	116.278169
LOS	DNMM	Murtala Muhammed International Airport	Lagos	6.577370	3.321160
LOT	KLOT	Lewis University Airport	Chicago/Romeoville	41.607300	-88.096199
LOU	KLOU	Bowman Field	Louisville	38.228001	-85.663696
LOV	MMMV	Monclova International Airport	Monclova	26.955700	-101.470001
LOW	KLKU	Louisa County Airport / Freeman Field	Louisa	38.009800	-77.970100
LOY	HKLY	Loiyangalani Airport	Loiyangalani	2.763605	36.718325
LOZ	KLOZ	London-Corbin Airport/Magee Field	London	37.082199	-84.084900
LPA	GCLP	Gran Canaria Airport	Gran Canaria Island	27.931900	-15.386600
LPB	SLLP	El Alto International Airport	La Paz / El Alto	-16.510272	-68.189416
LPC	KLPC	Lompoc Airport	Lompoc	34.665600	-120.468002
LPD	SKLP	La Pedrera Airport	La Pedrera	-1.324882	-69.581294
LPE	SKIM	La Primavera Airport	La Primavera	5.477600	-70.421200
LPF	ZUPS	Liupanshui Yuezhao Airport	Liupanshui (Zhongshan)	26.609417	104.979000
LPG	SADL	La Plata Airport	La Plata	-34.972200	-57.894700
LPI	ESSL	Linköping City Airport	Linköping	58.404909	15.684499
LPJ	SVAS	Armando Schwarck Airport	Guayabal	6.577504	-66.816564
LPK	UUOL	Lipetsk Airport	Lipetsk	52.702801	39.537800
LPL	EGGP	Liverpool John Lennon Airport	Liverpool	53.334863	-2.849637
LPM	NVSL	Lamap Airport	Lamap	-16.461123	167.829253
LPN	AYLP	Leron Plains Airport	Leron Plains	-6.391700	146.343400
LPO	KPPO	La Porte Municipal Airport	La Porte	41.572498	-86.734497
LPP	EFLP	Lappeenranta Airport	Lappeenranta	61.044601	28.144743
LPQ	VLLB	Luang Phabang International Airport	Luang Phabang	19.904273	102.167191
LPS	S31	Lopez Island Airport	Lopez	48.483898	-122.938004
LPT	VTCL	Lampang Airport		18.270901	99.504204
LPU	WAQL	Long Apung Airport	Long Apung-Borneo Island	1.706932	114.969934
LPX	EVLA	Liepāja International Airport	Liepāja	56.517502	21.096901
LPY	LFHP	Le Puy-Loudes Airfield	Chaspuzac, Haute-Loire	45.080700	3.762890
LQK	KLQK	Pickens County Airport	Pickens	34.810001	-82.702904
LQM	SKLG	Caucaya Airport	Puerto Leguízamo	-0.182278	-74.770800
LQN	OAQN	Qala-i-Naw Airport	Qala-i-Naw	34.985472	63.117404
LRA	LGLR	Larissa Air Base	Larissa	39.650253	22.465500
LRB	FXLR	Leribe Airport	Leribe	-28.855600	28.052799
LRD	KLRD	Laredo International Airport	Laredo	27.543800	-99.461601
LRE	YLRE	Longreach Airport	Longreach	-23.432020	144.277492
LRF	KLRF	Little Rock Air Force Base	Jacksonville	34.916901	-92.149696
LRG	OPLL	Loralai Airport	Loralai	30.355499	68.613503
LRH	LFBH	La Rochelle Île de Ré Airport	La Rochelle	46.179199	-1.195280
LRJ	KLRJ	Le Mars Municipal Airport	Le Mars	42.778000	-96.193703
LRL	DXNG	Niamtougou International Airport	Niamtougou	9.766675	1.090944
LRM	MDLR	Casa De Campo International Airport	La Romana	18.452222	-68.911111
LRQ	CJC8	Laurie River Airport	Laurie River	56.248600	-101.304001
LRR	OISL	Lar Airport	Lar	27.674700	54.383301
LRS	LGLE	Leros Airport	Leros Island	37.184898	26.800301
LRT	LFRH	Lorient South Brittany (Bretagne Sud) Airport	Lorient/Lann/Bihoué	47.760601	-3.440000
LRU	KLRU	Las Cruces International Airport	Las Cruces	32.289398	-106.921997
LRV	SVRS	Los Roques Airport	Gran Roque Island	11.946935	-66.668333
LSA	AYKA	Losuia Airport	Losuia	-8.505820	151.080994
LSB	KLSB	Lordsburg Municipal Airport	Lordsburg	32.333500	-108.692001
LSC	SCSE	La Florida Airport	La Serena-Coquimbo	-29.916201	-71.199501
LSE	KLSE	La Crosse Regional Airport	La Crosse	43.879002	-91.256699
LSF	KLSF	Lawson Army Air Field	Fort Benning	32.332546	-84.988003
LSG	CN-0249	Leshan Airport	Leshan (Wutongqiao)	29.438627	103.749218
LSH	VYLS	Lashio Airport	Lashio	22.977900	97.752197
LSI	EGPB	Sumburgh Airport	Lerwick, Shetland	59.878899	-1.295560
LSJ	AYLX	Long Island Airport	Long Island	-5.360400	147.017700
LSK	KLSK	Lusk Municipal Airport	Lusk	42.753799	-104.404999
LSL	MRLC	Los Chiles Airport	Los Chiles	11.035300	-84.706100
LSM	WBGD	Long Semado Airport	Long Semado	4.217000	115.599998
LSN	KLSN	Los Banos Municipal Airport	Los Banos	37.062901	-120.869003
LSO	LFOO	Les Sables-d'Olonne Talmont Airport	Les Sables-d'Olonne	46.476898	-1.722780
LSP	SVJC	Josefa Camejo International Airport	Paraguaná	11.780775	-70.151497
LSQ	SCGE	María Dolores Airport	Los Angeles	-37.401699	-72.425400
LSR	WIMU	Alas Leuser Airport	Kutacane	3.391456	97.863726
LSS	TFFS	Terre-de-Haut Airport	Les Saintes	15.864400	-61.580601
LST	YMLT	Launceston Airport	Launceston (Western Junction)	-41.544935	147.210785
LSU	WBGU	Long Sukang Airport	Long Sukang	4.552220	115.494003
LSV	KLSV	Nellis Air Force Base	Las Vegas	36.236198	-115.033997
LSW	WIMA	Malikus Saleh Airport	Lhok Seumawe-Sumatra Island	5.226680	96.950302
LSX	WITL	Lhok Sukon Airport	Lhok Sukon-Sumatra Island	5.069510	97.259201
LSY	YLIS	Lismore Airport	Lismore	-28.830689	153.258419
LSZ	LDLO	Lošinj Airport	Mali Lošinj	44.566985	14.393883
LTA	FATZ	Tzaneen Airport	Tzaneen	-23.824400	30.329300
LTC	FTTH	Lai Airport	Lai	9.397900	16.312500
LTD	HLTD	Ghadames Airport	Ghadames	30.145484	9.702095
LTF	LTF	Leitre Airport	Leitre	-2.833700	141.625700
LTG	VNLT	Langtang Airport	Langtang	28.200001	85.583000
LTH	VVLT	Long Thanh International Airport (Under Construction)	Ho Chi Minh City (Long Thanh)	10.772842	107.040596
LTI	ZMAT	Altai Airport	Altai	46.376400	96.221100
LTK	OSLK	Latakia International Airport	Latakia	35.401100	35.948700
LTL	FOOR	Lastourville Airport	Lastourville	-0.826667	12.748600
LTM	SYLT	Lethem Airport	Lethem	3.372760	-59.789398
LTN	EGGW	London Luton Airport	Luton, Luton	51.874699	-0.368333
LTO	MMLT	Loreto International Airport	Loreto	25.989549	-111.348408
LTP	YLHS	Lyndhurst Airport	Lyndhurst	-19.195801	144.371002
LTQ	LFAT	Le Touquet-Côte d'Opale Airport	Le Touquet-Paris-Plage	50.518284	1.621656
LTS	KLTS	Altus Air Force Base	Altus	34.667099	-99.266701
LTT	LFTZ	La Môle Airport	Saint-Tropez	43.205399	6.482000
LTU	VALT	Murod Kond Airport	Latur	18.411501	76.464699
LTV	YLOV	Lotus Vale Airport	Lotus Vale	-17.048300	141.376007
LTW	K2W6	St. Mary's County Regional Airport	California	38.315399	-76.550102
LTX	SELT	Cotopaxi International Airport	Latacunga	-0.906833	-78.615799
LUA	VNLK	Tenzing-Hillary Airport	Lukla	27.686768	86.729479
LUB	SYLP	Lumid Pau Airport	Lumid Pau	2.393930	-59.441002
LUC	NFNH	Laucala Island Airport	Laucala Island	-16.748100	-179.667007
LUD	FYLZ	Luderitz Airport	Luderitz	-26.687401	15.242900
LUE	LZLU	Lučenec Airfield	Lučenec	48.339401	19.735800
LUF	KLUF	Luke Air Force Base	Glendale	33.535000	-112.383003
LUG	LSZA	Lugano Airport	Agno	46.004299	8.910580
LUH	VILD	Ludhiana Airport		30.854700	75.952599
LUI	MHCR	Carta Airport	La Unión	15.033192	-86.692334
LUK	KLUK	Cincinnati Municipal Airport Lunken Field	Cincinnati	39.102357	-84.418945
LUL	KLUL	Hesler Noble Field	Laurel	31.672600	-89.172203
LUM	ZPMS	Dehong Mangshi International Airport	Dehong (Mangshi)	24.401100	98.531700
LUN	FLKK	Kenneth Kaunda International Airport	Lusaka	-15.330833	28.452722
LUO	FNUE	Luena Airport	Luena	-11.768100	19.897699
LUP	PHLU	Kalaupapa Airport	Kalaupapa	21.211000	-156.973999
LUQ	SAOU	Brigadier Mayor D Cesar Raul Ojeda Airport	San Luis	-33.273201	-66.356400
LUR	PALU	Cape Lisburne LRRS Airport	Cape Lisburne	68.875099	-166.110001
LUT	YLRS	New Laura Airport	Laura Station	-15.182758	144.345535
LUU	YLRA	Laura Airport		-15.560495	144.451418
LUV	WAPF	Karel Sadsuitubun Airport	Langgur	-5.760278	132.759444
LUW	WAFW	Syukuran Aminuddin Amir Airport	Luwok	-1.035893	122.773934
LUX	ELLX	Luxembourg-Findel International Airport	Luxembourg	49.626845	6.212134
LUZ	EPLB	Lublin Airport	Lublin	51.240157	22.713461
LVA	LFOV	Laval-Entrammes Airport	Laval, Mayenne	48.032208	-0.743999
LVD	2AK	Lime Village Airport	Lime Village	61.359100	-155.440002
LVI	FLHN	Harry Mwanga Nkumbula International Airport	Livingstone	-17.821524	25.819642
LVK	KLVK	Livermore Municipal Airport	Livermore	37.693401	-121.820000
LVL	KLVL	Brunswick Municipal Airport	Lawrenceville	36.774229	-77.793846
LVM	KLVM	Mission Field	Livingston	45.699402	-110.447998
LVO	YLTN	Laverton Airport	Laverton	-28.614267	122.428673
LVP	OIBV	Lavan Airport	Lavan Airport	26.810742	53.354302
LVR	SILC	Municipal Bom Futuro Airport	Lucas do Rio Verde	-13.037861	-55.950250
LVS	KLVS	Las Vegas Municipal Airport	Las Vegas	35.654202	-105.141998
LWA	LWA	Lebak Rural Airport	Lebak	6.673900	124.058100
LWB	KLWB	Greenbrier Valley Airport	Lewisburg	37.857914	-80.400438
LWC	KLWC	Lawrence Municipal Airport	Lawrence	39.011200	-95.216599
LWE	WATW	Wonopito Airport	Lewoleba	-8.361805	123.438554
LWH	YLAH	Lawn Hill Airport		-18.574530	138.586106
LWI	AYLO	Lowai Airport	Lowai	-6.334400	146.645800
LWK	EGET	Lerwick / Tingwall Airport	Lerwick, Shetland Islands	60.192200	-1.243610
LWL	KLWL	Wells Municipal Airport/Harriet Field	Wells	41.117100	-114.921997
LWM	KLWM	Lawrence Municipal Airport	Lawrence	42.717201	-71.123398
LWN	UDSG	Shirak International Airport	Gyumri	40.750401	43.859299
LWO	UKLL	Lviv International Airport	Lviv	49.812500	23.956100
LWR	EHLW	Leeuwarden Air Base	Leeuwarden	53.228600	5.760560
LWS	KLWS	Lewiston Nez Perce County Airport	Lewiston	46.374500	-117.014999
LWT	KLWT	Lewistown Municipal Airport	Lewistown	47.048429	-109.466143
LWV	KLWV	Lawrenceville Vincennes International Airport	Lawrenceville	38.764301	-87.605499
LWY	WBGW	Lawas Airport	Lawas	4.849170	115.407997
LXA	ZULS	Lhasa Gonggar International Airport	Shannan (Gonggar)	29.298001	90.911951
LXG	VLLN	Luang Namtha Airport	Luang Namtha	20.966999	101.400002
LXN	KLXN	Jim Kelly Field	Lexington	40.791000	-99.777298
LXR	HELX	Luxor International Airport	Luxor	25.671018	32.706446
LXS	LGLM	Limnos Airport	Limnos Island	39.917099	25.236300
LXU	FLLK	Lukulu Airport	Lukulu	-14.375891	23.248648
LXV	KLXV	Lake County Airport	Leadville	39.220299	-106.317001
LYA	ZHLY	Luoyang Beijiao Airport	Luoyang (Laocheng)	34.741100	112.388000
LYB	MWCL	Edward Bodden Little Cayman Airfield	Blossom Village	19.660161	-80.088826
LYC	ESNL	Lycksele Airport	Lycksele	64.548302	18.716200
LYG	ZSLG	Lianyungang Huaguoshan International Airport	Lianyungang	34.414060	119.178990
LYH	KLYH	Lynchburg Regional Airport - Preston Glenn Field	Lynchburg	37.326698	-79.200401
LYI	ZSLY	Linyi Qiyang Airport	Linyi (Hedong)	35.052918	118.411828
LYK	WADU	Lunyuk Airport	Lunyuk	-8.989931	117.216018
LYN	LFLY	Lyon Bron Airport	Chassieu, Lyon	45.727947	4.943991
LYO	KLYO	Lyons-Rice County Municipal Airport	Lyons	38.339481	-98.228702
LYP	OPFA	Faisalabad International Airport	Faisalabad	31.364923	72.995319
LYR	ENSB	Svalbard Airport, Longyear	Longyearbyen	78.246101	15.465600
LYS	LFLL	Lyon Saint-Exupéry Airport	Colombier-Saugnieu, Rhône	45.725996	5.090139
LYT	YLTT	Lady Elliot Island Airstrip	Lady Elliot Island	-24.112900	152.715600
LYU	KELO	Ely Municipal Airport	Ely	47.824501	-91.830704
LYX	EGMD	Lydd London Ashford Airport	Romney Marsh, Kent	50.956246	0.939074
LZA	FZUG	Luiza Airport	Luiza	-7.189971	22.392540
LZC	MMLC	Lázaro Cárdenas Airport	Lázaro Cárdenas	18.001672	-102.220316
LZG	ZULA	Langzhong Gucheng Airport	Nanchong (Langzhong)	31.501910	106.034417
LZH	ZGZH	Liuzhou Bailian Airport / Bailian Air Base	Liuzhou (Liujiang)	24.207500	109.390999
LZI	FZAL	Luozi Airport	Luozi	-4.943881	14.123337
LZM	FNLZ	Luzamba Airport	Luzamba	-9.115960	18.049299
LZN	RCFG	Matsu Nangan Airport	Matsu (Nangan)	26.159656	119.958376
LZO	ZULZ	Luzhou Yunlong Airport	Luzhou (Yunlong)	29.030357	105.468407
LZR	YLZI	Lizard Island Airport		-14.673273	145.454571
LZU	KLZU	Gwinnett County Briscoe Field	Lawrenceville	33.978100	-83.962402
LZY	ZUNZ	Nyingchi Mainling Airport	Nyingchi (Mainling)	29.303301	94.335297
MAA	VOMM	Chennai International Airport	Chennai	12.990005	80.169296
MAB	SBMA	João Correa da Rocha Airport	Marabá	-5.368590	-49.138000
MAC	KMAC	Macon Downtown Airport	Macon	32.822102	-83.561996
MAD	LEMD	Adolfo Suárez Madrid–Barajas Airport	Madrid	40.493407	-3.572249
MAE	KMAE	Madera Municipal Airport	Madera	36.988602	-120.112000
MAF	KMAF	Midland International Air and Space Port	Midland	31.942499	-102.202003
MAG	AYMD	Madang Airport	Madang	-5.207080	145.789001
MAH	LEMH	Menorca Airport	Mahón (Maó)	39.862598	4.218650
MAJ	PKMJ	Marshall Islands International Airport	Majuro Atoll	7.065110	171.271656
MAK	HSSM	Malakal International Airport	Malakal	9.558739	31.651937
MAL	WAPE	Mangole Airport, Falabisahaya	Mangole Island	-1.782255	125.482246
MAM	MMMA	General Servando Canales International Airport	Matamoros	25.769899	-97.525299
MAN	EGCC	Manchester Airport	Manchester, Greater Manchester	53.349375	-2.279521
MAO	SBEG	Eduardo Gomes International Airport	Manaus	-3.038610	-60.049702
MAP	MAP	Mamai Airport	Mamai	-10.290833	149.519167
MAQ	VTPM	Mae Sot Airport		16.699900	98.545097
MAR	SVMC	La Chinita International Airport	Maracaibo	10.557542	-71.729307
MAS	AYMO	Momote Airport	Manus Island	-2.061890	147.423996
MAT	FZAM	Tshimpi Airport	Matadi	-5.799610	13.440400
MAU	NTTP	Maupiti Airport		-16.426500	-152.244003
MAV	MH-MAV	Maloelap Island Airport	Maloelap Island	8.704440	171.229996
MAW	KMAW	Malden Regional Airport	Malden	36.600601	-89.992203
MAX	GOSM	Ouro Sogui Airport	Ouro Sogui	15.593600	-13.322800
MAY	MYAB	Clarence A. Bain Airport	Mangrove Cay	24.287701	-77.684601
MAZ	TJMZ	Eugenio Maria De Hostos Airport	Mayaguez	18.255699	-67.148499
MBA	HKMO	Moi International Airport	Mombasa	-4.034830	39.594200
MBB	YMBL	Marble Bar Airport		-21.163300	119.833000
MBC	FOGG	M'Bigou Airport	M'Bigou	-1.893056	11.912500
MBD	FAMM	Mmabatho International Airport	Mafeking	-25.798401	25.548000
MBE	RJEB	Monbetsu Airport	Monbetsu	44.303902	143.404007
MBF	YPOK	Porepunkah Airport		-36.717731	146.890039
MBG	KMBG	Mobridge Municipal Airport	Mobridge	45.546501	-100.407997
MBH	YMYB	Maryborough Airport	Maryborough	-25.513528	152.713603
MBI	HTGW	Songwe Airport	Mbeya	-8.919942	33.273981
MBJ	MKJS	Sangster International Airport	Montego Bay	18.503420	-77.913230
MBK	SWXM	Orlando Villas Boas Regional Airport	Matupá	-10.170368	-54.953964
MBL	KMBL	Manistee County Blacker Airport	Manistee	44.272707	-86.246495
MBM	ZA-0096	Mkambati Airport	Mkambati	-31.284900	29.988400
MBN	YBAN	Mount Barnett Airport	Wunaamin Miliwundi Ranges	-16.741453	125.905608
MBO	RPUM	Mamburao Airport	Mamburao	13.208048	120.605457
MBP	SPBB	Moyobamba Airport	Moyobamba	-6.018889	-76.988327
MBQ	HUMA	Mbarara Airport	Mbarara	-0.555278	30.599400
MBS	KMBS	MBS International Airport	Freeland	43.533181	-84.083104
MBT	RPVJ	Moises R. Espinosa Airport	Masbate	12.369682	123.630095
MBU	AGGI	Babanakira Airport	Mbambanakira	-9.747500	159.839005
MBV	AYSX	Masa Airport	Masa	-6.345000	147.591000
MBW	YMMB	Melbourne Moorabbin Airport	Melbourne	-37.977765	145.099799
MBX	LJMB	Maribor Edvard Rusjan Airport	Maribor	46.479900	15.686100
MBY	KMBY	Omar N Bradley Airport	Moberly	39.464393	-92.428365
MBZ	SWMW	Maués Airport	Maués	-3.372170	-57.724800
MCA	GUMA	Macenta Airport	Macenta	8.481456	-9.526048
MCB	KMCB	McComb-Pike County Airport / John E Lewis Field	McComb	31.178499	-90.471901
MCC	KMCC	McClellan Airfield	Sacramento	38.667599	-121.401001
MCD	KMCD	Mackinac Island Airport	Mackinac Island	45.864899	-84.637299
MCE	KMCE	Merced Regional Macready Field	Merced	37.284698	-120.514000
MCF	KMCF	MacDill Air Force Base	Tampa	27.849300	-82.521202
MCG	PAMC	McGrath Airport	McGrath	62.952900	-155.606003
MCI	KMCI	Kansas City International Airport	Kansas City	39.301699	-94.713893
MCJ	SKLM	Jorge Isaac Airport	La Mina-Maicao	11.232500	-72.490100
MCK	KMCK	McCook Ben Nelson Regional Airport	McCook	40.207787	-100.592794
MCL	PAIN	Denali National Park Airport	Denali Park	63.732465	-148.911266
MCN	KMCN	Middle Georgia Regional Airport	Macon	32.692799	-83.649200
MCO	KMCO	Orlando International Airport	Orlando	28.429399	-81.308998
MCP	SBMQ	Macapá - Alberto Alcolumbre International Airport	Macapá	0.050664	-51.072201
MCS	SARM	Monte Caseros Airport	Monte Caseros	-30.271900	-57.640200
MCT	OOMS	Muscat International Airport	Muscat/Seeb	23.600218	58.285268
MCU	LFBK	Montluçon-Guéret Airport	Lépaud, Creuse	46.222599	2.363960
MCV	YMHU	McArthur River Mine Airport	McArthur River Mine	-16.442499	136.084000
MCW	KMCW	Mason City Municipal Airport	Mason City	43.159801	-93.329716
MCX	URML	Makhachkala Uytash International Airport	Makhachkala	42.816799	47.652302
MCY	YBSU	Sunshine Coast Airport	Maroochydore	-26.593324	153.083190
MCZ	SBMO	Zumbi dos Palmares International Airport	Maceió	-9.512559	-35.791839
MDB	BZ-MDB	Melinda Airport	Hope Creek	16.998419	-88.318191
MDC	WAMM	Sam Ratulangi International Airport	Manado	1.548591	124.926250
MDD	KMDD	Midland Airpark	Midland	32.036499	-102.100998
MDE	SKRG	Jose Maria Córdova International Airport	Medellín	6.164540	-75.423100
MDF	KMDZ	Taylor County Airport	Medford	45.101002	-90.303299
MDG	ZYMD	Mudanjiang Hailang International Airport	Mudanjiang	44.525172	129.568634
MDH	KMDH	Southern Illinois Airport	Murphysboro	37.778099	-89.251999
MDI	DNMK	Makurdi Airport	Makurdi	7.703880	8.613940
MDJ	KS33	Madras Municipal Airport	Madras	44.670200	-121.154999
MDK	FZEA	Mbandaka Airport	Mbandaka	0.022600	18.288700
MDL	VYMD	Mandalay International Airport	Mandalay	21.702200	95.977898
MDM	AYDK	Munduku Airport	Munduku	-4.620400	143.451600
MDN	KIMS	Madison Municipal Airport	Madison	38.758900	-85.465500
MDO	PAMD	Middleton Island Airport	Middleton Island	59.449902	-146.307007
MDP	WAKD	Mindiptana Airport	Mindiptana-Papua Island	-5.876929	140.709460
MDQ	SAZM	Ástor Piazzola International Airport	Mar del Plata	-37.934200	-57.573300
MDR	HKSJ	Musiara Airstrip	Mara Rianta	-1.298636	35.063885
MDS	MBMC	Middle Caicos Airport	Middle Caicos	21.826020	-71.802500
MDT	KMDT	Harrisburg International Airport	Harrisburg	40.192838	-76.762333
MDU	AYMN	Mendi Airport	Mendi	-6.147740	143.656998
MDV	MDV	Médouneu Airport	Médouneu, Gabon	1.008500	10.755200
MDW	KMDW	Chicago Midway International Airport	Chicago	41.785999	-87.752403
MDX	SATM	Mercedes Airport	Mercedes	-29.221399	-58.087799
MDY	PMDY	Henderson Field	Sand Island	28.201700	-177.380997
MDZ	SAME	Governor Francisco Gabrielli International Airport	Mendoza	-32.831699	-68.792900
MEA	SBME	Macaé Benedito Lacerda Airport	Macaé	-22.343000	-41.765999
MEB	YMEN	Melbourne Essendon Airport	Essendon Fields	-37.728100	144.901993
MEC	SEMT	Eloy Alfaro International Airport	Manta	-0.946078	-80.678802
MED	OEMA	Prince Mohammad Bin Abdulaziz Airport	Medina	24.553400	39.705101
MEE	NWWR	Maré Airport	Maré	-21.482438	168.038465
MEF	MEF	Melfi Airport	Melfi	11.060192	17.944495
MEG	FNMA	Malanje Airport	Malanje	-9.525090	16.312401
MEH	ENMH	Mehamn Airport	Mehamn	71.029701	27.826700
MEI	KMEI	Key Field / Meridian Regional Airport	Meridian	32.332600	-88.751900
MEJ	KGKJ	Port Meadville Airport	Meadville	41.626499	-80.214699
MEK	GMFM	Bassatine Airport	Meknes	33.879101	-5.515120
MEL	YMML	Melbourne Airport	Melbourne	-37.670732	144.837898
MEM	KMEM	Memphis International Airport	Memphis	35.043845	-89.976340
MEN	LFNB	Mende-Brenoux Airfield	Mende/Brénoux	44.502102	3.532820
MEO	KMQI	Dare County Regional Airport	Manteo	35.918790	-75.695662
MEP	WMAU	Mersing Airport	Mersing	2.389148	103.874183
MEQ	WITC	Cut Nyak Dhien Airport	Kuala Pesisir	4.040998	96.253312
MER	KMER	Castle Airport	Merced	37.380501	-120.568001
MES	WIMK	Soewondo Air Force Base	Medan	3.558425	98.672275
MET	YMOT	Moreton Airport	Moreton	-12.444200	142.638000
MEU	SBMD	Monte Dourado - Serra do Areão Airport	Almeirim	-0.889839	-52.602200
MEV	KMEV	Minden-Tahoe Airport	Minden	39.000301	-119.751000
MEW	FZVM	Mweka Airport	Mweka	-4.855027	21.541786
MEX	MMMX	Mexico City Benito Juárez International Airport	Mexico City	19.435822	-99.070330
MEY	VNMG	Meghauli Airport	Meghauli	27.577400	84.228750
MEZ	FAMH	Musina(Messina) Airport	Musina	-22.355672	29.986200
MFA	HTMA	Mafia Airport	Kilindoni	-7.917478	39.668502
MFB	SK-481	Monfort Airport	Monfort	0.633333	-69.750000
MFC	FXMF	Mafeteng Airport	Mafeteng	-29.801100	27.243601
MFD	KMFD	Mansfield Lahm Regional Airport	Mansfield	40.821400	-82.516602
MFE	KMFE	McAllen Miller International Airport	McAllen	26.176141	-98.237965
MFF	FOOD	Moanda Airport	Moanda	-1.526558	13.251332
MFG	OPMF	Muzaffarabad Airport	Muzaffarabad	34.338835	73.508886
MFH	K67L	Mesquite Airport	Mesquite	36.833105	-114.055928
MFI	KMFI	Marshfield Municipal Airport	Marshfield	44.636902	-90.189301
MFJ	NFMO	Moala Airport	Moala	-18.566700	179.951004
MFK	RCMT	Matsu Beigan Airport	Matsu (Beigan)	26.224140	120.002679
MFL	YWDV	Mount Full Stop Airport	Wando Vale	-19.670000	144.885200
MFM	VMMC	Macau International Airport	Nossa Senhora do Carmo	22.149599	113.592003
MFN	NZMF	Milford Sound Airport		-44.673302	167.923004
MFO	AYNG	Manguna Airport	Manguna	-5.577778	151.792333
MFP	YMCR	Manners Creek Airport		-22.100000	137.983002
MFQ	DRRM	Maradi Airport	Maradi	13.502500	7.126750
MFR	KMFR	Rogue Valley International-Medford Airport	Medford	42.374199	-122.873001
MFS	SKMF	Miraflores Airport	Miraflores	1.350000	-71.944400
MFU	FLMF	Mfuwe International Airport	Mfuwe	-13.258900	31.936600
MFV	KMFV	Accomack County Airport	Melfa	37.646900	-75.761101
MFX	LFKX	Méribel Altiport	Les Allues	45.407505	6.577597
MFZ	AYES	Meselia Airport	Demgulu	-6.136400	149.118300
MGA	MNMG	Augusto C. Sandino (Managua) International Airport	Managua	12.141500	-86.168198
MGB	YMTG	Mount Gambier Airport	Mount Gambier	-37.744382	140.780561
MGC	KMGC	Michigan City Municipal Airport	Michigan City	41.703300	-86.821198
MGD	SLMG	Magdalena Airport	Magdalena	-13.260748	-64.060764
MGE	KMGE	Dobbins Air Reserve Base	Marietta	33.915401	-84.516296
MGF	SBMG	Regional de Maringá - Sílvio Name Júnior Airport	Maringá	-23.476060	-52.016187
MGH	FAMG	Margate Airport	Margate	-30.857401	30.343000
MGI	MGI	National Wildlife Refuge Airport	Matagorda Island	28.323000	-96.464000
MGJ	KMGJ	Orange County Airport	Montgomery	41.509998	-74.264603
MGK	VYMT	Mong Tong Airport	Mong Tong	20.296700	98.898903
MGL	EDLN	Mönchengladbach Airport	Mönchengladbach	51.230278	6.504444
MGM	KMGM	Montgomery Regional (Dannelly Field) Airport	Montgomery	32.300598	-86.393997
MGN	SKMG	Baracoa Airport	Magangué	9.284740	-74.846100
MGP	MGP	Manga Airport	Manga Mission	-4.147000	153.018600
MGQ	HCMM	Aden Adde International Airport	Mogadishu	2.014440	45.304699
MGR	KMGR	Moultrie Municipal Airport	Moultrie	31.084900	-83.803299
MGS	NCMG	Mangaia Island Airport	Mangaia Island	-21.895987	-157.906662
MGT	YMGB	Milingimbi Airport	Milingimbi Island	-12.094400	134.893997
MGU	VYMN	Manaung Airport	Manaung	18.845800	93.688904
MGV	YMGR	Margaret River (Station) Airport		-18.621700	126.883003
MGW	KMGW	Morgantown Municipal Airport Walter L. (Bill) Hart Field	Morgantown	39.643305	-79.917598
MGX	FOGI	Moabi Airport	Moabi	-2.455187	10.935800
MGY	KMGY	Dayton-Wright Brothers Airport	Dayton	39.589001	-84.224899
MGZ	VYME	Myeik Airport	Mkeik	12.439800	98.621498
MHA	SYMD	Mahdia Airport	Mahdia	5.272845	-59.149296
MHC	SCPQ	Mocopulli Airport	Dalcahue	-42.340388	-73.715693
MHD	OIMM	Mashhad International Airport	Mashhad	36.234821	59.642949
MHE	KMHE	Mitchell Municipal Airport	Mitchell	43.774799	-98.038597
MHF	SK-482	Morichal Airport	Morichal	1.750000	-69.916667
MHG	EDFM	Mannheim-City Airport	Mannheim	49.473057	8.514167
MHH	MYAM	Leonard M. Thompson International Airport	Marsh Harbour	26.510711	-77.084262
MHI	HDMO	Moucha Airport	Moucha Island	11.729750	43.209559
MHK	KMHK	Manhattan Regional Airport	Manhattan	39.140999	-96.670799
MHL	KMHL	Marshall Memorial Municipal Airport	Marshall	39.095798	-93.202904
MHM	AGOB	Manaoba Airport	Manaoba	-8.325008	160.800510
MHN	MHN	Hooker County Airport	Mullen	42.042155	-101.059113
MHO	YMHO	Mount House Airport	Wunaamin Miliwundi Ranges	-17.051917	125.712491
MHQ	EFMA	Mariehamn Airport	Mariehamn	60.122200	19.898199
MHR	KMHR	Sacramento Mather Airport	Sacramento	38.554744	-121.297989
MHS	1O6	Dunsmuir Muni-Mott Airport	Dunsmuir	41.263199	-122.272003
MHT	KMHT	Manchester-Boston Regional Airport	Manchester	42.932598	-71.435699
MHU	YHOT	Mount Hotham Airport	Mount Hotham	-37.047501	147.334000
MHV	KMHV	Mojave Air &  Space Port	Mojave	35.056391	-118.145342
MHW	SLAG	Monteagudo Airport	El Bañado	-19.827000	-63.960999
MHX	NCMH	Manihiki Island Airport	Manihiki Island	-10.380910	-160.999424
MHY	AYEH	Morehead Airport	Morehead	-8.714111	141.644444
MHZ	EGUN	RAF Mildenhall	Bury Saint Edmunds, Suffolk	52.361900	0.486406
MIA	KMIA	Miami International Airport	Miami	25.796011	-80.289751
MIB	KMIB	Minot Air Force Base	Minot	48.415600	-101.358002
MIC	KMIC	Crystal Airport	Minneapolis	45.062000	-93.353897
MID	MMMD	Manuel Crescencio Rejón International Airport	Mérida	20.930485	-89.645462
MIE	KMIE	Delaware County Johnson Field	Muncie	40.242298	-85.395897
MIF	KE01	Roy Hurd Memorial Airport	Monahans	31.582500	-102.908997
MIG	ZUMY	Mianyang Nanjiao Airport	Mianyang (Fucheng)	31.428101	104.740997
MIH	YMIP	Mitchell Plateau Airport	Mitchell Plateau	-14.790817	125.825729
MII	SBML	Frank Miloye Milenkowichi–Marília State Airport	Marília	-22.196899	-49.926485
MIJ	MLIP	Mili Island Airport	Mili Island	6.084754	171.731419
MIK	EFMI	Mikkeli Airport	Mikkeli	61.686600	27.201799
MIM	YMER	Merimbula Airport	Merimbula	-36.908600	149.901001
MIN	YMPA	Minnipa Airport		-32.843300	135.145004
MIO	KMIO	Miami Municipal Airport	Miami	36.909199	-94.887497
MIP	LLMR	Mitzpe Ramon Airfield	Mitzpe Ramon	30.650600	34.806900
MIQ	KMLE	Millard Airport	Omaha	41.195877	-96.112107
MIR	DTMB	Monastir Habib Bourguiba International Airport	Monastir	35.758099	10.754700
MIS	AYMS	Misima Island Airport	Misima Island	-10.689200	152.837997
MIT	KMIT	Shafter Airport - Minter Field	Shafter	35.507401	-119.192002
MIU	DNMA	Maiduguri International Airport	Maiduguri	11.854163	13.080702
MIV	KMIV	Millville Municipal Airport	Millville	39.367802	-75.072197
MIW	KMIW	Marshalltown Municipal Airport	Marshalltown	42.112701	-92.917801
MIX	SK-003	Miriti Parana Airport	Mirití-Paraná	-0.886017	-70.983446
MIY	YMTA	Mittebah Airport		-18.809300	137.081500
MIZ	MIZ	Mainoru Airstrip	Mainoru	-14.053300	134.094200
MJA	FMSJ	Manja Airport	Manja	-21.426105	44.316509
MJB	MH-MJB	Mejit Atoll Airport	Mejit Atoll	10.283302	170.869000
MJC	DIMN	Man Airport		7.272070	-7.587360
MJD	OPMJ	Moenjodaro Airport	Moenjodaro	27.335199	68.143097
MJE	MH-MJE	Majkin Airport	Majkin	8.163362	168.173862
MJF	ENMS	Mosjøen Airport, Kjærstad	Mosjøen	65.783997	13.214900
MJG	MUMJ	Mayajigua Airport	Mayajigua	22.230801	-79.062202
MJI	HLLM	Mitiga International Airport	Tripoli	32.891770	13.287878
MJJ	MJJ	Moki Airport	Moki	-5.718100	145.240400
MJK	YSHK	Shark Bay Airport	Denham	-25.897294	113.575802
MJL	FOGM	Mouilla Ville Airport	Mouila	-1.845140	11.056700
MJM	FZWA	Mbuji Mayi Airport	Mbuji Mayi	-6.121240	23.569000
MJN	FMNM	Amborovy Airport	Mahajanga	-15.666842	46.351233
MJO	FYME	Mount Etjo Airport	Mount Etjo Safari Lodge	-21.023300	16.452801
MJP	YMJM	Manjimup Airport		-34.265301	116.139999
MJQ	KMJQ	Jackson Municipal Airport	Jackson	43.650002	-94.986504
MJR	SA14	Miramar Airport	Miramar	-38.227100	-57.869700
MJS	MJS	Maganja da Costa Airport	Maganja	-17.308700	37.500000
MJT	LGMT	Mytilene International Airport	Mytilene	39.057406	26.598629
MJU	WAFJ	Tampa Padang Airport	Mamuju	-2.590017	119.025051
MJW	FVMH	Mahenye Airport	Gonarezhou National Park	-21.231000	32.333600
MJX	KMJX	Ocean County Airport	Toms River	39.927502	-74.292397
MJY	RU-0470	Motygino Airport	Motygino	58.180921	94.745272
MJZ	UERR	Mirny Airport	Mirny	62.534698	114.039001
MKB	FOOE	Mekambo Airport	Mekambo	0.976706	13.968462
MKC	KMKC	Charles B. Wheeler Downtown Airport	Kansas City	39.123199	-94.592796
MKE	KMKE	General Mitchell International Airport	Milwaukee	42.947201	-87.896599
MKG	KMKG	Muskegon County Airport	Muskegon	43.169498	-86.238197
MKH	FXMK	Mokhotlong Airport	Mokhotlong	-29.281799	29.072800
MKI	FEGE	M'Boki Airport	Mboki	5.333010	25.931900
MKJ	FCOM	Makoua Airport	Makoua	-0.020842	15.577746
MKK	PHMK	Molokai Airport	Kaunakakai	21.152901	-157.095993
MKL	KMKL	McKellar-Sipes Regional Airport	Jackson	35.599899	-88.915604
MKM	WBGK	Mukah Airport	Mukah	2.881944	112.043333
MKN	AYMV	Malekolon Airport	Babase Island	-4.023431	153.657278
MKO	KMKO	Muskogee-Davis Regional Airport	Muskogee	35.656502	-95.366699
MKP	NTGM	Makemo Airport	Makemo	-16.583900	-143.658005
MKQ	WAKK	Mopah International Airport	Merauke	-8.523898	140.419693
MKR	YMEK	Meekatharra Airport		-26.611700	118.547997
MKS	HAMA	Mekane Selam Airport	Mekane Selam	10.725400	38.741500
MKT	KMKT	Mankato Regional Airport	Mankato	44.224781	-93.919128
MKU	FOOK	Makokou Airport	Makokou	0.579211	12.890900
MKW	WAUU	Rendani Airport	Manokwari	-0.891833	134.048996
MKY	YBMK	Mackay Airport	Mackay	-21.170816	149.182588
MKZ	WMKM	Malacca International Airport	Malacca	2.265613	102.252778
MLA	LMML	Malta International Airport	Valletta	35.845932	14.491546
MLB	KMLB	Melbourne Orlando International Airport	Melbourne	28.102009	-80.641088
MLC	KMLC	Mc Alester Regional Airport	Mc Alester	34.882401	-95.783501
MLD	KMLD	Malad City Airport	Malad City	42.166599	-112.296997
MLE	VRMM	Velana International Airport	Malé	4.191830	73.529099
MLF	KMLF	Milford Municipal-Ben and Judy Briscoe Field	Milford	38.426601	-113.012001
MLG	WARA	Abdul Rachman Saleh Airport	Malang	-7.929099	112.714233
MLI	KMLI	Quad City International Airport	Moline	41.448502	-90.507500
MLJ	KMLJ	Baldwin County Regional Airport	Milledgeville	33.154202	-83.240701
MLK	KM75	Malta Airport	Malta	48.366901	-107.918999
MLL	PADM	Marshall Don Hunter Sr Airport	Marshall	61.864300	-162.026001
MLM	MMMM	General Francisco J. Mujica International Airport	Morelia	19.849899	-101.025002
MLN	GEML	Melilla Airport	Melilla	35.279800	-2.956260
MLO	LGML	Milos Airport	Milos Island	36.696899	24.476900
MLP	RPMM	Malabang Airport	Malabang	7.616911	124.057961
MLQ	AYMP	Malalaua Airport	Malalaua	-8.071389	146.155472
MLR	YMCT	Millicent Airport		-37.583599	140.365997
MLS	KMLS	Miles City Airport - Frank Wiley Field	Miles City	46.427268	-105.885372
MLT	KMLT	Millinocket Municipal Airport	Millinocket	45.647800	-68.685600
MLU	KMLU	Monroe Regional Airport	Monroe	32.510899	-92.037697
MLV	YMEU	Merluna Airport	Merluna	-13.064900	142.453600
MLW	GLMR	Spriggs Payne Airport	Monrovia	6.289060	-10.758700
MLX	LTAT	Malatya Erhaç Airport	Malatya	38.435299	38.091000
MLY	PAML	Manley Hot Springs Airport	Manley Hot Springs	64.991880	-150.644102
MLZ	SUMO	Cerro Largo International Airport	Melo	-32.337898	-54.216702
MMB	RJCM	Memanbetsu Airport	Ōzora	43.880600	144.164001
MMC	MMDM	Ciudad Mante Los Huastecas National Airport	Ciudad Mante	22.738957	-99.018516
MMD	ROMD	Minamidaito Airport	Minamidaito	25.846500	131.263000
MME	EGNV	Teesside International Airport	Darlington, Durham	54.509201	-1.429410
MMF	FKKF	Mamfe Airport	Mamfe	5.704170	9.306390
MMG	YMOG	Mount Magnet Airport		-28.116100	117.842003
MMH	KMMH	Mammoth Yosemite Airport	Mammoth Lakes	37.625381	-118.843060
MMI	KMMI	McMinn County Airport	Athens	35.397301	-84.562599
MMJ	RJAF	Shinshu-Matsumoto Airport	Matsumoto	36.166801	137.923004
MMK	ULMM	Emperor Nicholas II Murmansk Airport	Murmansk	68.781700	32.750801
MML	KMML	Southwest Minnesota Regional Airport - Marshall/Ryan Field	Marshall	44.450500	-95.821899
MMM	YMMU	Middlemount Airport		-22.801444	148.706796
MMN	6B6	Minute Man Air Field	Stow	42.460298	-71.519031
MMO	GVMA	Maio Airport	Vila do Maio	15.155900	-23.213699
MMP	SKMP	San Bernardo Airport	Santa Cruz de Mompóx	9.258348	-74.438393
MMQ	FLBA	Mbala Airport	Mbala	-8.859170	31.336399
MMS	KMMS	Selfs Airport	Marks	34.231499	-90.289597
MMT	KMMT	Mc Entire Joint National Guard Base	Eastover	33.920799	-80.801300
MMU	KMMU	Morristown Municipal Airport	Morristown	40.799062	-74.414949
MMV	MMV	Mal Airport	Mal Island	-1.391390	144.171310
MMX	ESMS	Malmö Sturup Airport	Malmö	55.535564	13.376327
MMY	ROMY	Miyako Airport	Miyakojima	24.782801	125.294998
MMZ	OAMN	Maymana Zahiraddin Faryabi Airport	Maymana	35.930801	64.760902
MNA	WAMN	Melangguane Airport	Karakelong Island	4.010334	126.673192
MNB	FZAG	Muanda Airport	Muanda	-5.930637	12.351334
MNC	FQNC	Nacala International Airport	Nacala	-14.488200	40.712200
MND	SK-217	Medina Airport	Medina	4.483687	-73.344739
MNE	YMUG	Mungeranie Airport	Mungeranie	-28.009199	138.656998
MNF	NFMA	Mana Island Airport	Mana Island	-17.672844	177.098500
MNG	YMGD	Maningrida Airport	Maningrida	-12.056100	134.233994
MNH	OM-0004	Mussanah Airport	Al Masna'ah	23.640556	57.487500
MNI	TRPG	John A. Osborne Airport	Gerald's Park	16.791835	-62.193204
MNJ	FMSM	Mananjary Airport	Mananjary	-21.201799	48.358299
MNK	NGMA	Maiana Airport	Maiana	1.003610	173.031006
MNL	RPLL	Ninoy Aquino International Airport	Manila (Pasay)	14.508600	121.019997
MNM	KMNM	Menominee–Marinette Twin County Airport	Menominee	45.126701	-87.638397
MNN	KMNN	Marion Municipal Airport	Marion	40.616199	-83.063499
MNO	FZRA	Manono Airport	Manono	-7.288890	27.394400
MNP	MNP	Maron Island Airport	Hermit Islands	-1.550403	145.017504
MNQ	YMTO	Monto Airport		-24.892267	151.101787
MNR	FLMG	Mongu Airport	Mongu	-15.254500	23.162300
MNS	FLMA	Mansa Airport	Mansa	-11.137000	28.872601
MNT	51Z	Minto Al Wright Airport	Minto	65.147991	-149.368658
MNU	VYMM	Mawlamyine Airport	Mawlamyine	16.444700	97.660698
MNV	YMVY	Mount Valley Airport		-14.083300	133.817001
MNW	YMDS	Macdonald Downs Airport		-22.444000	135.199005
MNX	SBMY	Manicoré Airport	Manicoré	-5.811380	-61.278301
MNY	AGGO	Mono Airport	Stirling Island	-7.416940	155.565002
MNZ	KHEF	Washington Manassas Harry P. Davis Field	Manassas	38.723021	-77.515422
MOA	MUMO	Orestes Acosta Airport	Moa	20.653900	-74.922203
MOB	KMOB	Mobile Regional Airport	Mobile	30.691200	-88.242798
MOC	SBMK	Mário Ribeiro Airport	Montes Claros	-16.706919	-43.818901
MOD	KMOD	Modesto City Co-Harry Sham Field	Modesto	37.625801	-120.954002
MOE	VYMO	Momeik Airport		23.092501	96.645302
MOF	WATC	Frans Xavier Seda Airport	Waioti	-8.639514	122.238135
MOG	VYMS	Mong Hsat Airport	Mong Hsat	20.516800	99.256798
MOH	WAFO	Maleo Airport	Morowali	-2.201143	121.662884
MOI	NCMR	Mitiaro Island Airport	Mitiaro Island	-19.842501	-157.703003
MOJ	SMMO	Moengo Airstrip	Moengo	5.607600	-54.400300
MOK	UZNM	Muynak Airport	Muynak	43.753636	59.029884
MOL	ENML	Molde Airport, Årø	Årø	62.744701	7.262500
MOM	GQNL	Letfotar Airport	Moudjeria	17.750000	-12.500000
MON	NZMC	Mount Cook Airport		-43.764999	170.132996
MOO	YOOM	Moomba Airport	Moomba	-28.099400	140.197006
MOP	KMOP	Mount Pleasant Municipal Airport	Mount Pleasant	43.621700	-84.737503
MOQ	FMMV	Morondava Airport	Morondava	-20.284700	44.317600
MOR	KMOR	Morristown Regional Airport	Morristown	36.179401	-83.375504
MOS	MOS	Moses Point Airport	Elim	64.694116	-162.060699
MOT	KMOT	Minot International Airport	Minot	48.258010	-101.279123
MOU	PAMO	Mountain Village Airport	Mountain Village	62.095402	-163.682007
MOV	YMRB	Moranbah Airport	Moranbah	-22.057800	148.076996
MOX	KMOX	Morris Municipal Airport Charlie Schmidt Field	Morris	45.566002	-95.967201
MOY	SK-109	Monterrey Airport	Monterrey	4.906926	-72.894809
MOZ	NTTM	Moorea Temae Airport	Moorea-Maiao	-17.489790	-149.761777
MPA	FYKM	Katima Mulilo Airport	Mpacha	-17.634258	24.176688
MPC	WIPU	Muko Muko Airport	Muko Muko	-2.541058	101.087651
MPD	OPMP	Sindhri Tharparkar Airport	Sindhri	25.682800	69.072800
MPF	AYPO	Mapoda Airport	Mapoda	-7.979000	143.169400
MPG	AYMJ	Makini Airport	Makini	-6.532222	147.651167
MPH	RPVE	Godofredo P. Ramos Airport	Caticlan	11.924500	121.954002
MPI	MPI	Mamitupu Airport	Mamitupu	9.185100	-77.984100
MPJ	KMPJ	Petit Jean Park Airport	Morrilton	35.138901	-92.909202
MPL	LFMT	Montpellier-Méditerranée Airport	Montpellier/Méditerranée	43.576199	3.963010
MPM	FQMA	Maputo Airport	Maputo	-25.920799	32.572601
MPN	EGYP	Mount Pleasant Airport / RAF Mount Pleasant	Mount Pleasant	-51.822642	-58.445777
MPO	KMPO	Pocono Mountains Municipal Airport	Mount Pocono	41.136025	-75.379572
MPP	PA-0011	Mulatupo Airport	Mulatupo	8.945487	-77.733486
MPR	KMPR	Mc Pherson Airport	Mc Pherson	38.352402	-97.691299
MPS	KOSA	Mount Pleasant Regional Airport	Mount Pleasant	33.095501	-94.961502
MPT	WPMN	Maliana Airport	Maliana	-8.972240	125.214996
MPU	AYMZ	Mapua(Mabua) Airport	Tatau Island	-2.811389	151.991111
MPV	KMPV	Edward F Knapp State Airport	Barre/Montpelier	44.203499	-72.562302
MPW	UKCM	Mariupol International Airport	Mariupol	47.076099	37.449600
MPX	AYIY	Miyanmin Airport	Miyanmin	-4.903056	141.620833
MPY	SOOA	Maripasoula Airport	Maripasoula	3.655907	-54.039431
MPZ	KMPZ	Mount Pleasant Municipal Airport	Mount Pleasant	40.946602	-91.511101
MQA	YMDI	Mandora Airport	Eighty Mile Beach	-19.737990	120.838180
MQB	KMQB	Macomb Municipal Airport	Macomb	40.520100	-90.652397
MQC	LFVM	Miquelon Airport	Miquelon	47.095501	-56.380299
MQD	SAVQ	Maquinchao Airport	Maquinchao	-41.243099	-68.707802
MQE	YMQA	Marqua Airport	Marqua	-22.805799	137.251007
MQF	USCM	Magnitogorsk International Airport	Magnitogorsk	53.391991	58.755235
MQG	FYMG	Midgard Airport	Midgard	-22.010600	17.370000
MQH	SBMC	Minaçu Airport	Minaçu	-13.549100	-48.195301
MQJ	UEMA	Moma Airport	Khonuu	66.450861	143.261551
MQK	SLTI	San Matías Airport	San Matías	-16.339199	-58.401901
MQL	YMIA	Mildura Airport	Mildura	-34.229198	142.085999
MQM	LTCR	Mardin Airport	Mardin	37.223301	40.631699
MQN	ENRA	Mo i Rana Airport, Røssvoll	Mo i Rana	66.363899	14.301400
MQO	AYMQ	Malam Airport	Malam	-8.709167	142.649722
MQP	FAKN	Kruger Mpumalanga International Airport	Mbombela	-25.383327	31.105325
MQQ	FTTD	Moundou Airport	Moundou	8.628503	16.074241
MQR	SK-365	Mosquera Airport	Mosquera	2.649550	-78.336100
MQS	TVSM	Mustique Airport	Lovell	12.887900	-61.180199
MQT	KSAW	Marquette/Sawyer International Airport	Gwinn	46.351498	-87.395884
MQU	SKQU	Mariquita Airport	Mariquita	5.212560	-74.883600
MQV	DA14	Mostaganem Airport	Sayada	35.905180	0.144539
MQW	KMQW	Telfair Wheeler Airport	Mc Rae	32.095798	-82.879997
MQX	HAMK	Mekele Alula Aba Nega Airport	Mekele	13.467400	39.533501
MQY	KMQY	Smyrna Airport	Smyrna	36.008999	-86.520103
MQZ	YMGT	Margaret River Airport		-33.930599	115.099998
MRA	HLMS	Misrata International Airport	Misrata	32.325001	15.061000
MRB	KMRB	Eastern WV Regional Airport/Shepherd Field	Martinsburg	39.401901	-77.984596
MRC	KMRC	Maury County Airport	Columbia/Mount Pleasant	35.554100	-87.178902
MRD	SVMD	Alberto Carnevalli Airport	Mérida	8.582078	-71.161041
MRE	HKMS	Mara Serena Lodge Airstrip	Serena	-1.404588	35.008349
MRF	KMRF	Marfa Municipal Airport	Marfa	30.369593	-104.015893
MRG	YMBA	Mareeba Airport	Mareeba	-17.070277	145.424228
MRH	AYRV	May River Airstrip	May River	-4.361500	141.785000
MRI	PAMR	Merrill Field	Anchorage	61.212792	-149.843988
MRK	KMKY	Marco Island Executive Airport	Marco Island	25.995001	-81.672501
MRM	AYMA	Manari Airport	Manari	-9.190800	147.621900
MRN	KMRN	Foothills Regional Airport	Morganton	35.820202	-81.611397
MRO	NZMS	Hood Airport	Masterton	-40.974634	175.634540
MRP	YALA	Marla Airport	Marla	-27.334298	133.627696
MRQ	RPUW	Marinduque Airport	Gasan	13.361000	121.825996
MRR	SEMA	Jose Maria Velasco Ibarra Airport	Macará	-4.378230	-79.941002
MRS	LFML	Marseille Provence Airport	Marignane, Bouches-du-Rhône	43.438088	5.212500
MRT	MRT	Moroak Airport	Moroak	-14.818133	133.700594
MRU	FIMP	Sir Seewoosagur Ramgoolam International Airport	Plaine Magnien	-20.430201	57.683601
MRV	URMM	Mineralnye Vody Airport	Mineralnyye Vody	44.225101	43.081902
MRW	EKMB	Lolland Falster Maribo Airport	Rødby	54.699447	11.438163
MRX	OIAM	Mahshahr Airport	Mahshahr	30.556200	49.151901
MRY	KMRY	Monterey Regional Airport	Monterey	36.586777	-121.844183
MRZ	YMOR	Moree Airport	Moree	-29.498899	149.845001
MSA	CZMD	Muskrat Dam Airport	Muskrat Dam	53.441399	-91.762802
MSC	KFFZ	Falcon Field	Mesa	33.460800	-111.727997
MSF	YMNS	Mount Swan Airport		-22.624696	135.034512
MSG	FXMA	Matsaile Airport	Matsaile	-29.840562	28.776680
MSH	OOMA	RAFO Masirah	Masirah	20.675400	58.890499
MSI	ID-MSI	Masalembo Airport	Masalembo Island	-5.583330	114.432999
MSJ	RJSM	Misawa Airport / Misawa Air Base	Misawa	40.703201	141.367996
MSK	SK-327	Morelia Airport	Puerto Gaitán	3.750453	-71.456137
MSL	KMSL	Northwest Alabama Regional Airport	Muscle Shoals	34.745123	-87.612981
MSM	FZCV	Masi Manimba Airport	Masi Manimba	-4.783000	17.850000
MSN	KMSN	Dane County Regional Truax Field	Madison	43.139900	-89.337502
MSO	KMSO	Missoula Montana Airport	Missoula	46.915816	-114.091107
MSP	KMSP	Minneapolis–Saint Paul International Airport / Wold–Chamberlain Field	Minneapolis	44.880081	-93.221741
MSQ	UMMS	Minsk National Airport	Minsk	53.888071	28.039964
MSR	LTCK	Muş Airport	Muş	38.747799	41.661201
MSS	KMSS	Massena International Airport Richards Field	Massena	44.936157	-74.844304
MST	EHBK	Maastricht Aachen Airport	Maastricht	50.911087	5.769401
MSU	FXMM	Moshoeshoe I International Airport	Maseru(Mazenod)	-29.456277	27.554456
MSV	KMSV	Sullivan County International Airport	Monticello	41.701596	-74.794997
MSW	HHMS	Massawa International Airport	Massawa	15.670000	39.370098
MSX	FCMM	Mossendjo Airport	Mossendjo	-2.950000	12.700000
MSY	KMSY	Louis Armstrong New Orleans International Airport	New Orleans	29.993401	-90.264673
MSZ	FNMO	Welwitschia Mirabilis International Airport	Moçâmedes	-15.261200	12.146800
MTA	NZMA	Matamata Glider Airport		-37.734402	175.742004
MTB	SKML	Montelibano Airport	Montelíbano	7.971740	-75.432500
MTC	KMTC	Selfridge Air National Guard Base Airport	Mount Clemens	42.613463	-82.836919
MTD	YMSF	Mount Sanford Station Airport		-16.978300	130.554993
MTE	SNMA	Monte Alegre Airport	Monte Alegre	-1.995800	-54.074200
MTF	HAMT	Mizan Teferi Airport	Mizan Teferi	6.957100	35.554700
MTG	BR-3150	Vila Bela da Santíssima Trindade Airport	Vila Bela Da Santíssima Trindade	-14.995499	-59.945662
MTH	KMTH	Florida Keys Marathon International Airport	Marathon	24.726006	-81.051380
MTI	GVMT	Mosteiros Airport	Vila do Mosteiros	15.045000	-24.339199
MTJ	KMTJ	Montrose Regional Airport	Montrose	38.509800	-107.893997
MTK	NGMN	Makin Island Airport	Makin Island	3.374440	172.992004
MTL	YMND	Maitland Airport		-32.701265	151.492912
MTN	KMTN	Martin State Airport	Baltimore	39.325699	-76.413803
MTO	KMTO	Coles County Memorial Airport	Mattoon	39.477901	-88.279198
MTP	KMTP	Montauk Airport	Montauk	41.076500	-71.920797
MTQ	YMIT	Mitchell Airport		-26.483299	147.936996
MTR	SKMR	Los Garzones Airport	Montería	8.823740	-75.825800
MTS	FDMS	Matsapha International Airport	Manzini	-26.528919	31.307577
MTT	MMMT	Minatitlán/Coatzacoalcos International Airport	Cosoleacaque	18.103399	-94.580704
MTU	MTU	Montepuez Airport	Montepuez	-13.121900	39.052799
MTV	NVSA	Mota Lava Airport	Ablow	-13.666000	167.712006
MTW	KMTW	Manitowoc County Airport	Manitowoc	44.127116	-87.681983
MTX	MTF	Metro Field	Fairbanks	64.806801	-147.761993
MTY	MMMY	Monterrey International Airport	Monterrey	25.778521	-100.106989
MTZ	LLMZ	Bar Yehuda Airfield	Masada	31.328199	35.388599
MUA	AGGM	Munda Airport	Munda	-8.327970	157.263000
MUB	FBMN	Maun International Airport	Maun	-19.970491	23.431409
MUC	EDDM	Munich Airport	Munich	48.353802	11.786100
MUD	FQMD	Mueda Airport	Mueda	-11.672900	39.563099
MUE	PHMU	Waimea Kohala Airport	Waimea (Kamuela)	20.001301	-155.667999
MUG	MMMG	Mulege Airport	Mulege	26.905347	-111.970725
MUH	HEMM	Mersa Matruh International Airport	Marsa Matruh	31.324313	27.222270
MUI	KMUI	Muir Army Air Field (Fort Indiantown Gap) Airport	Fort Indiantown Gap(Annville)	40.435214	-76.568661
MUJ	HAMR	Mui River Airport	Omo National Park	5.864600	35.748500
MUK	NCMK	Mauke Airport	Mauke Island	-20.136101	-157.345001
MUL	KMUL	Spence Airport	Moultrie	31.141569	-83.703718
MUM	MV-0013	Muli Airport	Muli	2.911389	73.583611
MUN	SVMT	José Tadeo Monagas International Airport	Maturín	9.749023	-63.153348
MUO	KMUO	Mountain Home Air Force Base	Mountain Home	43.043598	-115.872002
MUP	YMUP	Mulga Park Airport		-25.860001	131.649994
MUQ	YMUC	Muccan Station Airport	Muccan Station	-20.658899	120.067001
MUR	WBGM	Marudi Airport	Marudi	4.178734	114.330318
MUS	RJAM	JMSDF Minami Torishima Air Base	Ogasawara	24.289700	153.979004
MUT	KMUT	Muscatine Municipal Airport	Muscatine	41.367803	-91.148201
MUU	SIRI	Barra Grande Airport	Maraú	-13.906082	-38.940804
MUW	DAOV	Ghriss Airport	Ghriss	35.207699	0.147142
MUX	OPMT	Multan International Airport	Multan	30.203199	71.419098
MUY	FCBM	Mouyondzi Airport	Mouyondzi	-4.014874	13.966112
MUZ	HTMU	Musoma Airport	Musoma	-1.503000	33.802100
MVA	BIRL	Mývatn Airport	Myvatn	65.655800	-16.918100
MVB	FOON	M'Vengue El Hadj Omar Bongo Ondimba International Airport	Franceville	-1.656160	13.438000
MVC	KMVC	Monroe County Aeroplex Airport	Monroeville	31.458000	-87.350996
MVD	SUMU	Carrasco General Cesáreo L. Berisso International Airport	Ciudad de la Costa	-34.835647	-56.026497
MVE	KMVE	Montevideo Chippewa County Airport	Montevideo	44.969101	-95.710297
MVF	SBMS	Dix-Sept Rosado Airport	Mossoró	-5.201920	-37.364300
MVK	YMUK	Mulka Airport	Mulka	-28.347799	138.649994
MVL	KMVL	Morrisville-Stowe State Airport	Morrisville	44.534599	-72.613998
MVM	K0V7	Kayenta Airport	Kayenta	36.716444	-110.228444
MVN	KMVN	Mount Vernon Outland Airport	Mount Vernon	38.322774	-88.859257
MVO	FTTM	Mongo Airport	Mongo	12.170480	18.675642
MVP	SKMU	Fabio Alberto Leon Bentley Airport	Mitú	1.253660	-70.233900
MVQ	UMOO	Mogilev Airport	Mogilev	53.954899	30.095100
MVR	FKKL	Salak Airport	Maroua	10.451400	14.257400
MVS	SNMU	Mucuri Airport	Mucuri	-18.048901	-39.864321
MVT	NTGV	Mataiva Airport		-14.868100	-148.716995
MVU	YMGV	Musgrave Airport	Musgrave	-14.775700	143.504700
MVV	LFHM	Megève Altiport	Megève	45.823005	6.649406
MVW	KBVS	Skagit Regional Airport	Burlington	48.470901	-122.420998
MVX	FOGV	Minvoul Airport	Minvoul	2.152413	12.108044
MVY	KMVY	Martha's Vineyard Airport	Martha's Vineyard	41.393101	-70.614304
MVZ	FVMV	Masvingo International Airport	Masvingo	-20.055300	30.859100
MWA	KMWA	Veterans Airport of Southern Illinois	Marion	37.751208	-89.016568
MWB	YMRW	Morawa Airport		-29.201700	116.022003
MWC	KMWC	Lawrence J Timmerman Airport	Milwaukee	43.110401	-88.034401
MWD	OPMI	Mianwali Air Base	Mianwali	32.563099	71.570702
MWE	HSMN	Merowe Airport	Merowe	18.443333	31.843333
MWF	NVSN	Maewo-Naone Airport	Maewo Island	-14.997222	168.081111
MWG	AYMW	Marawaka Airport	Marawaka	-6.973600	145.884900
MWH	KMWH	Grant County International Airport	Moses Lake	47.207699	-119.320000
MWI	AYRM	Maramuni Airport	Maramuni	-5.130000	143.482900
MWJ	SYMR	Matthews Ridge Airport	Matthews Ridge	7.487736	-60.185237
MWK	WIDM	Matak Airport	Palmatak	3.348120	106.258003
MWL	KMWL	Mineral Wells Regional Airport	Mineral Wells	32.781601	-98.060204
MWM	KMWM	Windom Municipal Airport	Windom	43.913399	-95.109398
MWN	HTMD	Mwadui Airport	Mwadui	-3.521332	33.615542
MWO	KMWO	Middletown Regional Airport	Middletown	39.530998	-84.395302
MWQ	VYMW	Magway Airport	Magway	20.165600	94.941399
MWR	MWR	Motswari Airport	Motswari Private Game Reserve	-24.190300	31.386400
MWS	WAMP	Indonesia Morowali Industrial Park (IMIP) Airport	Morowali	-2.799322	122.141385
MWT	YMWT	Moolawatana Airport	Moolawatana Station	-29.906900	139.765000
MWU	MWU	Mussau Airport	Mussau Island	-1.450000	149.700000
MWV	VDMK	Mondulkiri Airport	Sen Monorom	12.464562	107.188039
MWX	RKJB	Muan International Airport	Muan (Piseo-ri)	34.991406	126.382814
MWY	YMIR	Miranda Downs Airport	Miranda Downs	-17.328899	141.886002
MWZ	HTMW	Mwanza International Airport	Mwanza	-2.446563	32.936049
MXA	KMXA	Manila Municipal Airport	Manila	35.894402	-90.154602
MXB	WAFM	Andi Jemma Airport	Masamba	-2.558031	120.324342
MXC	MXC	Monticello Airport	Monticello	37.932430	-109.341225
MXD	YMWX	Marion Downs Airport	Marion Downs	-23.363702	139.649663
MXE	KMEB	Laurinburg Maxton Airport	Maxton	34.791901	-79.365799
MXF	KMXF	Maxwell Air Force Base	Montgomery	32.382900	-86.365799
MXH	AYMR	Moro Airport	Moro	-6.363330	143.238007
MXI	RPMQ	Mati National Airport	Mati	6.949091	126.273680
MXJ	DNMN	Minna Airport	Minna	9.652170	6.462260
MXK	AYMI	Mindik Airport	Mindik	-6.471667	147.441139
MXL	MMML	General Rodolfo Sánchez Taboada International Airport	Mexicali	32.630629	-115.242805
MXM	FMSR	Morombe Airport	Morombe	-21.753837	43.374753
MXN	LFRU	Morlaix-Ploujean Airport	Morlaix/Ploujean	48.603199	-3.815780
MXO	KMXO	Monticello Regional Airport	Monticello	42.220402	-91.163300
MXP	LIMC	Milan Malpensa International Airport	Ferno (VA)	45.630600	8.728110
MXQ	SNCL	Lorenzo Airport	Cairu	-13.389444	-38.910000
MXR	UA-0049	Myrhorod Air Base	Myrhorod	49.932000	33.641000
MXS	NSMA	Maota Airport	Maota	-13.742300	-172.257996
MXT	FMMO	Maintirano Airport	Maintirano	-18.049999	44.033001
MXU	YMWA	Mullewa Airport		-28.475000	115.516998
MXV	ZMMN	Mörön Airport	Mörön	49.663677	100.100028
MXW	ZMMG	Mandalgobi Airport	Mandalgobi	45.738098	106.268997
MXX	ESKM	Mora Airport	Mora	60.957901	14.511400
MXY	PAMX	Mc Carthy Airport	Mccarthy	61.437099	-142.904007
MXZ	ZGMX	Meizhou Meixian Changgangji International Airport	Meizhou (Meixian)	24.263425	116.097857
MYA	YMRY	Moruya Airport	Moruya	-35.897800	150.143997
MYB	FOOY	Mayumba Airport	Mayumba	-3.458372	10.676539
MYC	SVBS	Escuela Mariscal Sucre Airport	Maracay	10.249978	-67.649422
MYD	HKML	Malindi International Airport	Malindi	-3.229310	40.101700
MYE	RJTQ	Miyakejima Airport	Miyakejima	34.073601	139.559998
MYF	KMYF	Montgomery-Gibbs Executive Airport	San Diego	32.815700	-117.139999
MYG	MYMM	Mayaguana Airport	Abraham Bay Settlement	22.379499	-73.013494
MYH	KL41	Marble Canyon Airport	Marble Canyon	36.812500	-111.647003
MYI	YMAE	Murray Island Airport	Murray Island	-9.915105	144.054644
MYJ	RJOM	Matsuyama Airport	Matsuyama	33.826893	132.700114
MYK	MYK	May Creek Airport	May Creek	61.335701	-142.686996
MYL	KMYL	McCall Municipal Airport	McCall	44.888837	-116.101112
MYM	SYMM	Monkey Mountain Airport	Monkey Mountain	4.452267	-59.603126
MYN	OYMB	Marib Airport	Marib	15.469228	45.327272
MYO	YMYR	Myroodan Station Airport		-18.123996	124.270261
MYP	UTAM	Mary International Airport	Mary	37.623530	61.895668
MYQ	VOMY	Mysore Airport	Mysore	12.229751	76.653683
MYR	KMYR	Myrtle Beach International Airport	Myrtle Beach	33.679699	-78.928299
MYS	MYS	Moyale Airport	Moyale	3.562300	39.043300
MYT	VYMK	Myitkyina Airport	Myitkyina	25.383600	97.351898
MYU	PAMY	Mekoryuk Airport	Mekoryuk	60.372338	-166.269751
MYV	KMYV	Yuba County Airport	Marysville	39.097801	-121.570000
MYW	HTMT	Mtwara Airport	Mtwara	-10.336204	40.181997
MYX	AYMC	Menyamya Airport	Menyamya	-7.211667	146.019361
MYY	WBGR	Miri Airport	Miri	4.322010	113.987000
MYZ	FWMY	Monkey Bay Airport	Monkey Bay	-14.083600	34.919701
MZA	SPMF	Mayor PNP Nancy Flores Paucar Airport	Mazamari	-11.325400	-74.535598
MZB	FQMP	Mocímboa da Praia Airport	Mocímboa da Praia	-11.361800	40.354900
MZC	FOOM	Mitzic Airport	Mitzic	0.783000	11.550000
MZD	EC-MZD	Méndez Airport	Santiago de Méndez	-2.733330	-78.316704
MZE	MZE	Manatee Airport	Spanish Lookout	17.278460	-89.023800
MZG	RCQC	Penghu Magong Airport	Huxi	23.568701	119.627998
MZH	LTAP	Amasya Merzifon Airport	Amasya	40.829399	35.521999
MZI	GAMB	Mopti Airport	Sévaré	14.512800	-4.079560
MZJ	KMZJ	Pinal Airpark	Marana	32.510601	-111.328003
MZK	NGMK	Marakei Airport	Marakei	2.058610	173.270996
MZL	SKMZ	La Nubia Airport	Manizales	5.029600	-75.464700
MZN	PG-0035	Minj Airport	Minj	-5.902962	144.686586
MZO	MUMZ	Sierra Maestra International Airport	Manzanillo	20.288605	-77.087545
MZP	NZMK	Motueka Airport		-41.123299	172.988998
MZQ	FAMU	Mkuze Airport	Mkuze	-27.626101	32.044300
MZR	OAMS	Mazar-i-Sharif International Airport	Mazar-i-Sharif	36.704120	67.210459
MZS	VIMB	Moradabad Airport	Moradabad	28.817460	78.921870
MZT	MMMZ	General Rafael Buelna International Airport	Mazatlàn	23.162823	-106.264517
MZU	VEMZ	Muzaffarpur Airport	Muzaffarpur	26.119101	85.313698
MZV	WBMU	Mulu Airport	Mulu	4.048330	114.805000
MZW	DAAY	Mecheria Airport	Mecheria	33.535900	-0.242353
MZY	FAMO	Mossel Bay Airport	Mossel Bay	-34.158746	22.055676
MZZ	KMZZ	Marion Municipal Airport	Marion	40.489899	-85.679703
NAA	YNBR	Narrabri Airport	Narrabri	-30.319201	149.826996
NAC	YNRC	Naracoorte Airport		-36.985298	140.725006
NAD	SK-223	Macanal Airport	Macanal	2.808967	-67.621683
NAE	DBBN	Natitingou Airport	Natitingou	10.376965	1.360507
NAF	ID-NAF	Banaina Airport	Banaina-Borneo Island	2.723050	117.125999
NAG	VANP	Dr. Babasaheb Ambedkar International Airport	Nagpur	21.092199	79.047203
NAH	WAMH	Naha Airport	Tabukan Utara, Sangihe Islands	3.684780	125.527162
NAI	SYAN	Annai Airport	Annai	3.959440	-59.124199
NAJ	UBBN	Nakhchivan International Airport	Nakhchivan	39.188801	45.458401
NAK	VTUQ	Nakhon Ratchasima Airport	Chaloem Phra Kiat	14.949500	102.313004
NAL	URMN	Nalchik Airport	Nalchik	43.512901	43.636600
NAM	WAPN	Namniwel Airport	Namniwel	-3.143159	126.976469
NAN	NFFN	Nadi International Airport	Nadi	-17.761822	177.437843
NAO	ZUNC	Nanchong Gaoping Airport	Nanchong (Gaoping)	30.798104	106.164150
NAP	LIRN	Naples International Airport	Napoli	40.886002	14.290800
NAQ	BGQQ	Qaanaaq Airport	Qaanaaq	77.488602	-69.388702
NAR	SKPN	Puerto Nare Airport	Armenia	6.210020	-74.590600
NAS	MYNN	Lynden Pindling International Airport	Nassau	25.039000	-77.466202
NAT	SBSG	Rio Grande do Norte/São Gonçalo do Amarante–Governador Aluízio Alves International Airport	Natal	-5.769822	-35.366610
NAU	NTGN	Napuka Island Airport	Napuka Island	-14.177397	-141.266112
NAV	LTAZ	Nevşehir Kapadokya Airport	Nevşehir	38.771900	34.534500
NAW	VTSC	Narathiwat Airport		6.519920	101.742996
NAY	ZBNY	Beijing Nanyuan Airport	Beijing	39.782158	116.386299
NAZ	AGNA	Nana Airport	Star Harbor	-10.675800	162.204900
NBA	AYNY	Nambaiyufa Airport	Nambaiyufa	-6.241200	145.242400
NBB	SKBM	Barranco Minas Airport	Barranco Minas	3.490691	-69.808151
NBC	UWKE	Begishevo Airport	Nizhnekamsk	55.564701	52.092499
NBE	DTNH	Enfidha - Hammamet International Airport	Enfidha	36.075833	10.438611
NBG	KNBG	New Orleans NAS JRB/Alvin Callender Field	New Orleans	29.825300	-90.035004
NBH	YNHS	Nambucca Heads Airport	Nambucca Heads	-30.673058	152.984233
NBJ	FNBJ	Dr. Antonio Agostinho Neto International Airport	Luanda (Ícolo e Bengo)	-9.050734	13.499078
NBL	MPWN	Wannukandi Airport	San Blas	9.273476	-78.139848
NBN	FGAN	Annobón Airport	San Antonio de Palé	-1.408615	5.624163
NBO	HKJK	Jomo Kenyatta International Airport	Nairobi	-1.318886	36.928233
NBS	ZYBS	Changbaishan Airport	Baishan	42.066944	127.602222
NBW	MUGM	Leeward Point Field	Guantanamo Bay Naval Station	19.906500	-75.207100
NBX	WABI	Douw Aturure Airport	Nabire	-3.397973	135.393071
NCA	MBNC	North Caicos Airport	North Caicos	21.916094	-71.942954
NCE	LFMN	Nice-Côte d'Azur Airport	Nice, Alpes-Maritimes	43.658401	7.215870
NCG	MMCG	Aeropuerto Municipal de Nuevo Casas Grandes	Nuevo Casas Grandes	30.397400	-107.875000
NCH	HTNA	Nachingwea Airport	Nachingwea	-10.357500	38.779202
NCI	SKNC	Necocli Airport	Necocli	8.454429	-76.779326
NCJ	SAFS	Sunchales Aeroclub Airport	Sunchales	-30.957500	-61.528300
NCL	EGNT	Newcastle International Airport	Newcastle upon Tyne, Tyne and Wear	55.037958	-1.689577
NCN	PFCB	Chenega Bay Airport	Chenega	60.077602	-147.994680
NCO	KOQU	Quonset State Airport	North Kingstown	41.597099	-71.412102
NCR	MNSC	San Carlos Airport	San Carlos	11.135560	-84.768727
NCS	FANC	Newcastle Airport	Newcastle	-27.770599	29.976900
NCT	MRNC	Guanacaste Airport	Nicoya/Guanacate	10.139400	-85.445801
NCU	UZNN	Nukus International Airport	Nukus	42.488400	59.623299
NCY	LFLP	Annecy Meythet airport	Annecy	45.928947	6.098700
NDA	WAPC	Bandanaira Airport	Bandanaira	-4.521400	129.905400
NDB	GQPP	Nouadhibou International Airport	Nouadhibou	20.932404	-17.030199
NDC	VAND	Nanded Airport	Nanded	19.183300	77.316704
NDD	FNSU	Sumbe Airport	Sumbe	-11.167900	13.847500
NDE	HKMA	Mandera Airport	Mandera	3.933816	41.844114
NDF	AO-NDF	N'dalatando Airport	N'dalatando	-9.280378	14.982432
NDG	ZYQQ	Qiqihar Sanjiazi Airport	Qiqihar	47.229969	123.914179
NDI	AYNJ	Namudi Airport	Namudi	-9.473750	148.329417
NDJ	FTTJ	N'Djamena International Airport	N'Djamena	12.133700	15.034000
NDK	MH-NDK	Namorik Airport	Namorik Atoll	5.633005	168.125631
NDL	FEFN	N'Délé Airport	N'Délé	8.427206	20.635157
NDM	HAMN	Mendi Airport	Mendi	9.767000	35.099998
NDN	AYNC	Nadunumu Airport	Nadunumu	-9.143556	147.684250
NDR	GMMW	Nador Al Aaroui International Airport	Al Aaroui	34.988800	-3.028210
NDS	YSAN	Sandstone Airport	Sandstone	-27.980000	119.296997
NDU	FYRU	Rundu Airport	Rundu	-17.956499	19.719400
NDY	EGES	Sanday Airport	Sanday	59.250301	-2.576670
NEC	SAZO	Necochea Airport	Necochea	-38.490746	-58.816337
NEG	MKNG	Negril Airport	Negril	18.341712	-78.334164
NEI	UHWT	Terney Airport	Terney	45.082500	136.591200
NEJ	HANJ	Nejjo Airport	Nejo	9.550000	35.466995
NEK	HANK	Nekemte Airport	Nekemte	9.034333	36.613154
NEL	KNEL	Lakehurst Maxfield Field Airport	Lakehurst	40.033298	-74.353302
NEN	KNEN	Whitehouse Naval Outlying Field	Jacksonville	30.353901	-81.871902
NER	UELL	Chulman Airport	Neryungri	56.913898	124.914001
NEU	VLSN	Sam Neua Airport		20.418400	104.067001
NEV	TKPN	Vance W. Amory International Airport	Charlestown	17.205700	-62.589901
NEW	KNEW	Lakefront Airport	New Orleans	30.042400	-90.028297
NFG	USRN	Nefteyugansk Airport	Nefteyugansk	61.108299	72.650002
NFL	KNFL	Fallon Naval Air Station	Fallon	39.416599	-118.700996
NFO	NFTO	Mata'aho Airport	Angaha, Niuafo'ou Island	-15.570603	-175.631283
NFR	HLNR	Nafurah 1 Airport	Nafurah 1	29.213200	21.592400
NGA	YYNG	Young Airport		-34.255576	148.247118
NGB	ZSNB	Ningbo Lishe International Airport	Ningbo	29.826700	121.461998
NGD	TUPA	Captain Auguste George Airport	Anegada	18.727734	-64.328520
NGE	FKKN	N'Gaoundéré Airport	N'Gaoundéré	7.357010	13.559200
NGF	PHNG	Kaneohe Bay MCAS (Marion E. Carl Field) Airport	Kaneohe	21.450500	-157.768005
NGI	NFNG	Ngau Airport	Ngau	-18.115601	179.339996
NGK	UHSN	Nogliki Airport	Nogliki	51.783955	143.141785
NGL	FANG	Ngala Airport	Ngala	-24.389000	31.326000
NGO	RJGG	Chubu Centrair International Airport	Tokoname	34.858398	136.804993
NGP	KNGP	Naval Air Station Corpus Christi Truax Field	Corpus Christi	27.692600	-97.291100
NGQ	ZUAL	Ngari Gunsa Airport	Shiquanhe	32.097940	80.053971
NGS	RJFU	Nagasaki Airport	Nagasaki	32.916901	129.914001
NGU	KNGU	Norfolk Naval Station (Chambers Field)	Norfolk	36.937599	-76.289299
NGW	KNGW	Cabaniss Field Naval Outlying Landing Field	Corpus Christi	27.704426	-97.440578
NGX	VNMA	Manang Airport	Ngawal	28.641399	84.089203
NHD	OMDM	Al Minhad Air Base	Dubai	25.026800	55.366199
NHF	HSNW	New Halfa Airport	New Halfa	15.355600	35.727798
NHK	KNHK	Patuxent River Naval Air Station (Trapnell Field)	Patuxent River	38.285999	-76.411797
NHT	EGWU	RAF Northolt	Northolt, Greater London	51.553001	-0.418167
NHV	NTMD	Nuku Hiva Airport	Nuku Hiva	-8.795600	-140.229004
NHX	KNBJ	Naval Outlying Field Barin	Foley	30.389099	-87.635300
NHZ	KBXM	Brunswick Executive Airport	Brunswick	43.892200	-69.938599
NIA	GLNA	Nimba Airport	Nimba	7.494459	-8.584514
NIB	PAFS	Nikolai Airport	Nikolai	63.017949	-154.360399
NIF	YCNF	Camp Nifty Airport		-21.671700	121.586998
NIG	NGNU	Nikunau Airport	Nikunau	-1.314440	176.410004
NIK	NIK	Niokolo-Koba Airport	Niokolo-Koba National Park	13.052014	-12.727162
NIM	DRRN	Diori Hamani International Airport	Niamey	13.481500	2.183610
NIN	NIN	Ninilchik Airport	Ninilchik	60.020199	-151.589005
NIO	FZBI	Nioki Airport	Nioki	-2.717453	17.685735
NIP	KNIP	Jacksonville Naval Air Station (Towers Field)	Jacksonville	30.235800	-81.680603
NIR	1XA2	Chase Field Industrial Airport	Beeville	28.362444	-97.661917
NIS	AYSE	Simberi Airport	Simberi Island	-2.662222	151.997778
NIT	LFBN	Niort - Marais Poitevin Airport	Niort/Souché	46.313477	-0.394529
NIU	NTKN	Naiu Airport	Naiu Atoll	-16.119296	-146.368768
NIX	GANR	Nioro du Sahel Airport	Nioro du Sahel	15.238100	-9.576110
NJA	RJTA	JMSDF Atsugi Air Base / Naval Air Facility Atsugi	Ayase / Yamato	35.454601	139.449997
NJC	USNN	Nizhnevartovsk Airport	Nizhnevartovsk	60.949299	76.483597
NJF	ORNI	Al Najaf International Airport	Najaf	31.991116	44.405019
NJJ	NJJ	Nenjiang Melgen Airport	Heihe	49.236372	125.337052
NJK	KNJK	El Centro NAF Airport (Vraciu Field)	El Centro	32.829201	-115.671996
NKA	GA-0005	Nkan Airstrip	Ntoum	0.384300	9.753640
NKB	YNKA	Noonkanbah Airport		-18.494699	124.851997
NKC	GQNO	Nouakchott–Oumtounsy International Airport	Nouakchott	18.310000	-15.969722
NKD	WABS	Sinak Airport	Sinak	-3.822249	137.839208
NKG	ZSNJ	Nanjing Lukou International Airport	Nanjing	31.735032	118.865949
NKL	FZAR	N'Kolo-Fuma Airport	N'Kolo-Fuma	-5.421000	14.816900
NKM	RJNA	Nagoya Airport / JASDF Komaki Air Base	Nagoya	35.255759	136.924095
NKN	AYNA	Nankina Airport	Gwarawon	-5.837000	146.453300
NKO	MG-0020	Ankokoambo Airport	Ankokoambo	-16.594919	44.453654
NKP	NTKU	Nukutepipi Airport	Nukutepipi	-20.700054	-143.045933
NKT	LTCV	Şırnak Şerafettin Elçi Airport	Şırnak	37.364700	42.058200
NKU	FXNK	Nkaus Airport	Nkaus	-30.021700	28.196899
NKW	FJDG	Naval Support Facility Diego Garcia	Diego Garcia	-7.313270	72.411102
NKX	KNKX	Miramar Marine Corps Air Station - Mitscher Field	San Diego	32.868401	-117.142998
NKY	FCBY	Yokangassi Airport	Nkayi	-4.223077	13.286347
NLA	FLSK	Simon Mwansa Kapwepwe International Airport	Ndola	-12.965130	28.515624
NLC	KNLC	Lemoore Naval Air Station (Reeves Field) Airport	Lemoore	36.333000	-119.952004
NLD	MMNL	Quetzalcóatl International Airport	Nuevo Laredo	27.443899	-99.570503
NLE	K3TR	Jerry Tyler Memorial Airport	Niles	41.835899	-86.225197
NLF	YDNI	Darnley Island Airport	Darnley Island	-9.579176	143.780276
NLG	PAOU	Nelson Lagoon Airport	Nelson Lagoon	56.007500	-161.160004
NLH	ZPNL	Ninglang Luguhu Airport	Ninglang	27.540300	100.759300
NLI	UHNN	Nikolayevsk-na-Amure Airport	Nikolayevsk-na-Amure Airport	53.154999	140.649994
NLK	YSNF	Norfolk Island International Airport	Burnt Pine	-29.041759	167.939474
NLL	YNUL	Nullagine Airport		-21.913300	120.197998
NLN	O19	Kneeland Airport	Kneeland	40.718639	-123.927298
NLO	FZAB	Ndolo Airport	N'dolo	-4.326660	15.327500
NLP	FANS	Nelspruit Airport	Nelspruit	-25.500000	30.913799
NLS	YNIC	Nicholson Airport		-18.049999	128.899994
NLT	ZWNL	Xinyuan Nalati Airport	Xinyuan	43.431800	83.378600
NLU	MMSM	Felipe Ángeles International Airport	Mexico City	19.743824	-99.015070
NMA	UZFN	Namangan International Airport	Namangan	40.984622	71.557800
NMB	VADN	Daman Airport	Daman	20.434401	72.843201
NMC	MYEN	Normans Cay Airport	Normans Cay	24.594299	-76.820198
NME	PAGT	Nightmute Airport	Nightmute	60.469129	-164.704070
NMF	VRDA	Maafaru International Airport	Noonu Atoll	5.817407	73.468404
NMG	PA-0017	San Miguel Airport	Isla del Rey	8.456507	-78.934214
NMI	VANM	Navi Mumbai International Airport	Navi Mumbai	18.984597	73.065253
NML	CER4	Fort McMurray / Mildred Lake Airport	Fort McMurray	57.055599	-111.573997
NMN	AYNO	Nomane Airport	Namane	-6.321830	145.070667
NMP	YNMN	New Moon Airport	Basalt	-19.200000	145.773000
NMR	YNAP	Nappa Merrie Airport		-27.549201	141.158416
NMS	VYNS	Namsang Airport	Namsang	20.890499	97.735901
NMT	VYNU	Namtu Airport	Namtu	23.083000	97.383003
NNA	GMMP	Kenitra Air Base	Kenitra	34.298901	-6.595880
NNB	AGGT	Santa Ana Airport	Santa Ana Island	-10.847994	162.454108
NND	NND	Nangade Airport	Nangade	-11.073000	39.680000
NNG	ZGNN	Nanning Wuxu International Airport	Nanning (Jiangnan)	22.598071	108.181922
NNI	FYNA	Namutoni Airport	Namutoni	-18.806400	16.927200
NNK	5NK	Naknek Airport	Naknek	58.735633	-157.022160
NNL	PANO	Nondalton Airport	Nondalton	59.980202	-154.839005
NNM	ULAM	Naryan Mar Airport	Naryan Mar	67.639999	53.121899
NNR	EICA	Connemara Regional Airport	Inverin	53.230301	-9.467780
NNT	VTCN	Nan Airport		18.807899	100.782997
NNU	SNNU	Nanuque Airport	Nanuque	-17.823158	-40.329662
NNX	WAQA	Nunukan Airport	Nunukan-Nunukan Island	4.134001	117.669546
NNY	ZHNY	Nanyang Jiangying Airport	Nanyang (Wancheng)	32.982696	112.617467
NOA	YSNW	Naval Air Station Nowra - HMAS Albatross	Nowra Hill	-34.946600	150.542451
NOB	MRNS	Nosara Airport	Nicoya	9.976490	-85.653000
NOC	EIKN	Ireland West Airport Knock	Charlestown	53.910439	-8.817002
NOD	EDWS	Norden-Norddeich Airport	Norddeich	53.633057	7.190278
NOG	MMNG	Nogales International Airport	Nogales	31.225756	-110.976934
NOI	RU-0089	Krymsk Air Base	Krymsk	44.962905	37.999071
NOJ	USRO	Noyabrsk Airport	Noyabrsk	63.183300	75.269997
NOK	SWXV	Xavantina Airport	Nova Xavantina	-14.697778	-52.347246
NOM	NOM	Nomad River Airport	Nomad River	-6.294000	142.234167
NON	NGTO	Nonouti Airport	Nonouti	-0.639722	174.427994
NOO	NOO	Naoro Airport	Naoro Vilage	-9.254455	147.621352
NOP	LTCM	Sinop Airport	Sinop	42.018313	35.071774
NOR	BINF	Norðfjörður Airport	Norðfjörður	65.131897	-13.746400
NOS	FMNN	Nosy Be International Airport	Nosy Be	-13.312100	48.314800
NOT	KDVO	Marin County Airport - Gnoss Field	Novato	38.143600	-122.556000
NOU	NWWW	La Tontouta International Airport	Nouméa (La Tontouta)	-22.014601	166.212997
NOV	FNHU	Albano Machado Airport	Huambo	-12.808900	15.760500
NOZ	UNWW	Spichenkovo Airport	Novokuznetsk	53.811401	86.877197
NPA	KNPA	Naval Air Station Pensacola Forrest Sherman Field	Pensacola	30.352699	-87.318604
NPE	NZNR	Hawke's Bay Airport	Napier	-39.465801	176.869995
NPG	NPG	Nipa Airport	Nipa	-6.145400	143.453100
NPH	KU14	J. Randy McKnight Nephi Municipal Airport	Nephi	39.736810	-111.870063
NPL	NZNP	New Plymouth Airport	New Plymouth	-39.008598	174.179001
NPO	WIOG	Nanga Pinoh Airport	Nanga Pinoh-Borneo Island	-0.348640	111.746155
NPP	YNPB	Napperby Airport	Napperby	-22.531200	132.763200
NPR	SJNP	Novo Progresso Airport	Novo Progresso	-7.125833	-55.400833
NPT	KUUU	Newport State Airport	Newport	41.532207	-71.281039
NPU	SK-021	San Pedro Airport	San Pedro de Urabá	8.289325	-76.375006
NPY	HTMP	Mpanda Airport	Mpanda	-6.355374	31.084116
NQA	KNQA	Millington-Memphis Airport	Millington	35.356701	-89.870300
NQI	KNQI	Kingsville Naval Air Station	Kingsville	27.507200	-97.809700
NQL	SWNQ	Niquelândia Airport	Niquelândia	-14.434869	-48.491615
NQN	SAZN	Presidente Perón International Airport	Neuquén	-38.949001	-68.155701
NQT	EGBN	Nottingham City Airport	Nottingham, Nottinghamshire	52.919998	-1.079170
NQU	SKNQ	Reyes Murillo Airport	Nuquí	5.710348	-77.261868
NQX	KNQX	Naval Air Station Key West/Boca Chica Field	Key West	24.575800	-81.688904
NQY	EGHQ	Cornwall Airport Newquay	Newquay	50.440601	-4.995410
NQZ	UACC	Nursultan Nazarbayev International Airport	Astana	51.027035	71.467094
NRA	YNAR	Narrandera Airport	Narrandera	-34.702202	146.511993
NRB	KNRB	Naval Station Mayport / Admiral David L McDonald Field	Jacksonville	30.391100	-81.424698
NRD	EDWY	Norderney Airport	Norderney	53.706944	7.230000
NRE	WAPG	Namrole Airport	Namrole	-3.855220	126.700902
NRG	YNRG	Narrogin Airport	Narrogin	-32.930000	117.080002
NRI	K3O9	Grand Lake Regional Airport	Afton	36.577599	-94.861900
NRK	ESSP	Norrköping Airport	Norrköping	58.586300	16.250601
NRL	EGEN	North Ronaldsay Airport	North Ronaldsay	59.367500	-2.434440
NRM	GANK	Nara Airport	Keibane	15.229130	-7.261965
NRN	EDLV	Weeze (Niederrhein) Airport	Weeze	51.601362	6.141228
NRR	TJRV	José Aponte de la Torre Airport	Ceiba	18.247262	-65.639790
NRS	KNRS	Naval Outlying Field Imperial Beach (Ream Field)	Imperial Beach	32.566700	-117.116997
NRT	RJAA	Narita International Airport	Narita	35.768580	140.388714
NRY	NRY	Newry Airport	Newry	-16.044200	129.263800
NSE	KNSE	Whiting Field Naval Air Station - North	Milton	30.724199	-87.021896
NSH	OINN	Nowshahr Airport	Nowshahr	36.664286	51.462730
NSI	FKYS	Yaoundé Nsimalen International Airport	Yaoundé	3.722560	11.553300
NSK	UOOO	Alykel International Airport	Norilsk	69.307951	87.325906
NSL	KDVP	Slayton Municipal Airport	Slayton	43.986801	-95.782600
NSM	YNSM	Norseman Aerodrome	Norseman	-32.203000	121.758127
NSN	NZNS	Nelson Airport	Nelson	-41.296709	173.224323
NSO	YSCO	Scone Airport		-32.038012	150.831966
NSR	SWKQ	Serra da Capivara Airport	São Raimundo Nonato	-9.083392	-42.644656
NST	VTSF	Nakhon Si Thammarat Airport	Nakhon Si Thammarat	8.539620	99.944702
NSV	YNSH	Noosa Airport		-26.423177	153.064935
NTB	ENNO	Notodden Airport	Notodden	59.565071	9.213152
NTC	MZ-0005	Paradise Island Airport	Santa Carolina	-21.615000	35.338001
NTD	KNTD	Point Mugu Naval Air Station (Naval Base Ventura Co)	Point Mugu	34.120300	-119.121002
NTE	LFRS	Nantes Atlantique Airport	Nantes	47.153198	-1.610730
NTG	ZSNT	Nantong Xingdong International Airport	Nantong (Tongzhou)	32.073566	120.980076
NTI	WASB	Stenkol Airport	Bintuni	-2.102572	133.515981
NTJ	K41U	Manti-Ephraim Airport	Manti	39.329102	-111.614998
NTL	YWLM	Newcastle Airport	Williamtown	-32.796114	151.835025
NTN	YNTN	Normanton Airport	Normanton	-17.684090	141.069664
NTO	GVAN	Agostinho Neto Airport	Ponta do Sol	17.202801	-25.090599
NTQ	RJNW	Noto Satoyama Airport	Wajima	37.293098	136.962006
NTR	MMAN	Del Norte International Airport	Monterrey	25.865601	-100.237000
NTT	NFTP	Kuini Lavenia Airport	Niuatoputapu	-15.977297	-173.791089
NTU	KNTU	Oceana Naval Air Station	Virginia Beach	36.820702	-76.033501
NTX	WIDO	Ranai Airport	Ranai-Natuna Besar Island	3.908710	108.388000
NTY	FAPN	Pilanesberg International Airport	Pilanesberg	-25.333799	27.173401
NUB	YNUM	Numbulwar Airport		-14.271700	135.716995
NUD	HSNH	En Nahud Airport	En Nahud	12.735513	28.410841
NUE	EDDN	Nuremberg Airport	Nuremberg	49.498699	11.078056
NUG	AYNI	Nuguria Airstrip	Nuguria Island	-3.407500	154.738300
NUH	SK-110	Nunchia Airport	Nunchia	5.650000	-72.200000
NUI	PAQT	Nuiqsut Airport	Nuiqsut	70.209999	-151.005998
NUJ	OIHS	Nojeh Air Base	Amirabad	35.211601	48.653400
NUK	NTGW	Nukutavake Airport	Nukutavake	-19.284613	-138.768367
NUL	PANU	Nulato Airport	Nulato	64.729301	-158.074005
NUM	OENN	Neom Bay Airport	Sharma	27.924261	35.293580
NUP	PPIT	Nunapitchuk Airport	Nunapitchuk	60.905591	-162.440454
NUQ	KNUQ	Moffett Federal Airfield	Mountain View	37.416100	-122.049004
NUR	YNUB	Nullabor Motel Airport		-31.441700	130.901993
NUS	NVSP	Norsup Airport	Norsup	-16.079700	167.401001
NUU	HKNK	Nakuru Lanet Airport	Nakuru	-0.298419	36.159193
NUW	KNUW	Whidbey Island Naval Air Station (Ault Field)	Oak Harbor	48.351799	-122.655998
NUX	USMU	Novy Urengoy Airport	Novy Urengoy	66.069397	76.520302
NVA	SKNV	Benito Salas Airport	Neiva	2.950150	-75.294000
NVD	KNVD	Nevada Municipal Airport	Nevada	37.852100	-94.304901
NVI	UZSA	Navoi International Airport	Navoi	40.117599	65.172658
NVM	SDNM	Brigadeiro Eduardo Gomes Airport	Nova Mutum	-13.821021	-56.038591
NVN	KO02	Nervino Airport	Beckwourth	39.818501	-120.352997
NVP	SWNA	Novo Aripuanã Airport	Novo Aripuanã	-5.118030	-60.364899
NVS	LFQG	Nevers-Fourchambault Airport	Marzy, Nièvre	47.002913	3.113114
NVT	SBNF	Ministro Victor Konder International Airport	Navegantes	-26.879431	-48.650979
NVY	VONV	Neyveli Airport	Neyveli	11.612956	79.527382
NWA	FMCI	Mohéli Bandar Es Eslam Airport	Fomboni	-12.298096	43.766496
NWH	K2B3	Parlin Field	Newport	43.388100	-72.189301
NWI	EGSH	Norwich Airport	Norwich, Norfolk	52.675800	1.282780
NWT	NWT	Nowata Airport	Nowata	-9.984167	149.729167
NYA	USHN	Nyagan Airport	Nyagan	62.110001	65.614998
NYE	HKNI	Nyeri Airport	Nyeri	-0.364414	36.978485
NYG	KNYG	Quantico Marine Corps Airfield / Turner Field	Quantico	38.501701	-77.305298
NYI	DGSN	Sunyani Airport	Sunyani	7.361830	-2.328760
NYK	HKNL	Nanyuki Civil Airport	Gathiuru	-0.062352	37.041296
NYM	USMM	Nadym Airport	Nadym	65.480904	72.698898
NYN	YNYN	Nyngan Airport		-31.550645	147.202973
NYO	ESKN	Stockholm Skavsta Airport	Nyköping	58.789656	16.911479
NYR	UENN	Nyurba Airport	Nyurba	63.296703	118.341953
NYT	VYNT	Nay Pyi Taw International Airport	Naypyitaw	19.623501	96.200996
NYU	VYBG	Bagan Airport	Nyaung U	21.178801	94.930199
NYW	VYMY	Monywar Airport	Monywar	22.221638	95.093479
NZA	FNZG	Nzagi Airport	Nzagi	-7.716940	21.358200
NZC	SPZA	Maria Reiche Neuman Airport	Nazca	-14.854000	-74.961502
NZE	GUNZ	Nzérékoré Airport	Nzérékoré	7.810413	-8.702073
NZG	UIUN	Nizhneangarsk International Airport	Nizhneangarsk	55.800800	109.595001
NZH	ZBMZ	Manzhouli Xijiao Airport	Manzhouli	49.566667	117.330000
NZL	ZBZL	Zhalantun Genghis Khan Airport	Zhalantun	47.865942	122.768662
NZY	KNZY	North Island Naval Air Station-Halsey Field	San Diego	32.699200	-117.214996
OAA	OASH	Shank Air Base	Baraki Barak	33.922217	69.077940
OAG	YORG	Orange Airport	Orange	-33.382014	149.131262
OAH	OASD	Shindand Air Base	Shindand	33.391300	62.261002
OAI	OAIX	Bagram Airfield	Bagram	34.946098	69.264999
OAJ	KOAJ	Albert J Ellis Airport	Richlands	34.829201	-77.612099
OAK	KOAK	Oakland San Francisco Bay Airport	Oakland	37.720085	-122.221184
OAL	SSKW	Cacoal Airport	Cacoal	-11.496000	-61.450800
OAM	NZOU	Oamaru Airport		-44.970001	171.082001
OAN	MHEA	El Arrayán Airport	Olanchito	15.505556	-86.574722
OAR	KOAR	Marina Municipal Airport	Marina	36.681900	-121.762001
OAS	OASA	Sharana Airstrip	Sharana	33.125750	68.838517
OAX	MMOX	Xoxocotlán International Airport	Oaxaca	16.998773	-96.726092
OAZ	OAZI	Camp Shorabak Airfield	Lashkar Gah	31.848735	64.223175
OBA	YOBN	Oban Airport	Oban	-21.234797	139.033231
OBC	HDOB	Obock Airport	Obock	11.967000	43.266998
OBD	ID-OBD	Obano Airport	Obano	-3.910600	136.230600
OBE	KOBE	Okeechobee County Airport	Okeechobee	27.262800	-80.849800
OBF	EDMO	Oberpfaffenhofen Airport	Weßling	48.081402	11.283100
OBI	SNTI	Óbidos Municipal Airport	Óbidos	-1.867981	-55.514596
OBL	EBZR	Oostmalle Airfield	Zoersel	51.269092	4.762428
OBM	AYMB	Morobe Airport	Morobe	-7.740000	147.590000
OBN	EGEO	Oban Airport	North Connel	56.463501	-5.399670
OBO	RJCB	Tokachi-Obihiro Airport	Obihiro	42.733299	143.216995
OBS	LFHO	Aubenas-South Ardèche Airport	Lanas, Ardèche	44.544367	4.372194
OBU	PAOB	Kobuk Airport	Kobuk	66.912300	-156.897003
OBX	AYOB	Obo Airport	Obo	-7.590622	141.324263
OCA	07FA	Ocean Reef Club Airport	Key Largo	25.325399	-80.274803
OCC	SECO	Francisco De Orellana Airport	Coca	-0.462886	-76.986801
OCE	KOXB	Ocean City Municipal Airport	Ocean City	38.310398	-75.124001
OCF	KOCF	Ocala International Airport - Jim Taylor Field	Ocala	29.172600	-82.224197
OCH	KOCH	A L Mangham Jr. Regional Airport	Nacogdoches	31.577999	-94.709503
OCJ	MKBS	Ian Fleming International Airport	Boscobel	18.404079	-76.969754
OCM	YBGD	Boolgeeda		-22.541111	117.269444
OCN	KOKB	Oceanside Municipal Airport	Oceanside	33.217947	-117.351683
OCS	FGCO	Corisco International Airport	Corisco Island	0.910937	9.330270
OCV	SKOC	Aguas Claras Airport	Ocaña	8.315060	-73.358300
OCW	KOCW	Warren Field	Washington	35.570499	-77.049797
ODA	FEFW	Ouadda Airport	Ouadda	8.010560	22.398600
ODB	LEBA	Córdoba Airport	Córdoba	37.841999	-4.848880
ODC	KO27	Oakdale Airport	Oakdale	37.756302	-120.800003
ODD	YOOD	Oodnadatta Airport		-27.562473	135.442946
ODE	EKOD	Odense Hans Christian Andersen Airport	Odense	55.475307	10.327206
ODH	EGVO	RAF Odiham	Hook, Hampshire	51.234100	-0.942825
ODJ	FEGO	Ouanda Djallé Airport	Ouanda Djallé	8.900000	22.783001
ODL	YCOD	Cordillo Downs Airport	Cordillo Downs	-26.745300	140.638000
ODM	K2G4	Garrett County Airport	Accident	39.580819	-79.335730
ODN	WBGI	Long Seridan Airport	Long Seridan	3.976087	115.067303
ODO	UIKB	Bodaybo Airport	Bodaybo	57.866100	114.242996
ODR	YORV	Ord River Airport	Ord River	-17.340799	128.912003
ODS	UKOO	Odesa International Airport	Odesa	46.427196	30.672649
ODT	KODO	Odessa Schlemeyer Field	Odessa	31.920601	-102.387001
ODW	KOKH	AJ Eisenberg Airport	Oak Harbor	48.251499	-122.674004
ODY	VLOS	Oudomsay Airport	Oudomsay	20.682699	101.994003
OEA	KOEA	O'Neal Airport	Lawrenceville	38.685210	-87.543138
OEC	WPOC	Oecusse Route of the Sandalwood International Airport	Oecussi-Ambeno	-9.198419	124.337873
OEM	SMPA	Vincent Fayks Airport	Paloemeu	3.346051	-55.443707
OEO	KOEO	L O Simenstad Municipal Airport	Osceola	45.310001	-92.691902
OER	ESNO	Örnsköldsvik Airport	Örnsköldsvik	63.408298	18.990000
OES	SAVN	Antoine de Saint Exupéry Airport	San Antonio Oeste	-40.751200	-65.034300
OFF	KOFF	Offutt Air Force Base	Omaha	41.119307	-95.908510
OFI	DIOF	Ouango Fitini Airport	Ouango Fitini	9.600000	-4.050000
OFK	KOFK	Karl Stefan Memorial Airport	Norfolk	41.985500	-97.435097
OFU	NSAS	Ofu Airport	Ofu	-14.184400	-169.669998
OGA	KOGA	Ogallala Municipal Airport Searle Field	Ogallala	41.119499	-101.769997
OGB	KOGB	Orangeburg Municipal Airport	Orangeburg	33.456799	-80.859497
OGD	KOGD	Ogden Hinckley Airport	Ogden	41.195900	-112.012001
OGE	AYOG	Ogeranang Airport		-6.466750	147.364167
OGG	PHOG	Kahului International Airport	Kahului	20.896263	-156.431837
OGL	SYEC	Eugene F. Correia International Airport	Ogle	6.805881	-58.107657
OGM	OGM	Ogobsucum Airport	Ustupu	9.138300	-77.933850
OGN	ROYN	Yonaguni Airport	Yonaguni	24.467298	122.979827
OGO	DIAU	Abengourou Airport	Abengourou	6.715560	-3.470280
OGR	FTTB	Bongor Airport	Bongor	10.288345	15.379561
OGS	KOGS	Ogdensburg International Airport	Ogdensburg	44.681900	-75.465500
OGU	LTCB	Ordu–Giresun Airport	Ordu	40.966872	38.085995
OGX	DAUU	Ain Beida Airport	Ouargla	31.917200	5.412780
OGZ	URMO	Vladikavkaz Beslan International Airport	Beslan	43.205101	44.606602
OHA	NZOH	RNZAF Base Ohakea		-40.206001	175.388000
OHB	FMFE	Ambohibary Airport	Moramanga	-18.917500	48.218194
OHD	LWOH	Ohrid St. Paul the Apostle Airport	Ohrid	41.180000	20.742300
OHE	ZYMH	Mohe Gulian Airport	Mohe	52.916871	122.422759
OHH	UHSH	Okha Airport	Okha	53.516446	142.881426
OHI	FYOS	Oshakati Airport	Oshakati	-17.797000	15.699300
OHO	UHOO	Okhotsk Airport	Okhotsk	59.410065	143.056503
OHR	EDXY	Wyk auf Föhr Airport	Wyk auf Föhr	54.684444	8.528333
OHS	OOSH	Suhar International Airport	Suhar	24.386040	56.625410
OHT	OPKT	Kohat Airport	Kohat	33.570000	71.440002
OIA	SDOW	Ourilândia do Norte Airport	Ourilândia do Norte	-6.762992	-51.049930
OIC	KOIC	Lt Warren Eaton Airport	Norwich	42.566601	-75.524101
OIM	RJTO	Oshima Airport	Izu Oshima	34.782001	139.360001
OIR	RJEO	Okushiri Airport	Okushiri Island	42.071701	139.432999
OIT	RJFO	Oita Airport	Oita	33.479401	131.737000
OJC	KOJC	Johnson County Executive Airport	Olathe	38.847599	-94.737602
OJU	WAFU	Tanjung Api Airport	Tojo Una-Una	-0.865437	121.628625
OKA	ROAH	Naha International Airport	Naha	26.192437	127.639804
OKB	YORC	Orchid Beach Airport	Orchid Beach	-24.959400	153.315002
OKC	KOKC	OKC Will Rogers World Airport	Oklahoma City	35.393388	-97.598248
OKD	RJCO	Sapporo Okadama Airport	Sapporo	43.117447	141.381340
OKE	RJKB	Okinoerabu Airport	Wadomari	27.431604	128.705564
OKF	FYOO	Okaukuejo Airport	Okaukuejo	-19.149200	15.911900
OKG	CG-OKG	Okoyo Airport	Okoyo	-1.448330	15.073300
OKI	RJNO	Oki Global Geopark Airport	Okinoshima	36.178388	133.323566
OKJ	RJOB	Okayama Momotaro Airport	Okayama	34.756901	133.854996
OKK	KOKK	Kokomo Municipal Airport	Kokomo	40.528198	-86.058998
OKL	WAJO	Oksibil Airport	Oksibil	-4.907100	140.627700
OKM	KOKM	Okmulgee Regional Airport	Okmulgee	35.668098	-95.948700
OKN	FOGQ	Okondja Airport	Okondja	-0.665214	13.673100
OKO	RJTY	Yokota Air Base	Fussa	35.748501	139.348007
OKP	AYOJ	Oksapmin Airport	Oksapmin	-5.226100	142.225900
OKQ	WAKO	Okaba Airport	Okaba	-8.094600	139.723300
OKR	YYKI	Yorke Island Airport	Yorke Island	-9.752801	143.405673
OKS	KOKS	Garden County Airport/King Rhiley Field	Oshkosh	41.401001	-102.355003
OKT	UWUK	Oktyabrskiy Airport	Kzyl-Yar	54.439999	53.388302
OKU	FYMO	Mokuti Lodge Airport	Mokuti Lodge	-18.812799	17.059401
OKV	AYOF	Okao Airport	Okao	-5.556667	141.032778
OKY	YBOK	Oakey Army Aviation Centre		-27.409262	151.736727
OLA	ENOL	Ørland Airport	Ørland	63.698898	9.604000
OLB	LIEO	Olbia Costa Smeralda Airport	Olbia (SS)	40.898953	9.518457
OLC	SDCG	Senadora Eunice Micheles Airport	São Paulo De Olivença	-3.469070	-68.921056
OLD	KOLD	Dewitt Field - Old Town Municipal Airport	Old Town	44.952801	-68.674301
OLE	KOLE	Cattaraugus County-Olean Airport	Olean	42.241199	-78.371399
OLF	KOLF	L M Clayton Airport	Wolf Point	48.094501	-105.574997
OLG	KE-0208	Olare Orok Airfield	Mara	-1.324213	35.246106
OLH	OLH	Old Harbor Airport	Old Harbor	57.218102	-153.270004
OLI	BIRF	Rif Airport	Rif	64.911377	-23.818205
OLJ	NVSZ	North West Santo Airport	Olpoi	-14.881700	166.557999
OLK	SGOL	Aeródromo de Fuerte	Fuerte Olimpo	-21.045724	-57.882935
OLL	FCOD	Oyo Ollombo Airport	Oyo	-1.226666	15.910000
OLM	KOLM	Olympia Regional Airport	Olympia	46.969399	-122.903000
OLN	SAVM	Lago Musters Airport	Sarmiento	-45.575200	-69.077000
OLO	LKOL	Olomouc Airport	Olomouc	49.587712	17.209275
OLP	YOLD	Olympic Dam Airport	Olympic Dam	-30.483861	136.876699
OLQ	AYOV	Olsobip Airport	Olsobip	-5.389722	141.515278
OLR	OASL	Salerno Airport	Khost	33.363800	69.956100
OLS	KOLS	Nogales International Airport	Nogales	31.417700	-110.848000
OLU	KOLU	Columbus Municipal Airport	Columbus	41.448145	-97.340174
OLV	KOLV	Olive Branch Airport	Olive Branch	34.978699	-89.786903
OLX	HKOK	Mara-Olkiombo Airport	Serena	-1.408586	35.110689
OLY	KOLY	Olney Noble Airport	Olney-Noble	38.721802	-88.176399
OLZ	UEMO	Olyokminsk Airport	Olyokminsk	60.401833	120.476094
OMA	KOMA	Eppley Airfield	Omaha	41.303200	-95.894096
OMB	FOOH	Omboue Hospital Airport	Omboue	-1.574730	9.262690
OMC	RPVO	Ormoc Airport	Ormoc City	11.057715	124.565622
OMD	FYOG	Oranjemund Airport	Oranjemund	-28.585318	16.446380
OME	PAOM	Nome Airport	Nome	64.512199	-165.445007
OMF	OJMF	King Hussein Air College	Mafraq	32.356400	36.259201
OMG	FYOE	Omega Airport	Omega	-18.030300	22.189699
OMH	OITR	Urmia Airport	Urmia	37.668098	45.068699
OMI	OIAJ	Omidiyeh Airport	Omidiyeh	30.835199	49.534901
OMJ	RJDU	JMSDF Omura Air Base	Nagasaki	32.928046	129.934168
OMK	KOMK	Omak Airport	Omak	48.464401	-119.517998
OMM	OOMX	Marmul Airport	Marmul	18.138999	55.179005
OMN	UZTZ	Zomin Airport	Zomin	40.014020	68.411030
OMO	LQMO	Mostar International Airport	Mostar	43.282489	17.846101
OMR	LROD	Oradea International Airport	Oradea	47.025299	21.902500
OMS	UNOO	Omsk Central Airport	Omsk	54.963124	73.312418
OMY	OMY	Preah Vinhear Airport	Tbeng Meanchey	13.759700	104.971730
ONA	KONA	Winona Municipal Airport Max Conrad Field	Winona	44.077202	-91.708298
ONB	AYQQ	Ononge Airport	Onange Mission	-8.674361	147.262417
OND	FYOA	Ondangwa Airport	Ondangwa	-17.878201	15.952600
ONG	YMTI	Mornington Island Airport		-16.662500	139.177994
ONH	KN66	Albert S Nader Regional Airport	Oneonta	42.524700	-75.064400
ONI	WABD	Moanamani Airport	Moanamani	-4.006590	136.037704
ONJ	RJSR	Odate Noshiro Airport	Kitaakita	40.191898	140.371002
ONK	UERO	Olenyok Airport	Olenyok	68.514999	112.480003
ONL	KONL	O'Neill Municipal Airport–John L Baker Field	O'Neill	42.468916	-98.686989
ONM	KONM	Socorro Municipal Airport	Socorro	34.022499	-106.903000
ONO	KONO	Ontario Municipal Airport	Oregon	44.019800	-117.013289
ONP	KONP	Newport Municipal Airport	Newport	44.580399	-124.057999
ONQ	LTAS	Zonguldak Çaycuma Airport	Zonguldak	41.506401	32.088600
ONR	YMNK	Monkira Airport		-24.816700	140.533005
ONS	YOLW	Onslow Airport		-21.670161	115.114902
ONT	KONT	Ontario International Airport	Ontario	34.056000	-117.600998
ONU	NFOL	Ono-i-Lau Airport	Ono-i-Lau	-20.658900	-178.741100
ONX	MPEJ	Enrique Adolfo Jimenez Airport	Colón	9.356640	-79.867401
ONY	KONY	Olney Municipal Airport	Olney	33.350899	-98.819199
OOA	KOOA	Oskaloosa Municipal Airport	Cedar	41.226200	-92.493896
OOD	YKDD	Koodaideri Mine Airport	Koodaideri Mine	-22.504291	119.076830
OOK	PAOO	Toksook Bay Airport	Toksook Bay	60.541401	-165.087006
OOL	YBCG	Gold Coast Airport	Gold Coast	-28.165962	153.506641
OOM	YCOM	Cooma Snowy Mountains Airport	Cooma	-36.300445	148.972408
OOR	YMOO	Mooraberree Airport		-25.250000	140.983002
OOT	NGON	Onotoa Airport	Onotoa	-1.796110	175.526001
OPA	BIKP	Kópasker Airport	Kópasker	66.310799	-16.466700
OPB	AYOY	Open Bay Airport	Maitanakunai	-4.794727	151.696195
OPF	KOPF	Miami-Opa Locka Executive Airport	Miami	25.907000	-80.278397
OPI	YOEN	Oenpelli Airport		-12.325000	133.005997
OPL	KOPL	St Landry Parish Ahart Field	Opelousas	30.558399	-92.099403
OPO	LPPR	Francisco de Sá Carneiro Airport	Porto	41.248100	-8.681390
OPP	SNSM	Salinópolis Airport	Salinópolis	-0.696111	-47.336111
OPS	SBSI	Presidente João Batista Figueiredo Airport	Sinop	-11.885001	-55.586109
OPU	AYBM	Balimo Airport	Balimo	-8.050000	142.932999
OPW	FYOP	Opuwa Airport	Opuwa	-18.056022	13.852061
OQN	UZKK	Kokand Airport	Kokand	40.447781	70.991149
ORA	SASO	Orán Airport	Orán	-23.152800	-64.329201
ORB	ESOE	Örebro Airport	Örebro	59.223701	15.038000
ORC	SKOE	Orocue Airport	Orocue	4.790355	-71.348187
ORD	KORD	Chicago O'Hare International Airport	Chicago	41.978600	-87.904800
ORE	LFOZ	Orléans–Saint-Denis-de-l'Hôtel Airport	Saint-Denis-de-l'Hôtel, Loiret	47.897758	2.164478
ORF	KORF	Norfolk International Airport	Norfolk	36.895341	-76.201000
ORG	SMZO	Zorg en Hoop Airport	Paramaribo	5.811211	-55.192299
ORH	KORH	Worcester Regional Airport	Worcester	42.267300	-71.875702
ORI	ORI	Port Lions Airport	Port Lions	57.884905	-152.847719
ORJ	SYOR	Orinduik Airport	Orinduik	4.725270	-60.035000
ORK	EICK	Cork International Airport	Cork	51.841301	-8.491110
ORL	KORL	Orlando Executive Airport	Orlando	28.545500	-81.332901
ORM	EGBK	Sywell Aerodrome	Northampton, Northamptonshire	52.305302	-0.793056
ORN	DAOO	Oran Es-Sénia (Ahmed Ben Bella) International Airport	Es-Sénia	35.620648	-0.622486
ORO	MHYR	Yoro Airport	Yoro	15.127500	-87.135000
ORP	FBOR	Orapa Airport	Orapa	-21.265901	25.319667
ORR	YYOR	Yorketown Airport		-35.003564	137.619295
ORT	PAOR	Northway Airport	Northway	62.961300	-141.929001
ORU	SLOR	Juan Mendoza International Airport	Oruro	-17.956151	-67.075829
ORV	PFNO	Robert (Bob) Curtis Memorial Airport	Noorvik	66.817902	-161.018997
ORW	OPOR	Ormara Airport	Ormara Raik	25.276625	64.588343
ORX	SNOX	Oriximiná Airport	Oriximiná	-1.714080	-55.836201
ORY	LFPO	Paris-Orly Airport	Paris (Orly, Val-de-Marne)	48.729499	2.358963
ORZ	MZTH	H.E Alfredo Martinez (Tower Hill) Airstrip	Orange Walk	18.046767	-88.583858
OSB	KK15	Grand Glaize Osage Beach Airport	Osage Beach	38.110500	-92.680496
OSC	KOSC	Oscoda Wurtsmith Airport	Oscoda	44.451599	-83.394096
OSD	ESNZ	Åre Östersund Airport	Östersund	63.193546	14.504168
OSE	AYOM	Omora Airport	Omora	-7.827778	147.080639
OSG	AYZS	Ossima Airport	Ossima	-2.915556	141.297306
OSH	KOSH	Wittman Regional Airport	Oshkosh	43.984402	-88.556999
OSI	LDOS	Osijek Airport	Osijek(Klisa)	45.462355	18.811278
OSJ	HKOY	Ol Seki Naboisho Airstrip	Mara Simba	-1.378468	35.380320
OSK	ESMO	Oskarshamn Airport	Oskarshamn	57.350498	16.497999
OSL	ENGM	Oslo-Gardermoen International Airport	Oslo (Gardermoen)	60.193901	11.100400
OSM	ORBM	Mosul International Airport	Mosul	36.305801	43.147400
OSN	RKSO	Osan Air Base	Pyeongtaek	37.091457	127.029448
OSO	YOSB	Osborne Mine Airport		-22.081699	140.554993
OSR	LKMT	Leoš Janáček Airport Ostrava	Mošnov	49.696301	18.111099
OSS	UCFO	Osh International Airport	Osh	40.609001	72.793297
OST	EBOS	Ostend-Bruges International Airport	Oostende	51.199800	2.874673
OSU	KOSU	The Ohio State University Airport - Don Scott Field	Columbus	40.079800	-83.072998
OSW	UWOR	Orsk Airport	Orsk	51.072498	58.595600
OSX	KOSX	Kosciusko Attala County Airport	Kosciusko	33.090302	-89.542000
OSY	ENNM	Namsos Airport	Namsos	64.472198	11.578600
OTC	FTTL	Bol-Berim Airport	Bol	13.443574	14.739254
OTD	MPRA	Raul Arias Espinoza Airport	Contadora Island	8.628760	-79.034698
OTG	KOTG	Worthington Municipal Airport	Worthington	43.654770	-95.577364
OTH	KOTH	Southwest Oregon Regional Airport	North Bend	43.417099	-124.246002
OTI	WAEW	Pitu Airport	Gotalalamo-Morotai Island	2.045990	128.324997
OTJ	FYOW	Otjiwarongo Airport	Otjiwarongo	-20.433012	16.660801
OTK	KTMK	Tillamook Airport	Tillamook	45.418201	-123.814003
OTL	GQNB	Boutilimit Airport	Boutilimit	17.528320	-14.714120
OTM	KOTM	Ottumwa Regional Airport	Ottumwa	41.106368	-92.449837
OTN	2IG4	Ed-Air Airport	Oaktown	38.851782	-87.499870
OTO	CN-0427	Otog Banner Wulan Airport	Wulan	39.031390	107.988890
OTP	LROP	Bucharest Henri Coandă International Airport	Otopeni	44.571792	26.103285
OTQ	CN-0416	Otog Front Banner Oljoq Airport	Otog Front Banner	38.171200	107.390500
OTR	MRCC	Coto 47 Airport	Corredores	8.601560	-82.968754
OTS	K74S	Anacortes Airport	Anacortes	48.498513	-122.662513
OTT	OTT	Andre Maggi Airport	Cotriguaçu	-9.898611	-58.581944
OTU	SKOT	Otu Airport	Remedios	7.010532	-74.715398
OTZ	PAOT	Ralph Wien Memorial Airport	Kotzebue	66.884697	-162.598999
OUA	DFFD	Ouagadougou Thomas Sankara International Airport	Ouagadougou	12.353200	-1.512420
OUD	GMFO	Oujda Angads Airport	Ahl Angad	34.789558	-1.926041
OUE	FCOU	Ouesso Airport		1.615990	16.037901
OUG	DFCC	Ouahigouya Airport	Ouahigouya	13.655287	-2.322067
OUH	FAOH	Oudtshoorn Airport	Oudtshoorn	-33.606998	22.188999
OUI	LFEC	Ouessant Airport	Ushant	48.463200	-5.063580
OUL	EFOU	Oulu Airport	Oulu / Oulunsalo	64.930099	25.354601
OUM	OUM	Oum Hadjer Airport	Oum Hadjer	13.278244	19.710256
OUN	KOUN	University of Oklahoma Westheimer Airport	Norman	35.245600	-97.472099
OUR	FKKI	Batouri Airport	Batouri	4.475000	14.362500
OUS	SDOU	Jornalista Benedito Pimentel Airport	Ourinhos	-22.966598	-49.912049
OUT	FTTS	Bousso Airport	Bousso	10.483000	16.716999
OUZ	GQPZ	Tazadit Airport	Zouérate	22.757345	-12.482228
OVA	FMSL	Bekily Airport	Bekily	-24.235695	45.304527
OVB	UNNT	Novosibirsk Tolmachevo Airport	Novosibirsk	55.019756	82.618675
OVD	LEAS	Asturias Airport	Ranón	43.563599	-6.034620
OVE	KOVE	Oroville Municipal Airport	Oroville	39.487801	-121.622002
OVG	FAOB	Overberg Airport	Overberg	-34.563474	20.252438
OVL	SCOV	El Tuqui Airport	Ovalle	-30.559200	-71.175598
OVR	SAZF	Olavarria Airport	Olavarria	-36.889999	-60.216599
OVS	USHS	Sovetskiy Airport	Sovetskiy	61.326622	63.601913
OWA	KOWA	Owatonna Degner Regional Airport	Owatonna	44.123402	-93.260597
OWB	KOWB	Owensboro Daviess County Airport	Owensboro	37.740101	-87.166801
OWD	KOWD	Norwood Memorial Airport	Norwood	42.190498	-71.172897
OWK	KOWK	Central Maine/Norridgewock Airport	Norridgewock	44.715500	-69.866501
OXB	GGOV	Osvaldo Vieira International Airport	Bissau	11.894262	-15.653596
OXC	KOXC	Waterbury Oxford Airport	Oxford	41.478600	-73.135201
OXD	KOXD	Miami University Airport	Oxford	39.502300	-84.784401
OXF	EGTK	London Oxford Airport	Kidlington, Oxfordshire	51.836899	-1.320000
OXO	OXO	Orientos Airport	Orientos	-28.059800	141.536100
OXR	KOXR	Oxnard Airport	Oxnard	34.200802	-119.207001
OXY	YMNY	Morney Airport		-25.358299	141.432999
OYA	SATG	Goya Airport	Goya	-29.105800	-59.218900
OYC	GF-0004	Camopi Airport	Camopi	3.172847	-52.336142
OYE	FOGO	Oyem Airport	Oyem	1.543110	11.581400
OYG	UG-OYG	Moyo Airport	Moyo	3.644400	31.762762
OYK	SBOI	Oiapoque Airport	Oiapoque	3.854120	-51.797056
OYL	HKMY	Moyale Airport	Moyale	3.469720	39.101398
OYN	YOUY	Ouyen Airport	Ouyen	-35.088819	142.354778
OYO	SAZH	Tres Arroyos Airport	Tres Arroyos	-38.386900	-60.329700
OYP	SOOG	Saint-Georges-de-l'Oyapock Airport	Saint-Georges-de-l'Oyapock	3.897600	-51.804100
OZA	KOZA	Ozona Municipal Airport	Ozona	30.735300	-101.203003
OZC	RPMO	Labo Airport	Ozamiz	8.178510	123.842003
OZG	GMAZ	Zagora Airport	Zagora	30.265788	-5.860808
OZH	UKDE	Zaporizhzhia International Airport	Zaporizhia	47.866962	35.314723
OZP	LEMO	Moron Air Base	Morón	37.174900	-5.615940
OZR	KOZR	Cairns AAF (Fort Rucker) Air Field	Fort Rucker/Ozark	31.275700	-85.713402
OZZ	GMMZ	Ouarzazate International Airport	Ouarzazate	30.939100	-6.909430
PAA	VYPA	Hpa-N Airport	Hpa-N	16.893700	97.674599
PAB	VEBU	Bilaspur Airport	Bilaspur	21.988400	82.111000
PAC	MPMG	Marcos A. Gelabert International Airport	Albrook	8.973340	-79.555603
PAD	EDLP	Paderborn Lippstadt Airport	Büren	51.612527	8.617459
PAE	KPAE	Seattle Paine Field International Airport	Everett	47.906300	-122.281998
PAF	HUPA	Pakuba Airport	Pakuba	2.326563	31.497698
PAG	RPMP	Pagadian Airport	Pagadian	7.825632	123.459635
PAH	KPAH	Barkley Regional Airport	Paducah	37.060799	-88.773804
PAJ	OPPC	Parachinar Airport	Parachinar	33.902100	70.071602
PAK	PHPA	Port Allen Airport	Hanapepe	21.896900	-159.602997
PAL	SKPQ	German Olano Air Base	La Dorada	5.483610	-74.657400
PAM	KPAM	Tyndall Air Force Base	Panama City	30.069599	-85.575401
PAN	VTSK	Pattani Airport		6.785460	101.153999
PAO	KPAO	Palo Alto Airport	Palo Alto	37.461102	-122.114998
PAP	MTPP	Toussaint Louverture International Airport	Port-au-Prince	18.580023	-72.292596
PAQ	PAAQ	Warren "Bud" Woods Palmer Municipal Airport	Palmer	61.594898	-149.089010
PAS	LGPA	Paros National Airport	Paros	37.020495	25.113195
PAT	VEPT	Jay Prakash Narayan Airport	Patna	25.591299	85.087997
PAU	VYPK	Pauk Airport	Pauk	21.449200	94.486900
PAV	SBUF	Paulo Afonso Airport	Paulo Afonso	-9.400880	-38.250599
PAW	PG-0161	Pambwa Airstrip	Pambwa Station	-11.402966	154.011701
PAX	MTPX	Port-de-Paix Airport	Port-de-Paix	19.934045	-72.848010
PAY	WBKP	Pamol Airport	Pamol	5.996571	117.404795
PAZ	MMPA	El Tajín National Airport	Poza Rica	20.602699	-97.460800
PBA	SDLO	Fábio Perini Airport	Cairu	-13.564800	-38.939999
PBB	SSPN	Paranaíba Airport	Paranaíba	-19.651199	-51.199402
PBC	MMPB	Hermanos Serdán International Airport	Puebla	19.158465	-98.371582
PBD	VAPR	Porbandar Airport	Porbandar	21.649524	69.656405
PBE	SKPR	Puerto Berrio Airport	Puerto Berrio	6.460340	-74.410500
PBF	KPBF	Pine Bluff Regional Airport, Grider Field	Pine Bluff	34.174121	-91.935643
PBG	KPBG	Plattsburgh International Airport	Plattsburgh	44.650902	-73.468102
PBH	VQPR	Paro International Airport	Paro	27.403200	89.424599
PBI	KDJT	President Donald J. Trump International Airport	West Palm Beach	26.683201	-80.095596
PBJ	NVSI	Tavie Airport	Paama Island	-16.431955	168.235511
PBL	SVPC	General Bartolome Salom International Airport	Puerto Cabello	10.480500	-68.072998
PBM	SMJP	Johan Adolf Pengel International Airport	Paramaribo	5.452830	-55.187801
PBN	FNPA	Porto Amboim Airport	Port Amboim	-10.722000	13.765500
PBO	YPBO	Paraburdoo Airport	Paraburdoo	-23.171101	117.745003
PBP	MRIA	Islita Airport	Nandayure	9.856110	-85.370796
PBQ	SWPM	Pimenta Bueno Airport	Pimenta Bueno	-11.641600	-61.179100
PBR	MGPB	Puerto Barrios Airport	Puerto Barrios	15.730900	-88.583801
PBT	PY-PBT	Aeródromo de Puerto Leda	Puerto Leda	-20.908982	-57.926881
PBU	VYPT	Putao Airport	Putao	27.329901	97.426300
PBX	SWPQ	Fazenda Piraguassu Airport	Porto Alegre do Norte	-10.859350	-51.688152
PBZ	FAPG	Plettenberg Bay Airport	Plettenberg Bay	-34.088160	23.328723
PCA	PAOC	Portage Creek Airport	Portage Creek	58.906500	-157.714000
PCB	WIHP	Pondok Cabe Air Base	Jakarta	-6.336960	106.764999
PCC	SK-045	Puerto Rico Airport	Puerto Rico	1.916667	-75.166667
PCD	KPDC	Prairie Du Chien Municipal Airport	Prairie Du Chien	43.019299	-91.123703
PCF	FAPS	Potchefstroom Airport	Potchefstroom	-26.671000	27.081900
PCG	GT-0004	Paso Caballos Airport	Paso Caballos	17.263901	-90.256302
PCH	MHPC	Palacios Airport	Palacios	15.955000	-84.941391
PCJ	PY-PCJ	Puerto La Victoria Airport	Puerto La Victoria	-22.296022	-57.870076
PCL	SPCL	Cap FAP David Abenzur Rengifo International Airport	Pucallpa	-8.378064	-74.574495
PCM	MX-PCM	Playa del Carmen National Airport	Playa del Carmen	20.622752	-87.082171
PCN	NZPN	Picton Aerodrome	Koromiko	-41.346100	173.955994
PCO	MMPL	Punta Colorada Airport	La Ribera	23.575011	-109.535826
PCP	FPPR	Principe Airport	São Tomé & Príncipe	1.661155	7.411081
PCQ	PCQ	Boun Neau Airport	Phongsaly	21.647500	101.900000
PCR	SKPC	German Olano Airport	Puerto Carreño	6.184720	-67.493200
PCS	SNPC	Picos Airport	Picos	-7.061385	-41.525871
PCT	K39N	Princeton Airport	Princeton/Rocky Hill	40.399200	-74.658897
PCU	KM13	Poplarville Pearl River County Airport	Poplarville	30.785999	-89.504501
PCV	MX-PCV	Punta Chivato Airport	Mulegé	27.069201	-111.961998
PDA	SKPD	Obando Cesar Gaviria Trujillo Airport	Puerto Inírida	3.853530	-67.906200
PDB	4K0	Pedro Bay Airport	Pedro Bay	59.796925	-154.129994
PDC	NWWQ	Mueo Airport	Népoui	-21.316456	164.999399
PDD	FQPO	Ponta do Ouro Airport	Ponta do Ouro	-26.826913	32.838444
PDE	YPDI	Pandie Pandie Airport		-26.122248	139.403501
PDF	SNRD	Prado Airport	Prado	-17.296976	-39.271131
PDG	WIEE	Minangkabau International Airport	Padang (Katapiang)	-0.785964	100.280384
PDI	AYPD	Pindiu Airport	Pindiu	-6.445139	147.515833
PDK	KPDK	DeKalb Peachtree Airport	Atlanta	33.876330	-84.302130
PDL	LPPD	João Paulo II Airport	Ponta Delgada	37.741199	-25.697901
PDM	MPPD	Capt. J. Montenegro Airport	Pedasí	7.534801	-80.043347
PDN	YPDA	Parndana Airport	Kangaroo Island	-35.807000	137.264000
PDO	WIPQ	Pendopo Airport	Talang Gudang-Sumatra Island	-3.286070	103.879997
PDP	SULS	Capitan Corbeta CA Curbelo International Airport	Punta del Este	-34.855099	-55.094299
PDR	PDR	Presidente José Sarney Airport	Presidente Dutra	-5.309800	-44.481000
PDS	MMPG	Piedras Negras International Airport	Piedras Negras	28.627873	-100.535240
PDT	KPDT	Eastern Oregon Regional Airport at Pendleton	Pendleton	45.695099	-118.841003
PDU	SUPU	Tydeo Larre Borges Airport	Paysandú	-32.363300	-58.061901
PDV	LBPD	Plovdiv International Airport	Plovdiv	42.067799	24.850800
PDX	KPDX	Portland International Airport	Portland	45.588699	-122.598000
PDZ	SVPE	Pedernales Airport	Capure	9.978672	-62.231318
PEA	YPSH	Penneshaw Airport	Ironstone	-35.755846	137.962875
PEB	PEB	Pebane Airport	Pebane	-17.272760	38.180730
PED	LKPD	Pardubice Airport	Pardubice	50.015049	15.739810
PEE	USPP	Perm International Airport	Perm	57.914501	56.021198
PEF	EDCP	Peenemünde Airport	Peenemünde	54.157780	13.774444
PEG	LIRZ	Perugia San Francesco d'Assisi – Umbria International Airport	Perugia (PG)	43.095901	12.513200
PEH	SAZP	Comodoro Pedro Zanni Airport	Pehuajó	-35.844600	-61.857600
PEI	SKPE	Matecaña International Airport	Pereira	4.812670	-75.739500
PEK	ZBAA	Beijing Capital International Airport	Beijing	40.077349	116.596702
PEL	FXPG	Pelaneng Airport	Pelaneng	-29.088056	28.497222
PEM	SPTU	Padre Aldamiz International Airport	Puerto Maldonado	-12.613600	-69.228600
PEN	WMKP	Penang International Airport	Penang	5.296303	100.276185
PEP	AU-PEP	Peppimenarti Airport	Peppimenarti	-14.144200	130.091003
PEQ	KPEQ	Pecos Municipal Airport	Pecos	31.382401	-103.511002
PER	YPPH	Perth International Airport	Perth	-31.940300	115.967003
PES	ULPB	Petrozavodsk Airport	Petrozavodsk	61.885201	34.154701
PET	SBPK	João Simões Lopes Neto International Airport	Pelotas	-31.717189	-52.327796
PEU	MHPL	Puerto Lempira Airport	Puerto Lempira	15.262200	-83.781197
PEV	LHPP	Pécs-Pogány International Airport	Pécs	45.988891	18.242044
PEW	OPPS	Bacha Khan International Airport	Peshawar	33.993900	71.514603
PEX	UUYP	Pechora Airport	Pechora	65.121101	57.130798
PEY	YPNG	Penong Airport	Penong	-31.916700	133.000000
PEZ	UWPP	Penza Airport	Penza	53.110600	45.021099
PFA	CN-0193	Harbin Pingfang Airport	Harbin	45.598860	126.658080
PFB	SBPF	Lauro Kurtz Airport	Passo Fundo	-28.243976	-52.327770
PFC	KPFC	Pacific City State Airport	Pacific City	45.199799	-123.961998
PFM	CA-0297	Primrose Airport	Primrose	55.390002	-111.119800
PFO	LCPH	Paphos International Airport	Paphos	34.717999	32.485699
PFQ	OITP	Parsabad-Moghan Airport	Parsabad	39.603600	47.881500
PFR	FZVS	Ilebo Airport	Ilebo	-4.329919	20.590124
PGA	KPGA	Page Municipal Airport	Page	36.924234	-111.447716
PGB	AYPC	Pangoa Airport	Pangoa	-7.022600	141.560500
PGC	KW99	Grant County Airport	Petersburg	38.994900	-79.145897
PGD	KPGD	Punta Gorda Airport	Punta Gorda	26.920200	-81.990501
PGE	PGE	Yegepa Airport		-7.134444	146.156389
PGF	LFMP	Perpignan-Rivesaltes (Llabanère) Airport	Perpignan/Rivesaltes	42.740398	2.870670
PGH	VIPT	Pantnagar Airport	Pantnagar	29.033400	79.473701
PGI	FNCH	Chitato Airport	Chitato	-7.358890	20.804701
PGK	WIKK	Depati Amir Airport	Pangkal Pinang	-2.162200	106.139000
PGL	KPQL	Trent Lott International Airport	Pascagoula	30.462799	-88.529198
PGM	PGM	Port Graham Airport	Port Graham	59.348355	-151.830025
PGN	AYPG	Pangia Airport	Pangia	-6.386000	144.108400
PGO	KPSO	Stevens Field	Pagosa Springs	37.286301	-107.056000
PGQ	WAEM	Buli Airport	Pekaulang	0.917144	128.382116
PGR	KPGR	Kirk Field	Paragould	36.062901	-90.507797
PGS	L37	Grand Canyon Caverns Airport	Peach Springs	35.527168	-113.247636
PGU	OIBP	Persian Gulf International Airport	Khiyaroo	27.379601	52.737701
PGV	KPGV	Pitt-Greenville Airport	Greenville	35.635535	-77.384262
PGX	LFBX	Périgueux-Bassillac Airport	Périgueux/Bassillac	45.198101	0.815556
PGZ	SBPG	Ponta Grossa Airport - Comandante Antonio Amilton Beraldo	Ponta Grossa	-25.184476	-50.143822
PHA	VVPR	Phan Rang Airport	Phan Rang	11.633500	108.952003
PHB	SBPB	Parnaíba - Prefeito Doutor João Silva Filho International Airport	Parnaíba	-2.893750	-41.731998
PHC	DNPO	Port Harcourt International Airport	Port Harcourt	5.015490	6.949590
PHD	KPHD	Harry Clever Field	New Philadelphia	40.470901	-81.419701
PHE	YPPD	Port Hedland International Airport	Port Hedland	-20.382787	118.629789
PHF	KPHF	Newport News Williamsburg International Airport	Newport News	37.131901	-76.492996
PHG	DNPM	Port Harcourt City Airport / Port Harcourt Air Force Base	Port Harcourt	4.846111	7.021389
PHH	VNPR	Pokhara International Airport	Pokhara	28.183800	84.014700
PHI	SNYE	Pinheiro Airport	Pinheiro	-2.477426	-45.105003
PHK	KPHK	Palm Beach County Glades Airport	Pahokee	26.785000	-80.693398
PHL	KPHL	Philadelphia International Airport	Philadelphia	39.871899	-75.241096
PHN	KPHN	St Clair County International Airport	Port Huron	42.910999	-82.528900
PHO	PAPO	Point Hope Airport	Point Hope	68.348801	-166.798996
PHP	KPHP	Philip Airport	Philip	44.048527	-101.600933
PHQ	YTMO	The Monument Airport	Phosphate Hill	-21.811100	139.923996
PHR	NFND	Nanuku Airport	Nanuku Auberge Resort	-18.255300	178.049200
PHS	VTPP	Phitsanulok Airport	Phitsanulok	16.782900	100.278999
PHT	KPHT	Henry County Airport	Paris	36.338200	-88.382896
PHW	FAPH	Hendrik Van Eck Airport	Phalaborwa	-23.937201	31.155399
PHX	KPHX	Phoenix Sky Harbor International Airport	Phoenix	33.435302	-112.005905
PHY	VTPB	Phetchabun Airport		16.676001	101.195000
PIA	KPIA	General Wayne A. Downing Peoria International Airport	Peoria	40.663841	-89.692631
PIB	KPIB	Hattiesburg Laurel Regional Airport	Moselle	31.467100	-89.337097
PIC	MBPI	Pine Cay Airport	Pine Cay	21.874661	-72.090573
PIE	KPIE	St. Petersburg Clearwater International Airport	Pinellas Park	27.910200	-82.687401
PIH	KPIH	Pocatello Regional Airport	Pocatello	42.909801	-112.596001
PIK	EGPK	Glasgow Prestwick Airport	Prestwick, South Ayrshire	55.501499	-4.577182
PIL	SGPI	Aeródromo Don Carlos Miguel Gimenez	Pilar	-26.881981	-58.319067
PIM	KPIM	Harris County Airport	Pine Mountain	32.840698	-84.882401
PIN	SWPI	Parintins Airport	Parintins	-2.673521	-56.777625
PIO	SPSO	Captain Renán Elías Olivera International Airport	Pisco	-13.744900	-76.220299
PIP	PAPN	Pilot Point Airport	Pilot Point	57.580399	-157.572006
PIQ	SYPL	Pipillipai Airport	Pipillipai	5.356667	-60.381000
PIR	KPIR	Pierre Regional Airport	Pierre	44.382702	-100.286003
PIS	LFBI	Poitiers-Biard Airport	Poitiers/Biard	46.587700	0.306666
PIT	KPIT	Pittsburgh International Airport	Pittsburgh	40.491501	-80.232903
PIU	SPUR	PAF Captain Guillermo Concha Iberico International Airport	Piura	-5.205750	-80.616402
PIV	SNPX	Pirapora Airport	Pirapora	-17.316900	-44.860298
PIW	CZMN	Pikwitonei Airport	Pikwitonei	55.588902	-97.164200
PIX	LPPI	Pico Airport	Pico Island	38.554298	-28.441299
PIZ	PPIZ	Point Lay LRRS Airport	Point Lay	69.732903	-163.005005
PJA	ESUP	Pajala Airport	Pajala	67.244569	23.074894
PJB	KPAN	Payson Airport	Payson	34.256802	-111.338997
PJC	SGPJ	Aeropuerto Nacional Dr. Augusto Roberto Fuster	Pedro Juan Caballero	-22.641427	-55.829993
PJG	OPPG	Panjgur Airport	Panjgur	26.954500	64.132500
PJM	MRPJ	Puerto Jimenez Airport	Puerto Jimenez	8.533330	-83.300003
PKA	PAPK	Napaskiak Airport	Napaskiak	60.702900	-161.778000
PKB	KPKB	Mid Ohio Valley Regional Airport	Parkersburg (Williamstown)	39.345100	-81.439201
PKC	UHPP	Yelizovo Airport	Petropavlovsk-Kamchatsky	53.168716	158.451068
PKD	KPKD	Park Rapids Municipal Airport Konshok Field	Park Rapids	46.900600	-95.073095
PKE	YPKS	Parkes Airport	Parkes	-33.131401	148.238998
PKF	KPKF	Park Falls Municipal Airport	Park Falls	45.955002	-90.424400
PKG	WMPA	Pulau Pangkor Airport	Pangkor Island	4.244720	100.553001
PKJ	MGPG	Playa Grande Airport	Playa Grande	15.997500	-90.741699
PKK	VYPU	Pakhokku Airport	Pakhokku	21.404300	95.111250
PKM	SYPK	Port Kaituma Airport	Port Kaituma	7.742220	-59.882612
PKN	WAGI	Iskandar Airport	Pangkalanbun	-2.705200	111.672997
PKO	DBBP	Parakou Airport	Parakou	9.357690	2.609680
PKP	NTGP	Puka Puka Airport		-14.809550	-138.812621
PKR	VNPK	Pokhara Domestic Airport	Pokhara	28.200621	83.981203
PKT	YPKT	Port Keats Airport	Wadeye	-14.249701	129.529538
PKU	WIBB	Sultan Syarif Kasim II International Airport / Roesmin Nurjadin AFB	Pekanbaru	0.458647	101.444321
PKV	ULOO	Princess Olga Pskov International Airport	Pskov	57.781316	28.393840
PKW	FBSP	Selebi Phikwe Airport	Selebi Phikwe	-22.058300	27.828800
PKX	ZBAD	Beijing Daxing International Airport	Beijing	39.501289	116.413967
PKY	WAGG	Tjilik Riwut Airport	Palangkaraya	-2.227146	113.943388
PKZ	VLPS	Pakse International Airport	Pakse	15.133973	105.779871
PLA	SK-434	Planadas Airport	Planadas	3.197051	-75.642042
PLD	MRCR	Playa Samara/Carrillo Airport	Carrillo	9.870510	-85.481400
PLE	AYPB	Paiela Airport	Paiela	-5.372407	142.975774
PLF	FTTP	Pala Airport	Pala	9.378060	14.925000
PLJ	MZPL	Placencia Airport	Placencia	16.536957	-88.361511
PLK	KPLK	M. Graham Clark Downtown Airport	Branson / Hollister	36.625900	-93.228897
PLL	SBMN	Ponta Pelada Airport / Manaus Air Base	Manaus	-3.146040	-59.986301
PLM	WIPP	Sultan Mahmud Badaruddin II Airport	Palembang	-2.897653	104.698147
PLN	KPLN	Pellston Regional Airport of Emmet County Airport	Pellston	45.570900	-84.796700
PLO	YPLC	Port Lincoln Airport	Port Lincoln	-34.605301	135.880005
PLQ	EYPA	Palanga International Airport	Palanga	55.973202	21.093901
PLR	KPLR	St Clair County Airport	Pell City	33.558800	-86.249100
PLS	MBPV	Providenciales International Airport	Providenciales	21.773697	-72.268321
PLT	SKPL	Plato Airport	Plato	9.800000	-74.783300
PLU	SBBH	Pampulha - Carlos Drummond de Andrade Airport	Belo Horizonte	-19.850740	-43.950316
PLV	UKHP	Suprunovka Airport	Poltava	49.568600	34.397202
PLW	WAFF	Mutiara - SIS Al-Jufrie Airport	Palu	-0.916462	119.908647
PLX	UASS	Semei International Airport	Semey	50.351295	80.234398
PLY	KC65	Plymouth Municipal Airport	Plymouth	41.365101	-86.300499
PLZ	FAPE	Chief Dawid Stuurman International Airport	Gqeberha (Port Elizabeth)	-33.989715	25.617353
PMA	HTPE	Pemba Airport	Chake Chake	-5.257260	39.811401
PMB	KPMB	Pembina Municipal Airport	Pembina	48.942501	-97.240799
PMC	SCTE	El Tepual International Airport	Puerto Montt	-41.443093	-73.094065
PMD	KPMD	Palmdale Regional Airport / USAF Plant 42 Airport	Palmdale	34.629398	-118.084999
PMF	LIMP	Parma Airport	Parma (PR)	44.826351	10.297050
PMG	SBPP	Ponta Porã Airport	Ponta Porã	-22.549601	-55.702599
PMH	KPMH	Greater Portsmouth Regional Airport	Portsmouth	38.840500	-82.847298
PMI	LEPA	Palma de Mallorca Airport	Palma de Mallorca	39.551701	2.738810
PMK	YPAM	Palm Island Airport		-18.755301	146.580994
PML	PAAL	Port Moller Airport	Cold Bay	56.006001	-160.561005
PMN	AYPQ	Pumani Airport	Pumani	-9.746900	149.476600
PMO	LICJ	Falcone–Borsellino Airport	Palermo	38.175999	13.091000
PMP	AYPJ	Pimaga Airport	Pimaga	-6.499167	143.510278
PMQ	SAWP	Perito Moreno Jalil Hamer Airport	Perito Moreno	-46.537899	-70.978699
PMR	NZPM	Palmerston North Airport	Palmerston North	-40.320599	175.617004
PMS	OSPR	Palmyra Airport	Tadmur	34.557400	38.316898
PMT	SYPM	Paramakatoi Airport	Paramakatoi	4.699587	-59.713841
PMV	SVMG	Del Caribe Santiago Mariño International Airport	Isla Margarita	10.912603	-63.966599
PMW	SBPJ	Brigadeiro Lysias Rodrigues Airport	Palmas	-10.291500	-48.356998
PMY	SAVY	El Tehuelche Airport	Puerto Madryn	-42.759200	-65.102700
PMZ	MRPM	Palmar Sur Airport	Palmar Sur	8.951030	-83.468597
PNA	LEPP	Pamplona Airport	Pamplona	42.770000	-1.646330
PNB	SBPN	Porto Nacional Airport	Porto Nacional	-10.719402	-48.399700
PNC	KPNC	Ponca City Regional Airport	Ponca City	36.731998	-97.099800
PND	MZPG	Punta Gorda Airport	Punta Gorda	16.102400	-88.808296
PNE	KPNE	Northeast Philadelphia Airport	Philadelphia	40.082406	-75.010614
PNG	SSPG	Paranaguá Airport	Paranaguá	-25.540100	-48.531200
PNH	VDPP	Phnom Penh International Airport	Phnom Penh (Pou Senchey)	11.547155	104.844699
PNI	PTPN	Pohnpei International Airport	Pohnpei Island	6.985082	158.209920
PNJ	CN-0217	Penglai Shahekou Airport	Yantai	37.804730	120.809540
PNK	WIOO	Supadio International Airport	Pontianak	-0.152258	109.404493
PNL	LICG	Pantelleria Airport	Pantelleria (TP)	36.816502	11.968900
PNN	KPNN	Princeton Municipal Airport	Princeton	45.200699	-67.564400
PNP	AYGR	Girua Airport	Popondetta	-8.804540	148.309006
PNQ	VAPO	Pune International Airport	Pune	18.582100	73.919701
PNR	FCPP	Antonio Agostinho-Neto International Airport	Pointe Noire	-4.816030	11.886600
PNS	KPNS	Pensacola International Airport	Pensacola	30.472718	-87.186639
PNT	SCNT	Lieutenant Julio Gallardo Airport	Puerto Natales	-51.670670	-72.529078
PNU	KU55	Panguitch Municipal Airport	Panguitch	37.845200	-112.391998
PNV	EYPP	Panevėžys Air Base	Panevėžys	55.729401	24.460800
PNX	KGYI	North Texas Regional Airport Perrin Field	Denison	33.714100	-96.673698
PNY	VOPC	Pondicherry Airport	Puducherry (Pondicherry)	11.968000	79.812000
PNZ	SBPL	Senador Nilo Coelho Airport	Petrolina	-9.362422	-40.569098
POA	SBPA	Porto Alegre-Salgado Filho International Airport	Porto Alegre	-29.993984	-51.167482
POB	KPOB	Pope Field	Fort Bragg	35.170898	-79.014503
POC	KPOC	Brackett Field	La Verne	34.091599	-117.781998
POD	GOSP	Podor Airport	Podor	16.678155	-14.964957
POE	KPOE	Polk Army Air Field	Fort Polk	31.044800	-93.191704
POF	KPOF	Poplar Bluff Municipal Airport	Poplar Bluff	36.773899	-90.324898
POG	FOOG	Port Gentil International Airport	Port Gentil	-0.711739	8.754380
POH	KPOH	Pocahontas Municipal Airport	Pocahontas	42.742802	-94.647301
POI	SLPO	Capitan Nicolas Rojas Airport	Potosí	-19.543331	-65.723734
POJ	SNPD	Patos de Minas Airport	Patos de Minas	-18.672673	-46.491292
POL	FQPB	Pemba Airport	Pemba	-12.993302	40.524867
POM	AYPY	Port Moresby Jacksons International Airport	Port Moresby	-9.443380	147.220001
PON	MGPP	Poptún Airport	Poptún	16.325800	-89.416100
POO	SBPC	Poços de Caldas - Embaixador Walther Moreira Salles Airport	Poços De Caldas	-21.842529	-46.569768
POP	MDPP	Gregorio Luperon International Airport	Puerto Plata	19.757900	-70.570000
POR	EFPO	Pori Airport	Pori	61.461700	21.799999
POS	TTPP	Piarco International Airport	Port of Spain	10.595350	-61.337568
POT	MKKJ	Ken Jones Airport	Ken Jones	18.198799	-76.534500
POU	KPOU	Dutchess County Airport	Poughkeepsie	41.626598	-73.884201
POV	LZPW	Prešov Air Base	Prešov	49.029701	21.315599
POW	LJPZ	Portorož Airport	Sečovlje	45.472010	13.615951
POX	LFPT	Pontoise-Cormeilles Aerodrome	Cormeilles-en-Vexin, Val-d'Oise	49.096064	2.035543
POY	KPOY	Powell Municipal Airport	Powell	44.867199	-108.792999
POZ	EPPO	Poznań-Ławica Airport	Poznań	52.421598	16.823359
PPA	KPPA	Perry Lefors Field	Pampa	35.612999	-100.996002
PPB	SBDN	Presidente Prudente Airport	Presidente Prudente	-22.175100	-51.424599
PPC	PAPR	Prospect Creek Airport	Prospect Creek	66.814102	-150.643997
PPE	MMPE	Mar de Cortés International Airport	Puerto Peñasco	31.351987	-113.305177
PPF	KPPF	Tri-City Airport	Parsons	37.329899	-95.506203
PPG	NSTU	Pago Pago International Airport	Pago Pago	-14.331000	-170.710007
PPH	SVPX	Paraitepuy Airstrip	Paraitepuy de Ikabarú	4.600362	-61.498160
PPI	YPIR	Port Pirie Airport		-33.238899	137.994995
PPJ	ID-0003	Pulau Panjang Airport	Jakarta	-5.644444	106.562500
PPK	UACP	Petropavl International Airport	Petropavl	54.775622	69.187415
PPL	VNPL	Phaplu Airport	Phaplu	27.517752	86.585019
PPM	KPMP	Pompano Beach Airpark	Pompano Beach	26.247101	-80.111099
PPN	SKPP	Guillermo León Valencia Airport	Popayán	2.454359	-76.609253
PPP	YBPN	Proserpine Whitsunday Coast Airport	Proserpine	-20.494416	148.553583
PPQ	NZPP	Paraparaumu Airport		-40.904701	174.988998
PPR	WIBG	Tuanku Tambusai Airport	Pasir Pengarayan	0.845431	100.370154
PPS	RPVP	Puerto Princesa International Airport / PAF Antonio Bautista Air Base	Puerto Princesa	9.742044	118.759110
PPT	NTAA	Fa'a'ā International Airport	Papeete	-17.553472	-149.606936
PPU	VYPP	Hpapun Airport	Pa Pun	18.066700	97.449799
PPW	EGEP	Papa Westray Airport	Papa Westray, Orkney Islands	59.351012	-2.900353
PPX	PPX	Param Airport	Nepesi	-9.990000	149.477000
PPY	SNZA	Pouso Alegre Airport	Pouso Alegre	-22.289200	-45.919102
PPZ	SVPP	Puerto Paez Airport	Puerto Paez	6.220095	-67.447508
PQC	VVPQ	Phú Quốc International Airport	Phu Quoc Island	10.169783	103.993530
PQI	KPQI	Presque Isle International Airport	Presque Isle	46.688999	-68.044800
PQM	MMPQ	Palenque International Airport	Palenque	17.533153	-92.015484
PQQ	YPMQ	Port Macquarie Airport	Port Macquarie	-31.435801	152.863007
PQS	US-8450	Pilot Station Airport	Pilot Station	61.961690	-162.941944
PRA	SAAP	General Urquiza Airport	Parana	-31.794800	-60.480400
PRB	KPRB	Paso Robles Municipal Airport	Paso Robles	35.672901	-120.626999
PRC	KPRC	Prescott Regional Airport - Ernest A. Love Field	Prescott	34.653502	-112.419883
PRD	YPDO	Pardoo Airport	Pardoo	-20.119428	119.571945
PRE	SK-116	Pore Airport	Pore	5.733333	-71.983333
PRG	LKPR	Václav Havel Airport Prague	Prague	50.100874	14.259911
PRH	VTCP	Phrae Airport		18.132200	100.165001
PRI	FSPP	Praslin Island Airport	Praslin Island	-4.319256	55.691561
PRK	FAPK	Prieska Airport	Prieska	-29.683599	22.770599
PRM	LPPM	Portimão Airport	Portimão	37.149300	-8.583960
PRN	BKPR	Priština Adem Jashari International Airport	Prishtina	42.572800	21.035801
PRO	KPRO	Perry Municipal Airport	Perry	41.827999	-94.159897
PRP	LFKO	Propriano Airport	Propriano	41.660599	8.889750
PRQ	SARS	Termal Airport	Presidencia Roque Sáenz Peña	-26.753611	-60.492222
PRR	SYPR	Paruima Airport	Paruima	5.817240	-61.055489
PRS	AGGP	Parasi Airport	Parasi	-9.641670	161.425003
PRU	VYPY	Pyay Airport	Pye	18.824499	95.265999
PRV	LKPO	Přerov Air Base	Přerov	49.425800	17.404699
PRW	K5N2	Prentice Airport	Prentice	45.538313	-90.275978
PRX	KPRX	Cox Field	Paris	33.636600	-95.450798
PRY	FAWB	Wonderboom Airport	Pretoria	-25.653900	28.224199
PRZ	KS39	Prineville Airport	Prineville	44.286999	-120.903999
PSA	LIRP	Pisa International Airport	Pisa (PI)	43.683899	10.392700
PSB	KPSB	Mid-State Regional Airport	Philipsburg	40.884399	-78.087303
PSC	KPSC	Tri Cities Airport	Pasco	46.264702	-119.119003
PSD	HEPS	Port Said International Airport	Port Said	31.279285	32.240582
PSE	TJPS	Mercedita International Airport	Ponce	18.008301	-66.563004
PSF	KPSF	Pittsfield Municipal Airport	Pittsfield	42.426800	-73.292900
PSG	PAPG	Petersburg James A Johnson Airport	Petersburg	56.801701	-132.945007
PSH	EDXO	Sankt Peter-Ording Airport	Sankt Peter-Ording	54.308887	8.686944
PSI	OPPI	Pasni Airport	Pasni	25.290501	63.345100
PSJ	WAFP	Kasiguncu Airport	Poso-Celebes Island	-1.414121	120.659241
PSK	KPSK	New River Valley Airport	Dublin	37.137299	-80.678497
PSL	EGPT	Perth/Scone Airport	Perth, Perth and Kinross	56.439201	-3.372220
PSM	KPSM	Portsmouth International Airport at Pease	Portsmouth	43.077900	-70.823303
PSN	KPSN	Palestine Municipal Airport	Palestine	31.779699	-95.706299
PSO	SKPS	Antonio Nariño Airport	Chachagüí	1.396722	-77.290930
PSP	KPSP	Palm Springs International Airport	Palm Springs	33.829700	-116.507004
PSR	LIBP	Abruzzo Airport	Pescara	42.431079	14.182981
PSS	SARP	Libertador Gral D Jose De San Martin Airport	Posadas	-27.385800	-55.970700
PSU	WIOP	Pangsuma Airport	Putussibau-Borneo Island	0.834579	112.940217
PSW	SNOS	José Figueiredo Municipal Airport	Passos	-20.731838	-46.662011
PSX	KPSX	Palacios Municipal Airport	Palacios	28.727501	-96.250999
PSY	SFAL	Port Stanley Airport	Stanley	-51.685699	-57.777599
PSZ	SLPS	Capitán Av. Salvador Ogaya G. airport	Puerto Suárez	-18.975301	-57.820599
PTA	PALJ	Port Alsworth Airport	Port Alsworth	60.201681	-154.325863
PTB	KPTB	Dinwiddie County Airport	Petersburg	37.183800	-77.507401
PTF	NFFO	Malolo Lailai Island Airport	Malolo Lailai Island	-17.778448	177.196996
PTG	FAPP	Polokwane International Airport	Polokwane	-23.845269	29.458615
PTH	PAPH	Port Heiden Airport	Port Heiden	56.957893	-158.630219
PTJ	YPOD	Portland Airport		-38.318100	141.470993
PTK	KPTK	Oakland County International Airport	Pontiac	42.665501	-83.420097
PTL	PE-0023	Walter Braedt Segú Airport	Máncora	-4.086870	-81.025770
PTM	SVPT	Palmarito Airport	Palmarito	7.575479	-70.174435
PTN	KPTN	Harry P Williams Memorial Airport	Patterson	29.709499	-91.338997
PTO	SBPO	Juvenal Loureiro Cardoso Airport	Pato Branco	-26.217184	-52.694463
PTP	TFFR	Maryse Condé International Airport	Pointe-à-Pitre	16.265443	-61.532754
PTQ	SNMZ	Porto de Moz Airport	Porto de Moz	-1.741307	-52.236026
PTS	KPTS	Atkinson Municipal Airport	Pittsburg	37.449501	-94.731102
PTT	KPTT	Pratt Regional Airport	Pratt	37.701599	-98.746902
PTU	PAPM	Platinum Airport	Platinum	59.017675	-161.827927
PTV	KPTV	Porterville Municipal Airport	Porterville	36.029598	-119.063004
PTW	KPTW	Heritage Field	Pottstown	40.239601	-75.556702
PTX	SKPI	Pitalito Airport	Pitalito	1.857770	-76.085700
PTY	MPTO	Tocumen International Airport	Tocumen	9.071360	-79.383499
PTZ	SESM	Rio Amazonas Airport	Shell Mera	-1.505240	-78.062698
PUA	PUA	Puas Airport	Puas Mission	-2.395000	150.236100
PUB	KPUB	Pueblo Memorial Airport	Pueblo	38.289101	-104.497002
PUC	KPUC	Carbon County Regional Airport / Buck Davis Field	Price	39.613899	-110.751000
PUD	SAWD	Puerto Deseado Airport	Puerto Deseado	-47.735300	-65.904100
PUE	MPOA	Puerto Obaldía Airport	Puerto Obaldía	8.668813	-77.417399
PUF	LFBP	Pau Pyrénées Airport	Pau/Pyrénées (Uzein)	43.380001	-0.418611
PUG	YPAG	Port Augusta Airport		-32.506901	137.716995
PUJ	MDPC	Punta Cana International Airport	Punta Cana	18.567093	-68.364558
PUK	NTGQ	Pukaruha Airport	Pukaruha	-18.295726	-137.016291
PUN	FZOP	Punia Airport	Punia	-1.390698	26.348146
PUP	DFCP	Po Airport	Po	11.179139	-1.148472
PUQ	SCCI	President Carlos Ibáñez International Airport	Punta Arenas	-53.002602	-70.854599
PUR	SLPR	Puerto Rico Airport	Puerto Rico/Manuripi	-11.107663	-67.551155
PUS	RKPK	Gimhae International Airport	Busan	35.179501	128.938004
PUT	VOPN	Sri Sathya Sai Airport	Puttaparthi	14.149300	77.791100
PUU	SKAS	Tres De Mayo Airport	Puerto Asís	0.505228	-76.500800
PUV	NWWP	Poum / Malabou Airport	Malabou	-20.289155	164.099350
PUW	KPUW	Pullman-Moscow Regional Airport	Pullman	46.741601	-117.111630
PUX	SCPV	El Mirador Airport	Puerto Varas	-41.349400	-72.946701
PUY	LDPL	Pula Airport	Pula	44.893501	13.922200
PUZ	MNPC	Puerto Cabezas Airport	Puerto Cabezas	14.047200	-83.386703
PVA	SKPV	El Embrujo Airport	Providencia	13.357461	-81.357977
PVC	KPVC	Provincetown Municipal Airport	Provincetown	42.071899	-70.221397
PVD	KPVD	Rhode Island T. F. Green International Airport	Providence/Warwick	41.725038	-71.425668
PVF	KPVF	Placerville Airport	Placerville	38.724201	-120.752998
PVG	ZSPD	Shanghai Pudong International Airport	Shanghai (Pudong)	31.143400	121.805000
PVH	SBPV	Governador Jorge Teixeira de Oliveira International Airport	Porto Velho	-8.708491	-63.902338
PVI	SSPI	Paranavaí Airport	Paranavaí	-23.089899	-52.488499
PVK	LGPZ	Aktion National Airport	Preveza	38.925499	20.765301
PVL	KPBX	Pike County Airport Hatcher Field	Pikeville	37.560795	-82.570051
PVO	SEPV	Reales Tamarindos Airport	Portoviejo	-1.041650	-80.472198
PVR	MMPR	Puerto Vallarta International Airport	Puerto Vallarta	20.679913	-105.254391
PVS	UHMD	Provideniya Bay Airport	Chukotka	64.378098	-173.242996
PVU	KPVU	Provo Municipal Airport	Provo	40.218894	-111.722445
PVW	KPVW	Hale County Airport	Plainview	34.168098	-101.717003
PWA	KPWA	Wiley Post Airport	Oklahoma City	35.534199	-97.647102
PWD	KPWD	Sher-Wood Airport	Plentywood	48.790298	-104.533997
PWE	UHMP	Pevek Airport	Apapelgino	69.783302	170.597000
PWI	HAPW	Beles Airport	Pawe	11.312600	36.416400
PWK	KPWK	Chicago Executive Airport	Chicago/Prospect Heights/Wheeling	42.114222	-87.901494
PWL	WAHP	Jenderal Besar Soedirman Airport	Purwokerto-Java Island	-7.461239	109.414124
PWM	KPWM	Portland International Jetport	Portland	43.646198	-70.309303
PWN	MYCP	Pitts Town Airport	Pitts Town	22.829700	-74.346100
PWO	FZQC	Pweto Airport	Pweto	-8.400768	28.926285
PWQ	UASP	Pavlodar International Airport	Pavlodar	52.194982	77.073088
PWT	KPWT	Bremerton National Airport	Bremerton	47.490200	-122.764999
PWY	KPNA	Ralph Wenz Field	Pinedale	42.795502	-109.806999
PXA	WIPY	Atung Bungsu Airport	Bentayan	-4.022500	103.379167
PXH	YPMH	Prominent Hill Airport	Mount Eba	-29.716000	135.524400
PXL	KP10	Polacca Airport	Polacca	35.791698	-110.422997
PXM	MMPS	Puerto Escondido International Airport	Puerto Escondido	15.876808	-97.089100
PXO	LPPS	Porto Santo Airport	Vila Baleira	33.073399	-16.350000
PXR	VTUJ	Surin Airport	Surin	14.868300	103.498001
PXU	VVPK	Pleiku Airport	Pleiku	14.004500	108.016998
PYA	SKVL	Velásquez Airport	Puerto Boyacá	5.939040	-74.457000
PYB	VEJP	Jeypore Airport	Jeypore	18.879549	82.552478
PYC	PA-0013	Playón Chico Airport	Ukupseni	9.306920	-78.235273
PYE	NCPY	Tongareva Airport	Penrhyn Island	-9.014370	-158.032410
PYG	VEPY	Pakyong Airport	Pakyong	27.231300	88.587196
PYH	SVPA	Cacique Aramare Airport	Puerto Ayacucho	5.619990	-67.606102
PYJ	UERP	Polyarny Airport	Yakutia	66.400398	112.029999
PYK	OIIP	Payam International Airport	Karaj	35.776100	50.826698
PYM	KPYM	Plymouth Municipal Airport	Plymouth	41.909000	-70.728798
PYN	SK-366	Payán Airport	Payán	1.800000	-78.166667
PYO	SEPT	Putumayo Airport	Puerto Putumayo	0.115949	-75.850220
PYR	LGAD	Andravida Air Base	Andravida	37.920700	21.292601
PYS	CA92	Paradise Skypark Airport	Paradise	39.710290	-121.616528
PYT	SNZR	Pedro Rabelo de Souza Airport	Paracatu	-17.242599	-46.883099
PYV	PA-0022	Yaviza Airport	Yaviza	8.152800	-77.687000
PYY	VTCI	Pai Airport	Pai	19.372054	98.435904
PZA	SKPZ	Paz de Ariporo Airport	Paz de Ariporo	5.876146	-71.886671
PZB	FAPM	Pietermaritzburg Airport	Pietermaritzburg	-29.649000	30.398701
PZH	OPZB	Zhob Airport	Fort Sandeman	31.358400	69.463600
PZI	ZUZH	Panzhihua Bao'anying Airport	Panzhihua (Renhe)	26.540000	101.798520
PZK	NCPK	Pukapuka Island Airport	Pukapuka Atoll	-10.914500	-165.839300
PZL	FADQ	Zulu Inyala Airport	Phinda	-27.849400	32.309700
PZO	SVPR	General Manuel Carlos Piar International Airport	Guyana City	8.288530	-62.760399
PZR	SK-195	Pizarro Airport	Bajo Baudó	4.961621	-77.363913
PZS	SCTC	Maquehue Airport	Temuco	-38.766800	-72.637100
PZU	HSPN	Port Sudan New International Airport	Port Sudan	19.434558	37.234125
PZY	LZPP	Piešťany Airport	Piešťany	48.625198	17.828400
QBC	CYBD	Bella Coola Airport	Bella Coola	52.387501	-126.596001
QCH	SNCX	Colatina Airport	Colatina	-19.487476	-40.579362
QCP	SNKN	Currais Novos Airport	Currais Novos	-6.280833	-36.540279
QCY	EGXC	RAF Coningsby	Lincoln, Lincolnshire	53.092999	-0.166014
QDB	SSKS	Cachoeira do Sul Airport	Cachoeira Do Sul	-30.001900	-52.940800
QDV	SBJD	Comte. Rolim Adolfo Amaro–Jundiaí State Airport	Jundiaí	-23.180861	-46.943921
QGF	SSNG	Montenegro Airport	Montenegro	-29.719400	-51.489399
QGP	SNGN	Garanhuns Airport	Garanhuns	-8.834280	-36.471600
QGU	RJNG	Gifu Airport	Gifu	35.394100	136.869995
QHR	HAHM	Harar Meda Airport	Debre Zeyit	8.716300	39.005900
QHU	EDXJ	Husum-Schwesing Airport	Husum	54.509998	9.138333
QHV	SSNH	Novo Hamburgo Airport	Novo Hamburgo	-29.696100	-51.081699
QIG	SNIG	Iguatu Airport	Iguatu	-6.346319	-39.294448
QIT	SNIP	Itapetinga Airport	Itapetinga	-15.244500	-40.277199
QJP	QJP	Pocheon (G-217) Airport	Pocheon	37.864555	127.176633
QMJ	OIAI	Shahid Asiyaee Airport	Masjed Soleyman	32.001719	49.268599
QNS	SBCO	Canoas Air Force Base	Porto Alegre	-29.945928	-51.144413
QOW	DNIM	Sam Mbakwe International Cargo Airport	Owerri	5.427060	7.206030
QPG	WSAP	Paya Lebar Air Base	Paya Lebar	1.360420	103.910004
QRA	FAGM	Rand Airport	Johannesburg	-26.242500	28.151199
QRF	AR-0005	Bragado Airport	Bragado	-35.145811	-60.480294
QRM	YNRM	Narromine Airport		-32.214699	148.225006
QRO	MMQT	Querétaro Intercontinental Airport	Querétaro	20.618779	-100.186449
QRW	DNSU	Warri Airport	Okpe	5.598210	5.818700
QSC	SDSC	Mário Pereira Lopes–São Carlos International Airport	São Carlos	-21.875032	-47.903851
QSF	DAAS	Ain Arnat Airport	Sétif	36.178488	5.329909
QSI	HTMS	Moshi Airport	Moshi	-3.363330	37.326900
QSR	LIRI	Salerno Costa d'Amalfi Airport	Salerno	40.620399	14.911300
QSX	SYNA	New Amsterdam Airport	New Amsterdam	6.244324	-57.474172
QSZ	ZWSC	Shache Airport	Shache	38.245420	77.056149
QUB	HLUB	Ubari Airport	Ubari	26.567499	12.823100
QUG	EGHR	Goodwood Aerodrome	Chichester, West Sussex	50.859832	-0.760073
QUO	DNAI	Akwa Ibom International Airport	Uyo	4.872500	8.093000
QUY	EGUY	RAF Wyton	St Ives, Cambridgeshire	52.357117	-0.107787
RAA	RAA	Rakanda Airport	Rakanda	-4.209600	152.438500
RAB	AYTK	Tokua Airport	Kokopo	-4.340460	152.380005
RAC	KRAC	John H Batten Airport	Racine	42.760601	-87.815201
RAE	OERR	Arar Domestic Airport	Arar	30.906601	41.138199
RAF	SAFR	Rafaela Airport	Rafaela	-31.282500	-61.501700
RAG	NZRA	Raglan Aerodrome	Raglan	-37.804699	174.860001
RAH	OERF	Rafha Domestic Airport	Rafha	29.626400	43.490601
RAI	GVNP	Nelson Mandela International Airport	Praia	14.941126	-23.484728
RAJ	VARK	Rajkot Airport	Rajkot	22.309200	70.779503
RAK	GMMX	Marrakesh Menara Airport	Marrakesh	31.604807	-8.035788
RAL	KRAL	Riverside Municipal Airport	Riverside	33.951900	-117.445000
RAM	YRNG	Ramingining Airport		-12.356400	134.897995
RAN	LIDR	Ravenna Airport	Ravenna (RA)	44.364291	12.224996
RAO	SBRP	Leite Lopes Airport	Ribeirão Preto	-21.134314	-47.774053
RAP	KRAP	Rapid City Regional Airport	Rapid City	44.045300	-103.056999
RAQ	WAWR	Sugimanuru Airport	Raha	-4.763298	122.566352
RAR	NCRG	Rarotonga International Airport	Avarua	-21.202700	-159.806000
RAS	OIGG	Sardar-e-Jangal Airport	Rasht	37.323333	49.617778
RAV	SKCN	Cravo Norte Airport	Cravo Norte	6.316404	-70.211370
RAW	RAW	Arawa Airport	Arawa	-6.220556	155.571389
RAX	AYYO	Oram Airport		-9.632917	148.048056
RAZ	OPRT	Rawalakot Airport	Rawalakot	33.849701	73.798103
RBA	GMME	Rabat-Salé Airport	Rabat	34.051498	-6.751520
RBB	SWBR	Borba Airport	Borba	-4.406340	-59.602402
RBC	YROI	Robinvale Airport	Robinvale	-34.642887	142.773042
RBD	KRBD	Dallas Executive Airport	Dallas	32.680901	-96.868202
RBE	VDRK	Ratanakiri Airport	Ratanakiri	13.730000	106.987000
RBF	KL35	Big Bear City Airport	Big Bear	34.263802	-116.856003
RBG	KRBG	Roseburg Regional Airport	Roseburg	43.238800	-123.356003
RBI	NFFR	Rabi Island Airport	Rabi Island	-16.533700	179.975700
RBJ	RJCR	Rebun Airport	Rebun	45.455002	141.039001
RBK	KF70	French Valley Airport	Murrieta	33.574200	-117.127998
RBL	KRBL	Red Bluff Municipal Airport	Red Bluff	40.150700	-122.251999
RBM	EDMS	Straubing Airport	Atting	48.900833	12.516667
RBO	SLRB	Roboré Airport	Roboré	-18.328224	-59.765339
RBP	AYRE	Raba Raba Airport	Rabaraba	-9.971111	149.832222
RBQ	SLRQ	Rurrenabaque Airport	Rurrenabaque	-14.427900	-67.496803
RBR	SBRB	Rio Branco-Plácido de Castro International Airport	Rio Branco	-9.869031	-67.893984
RBS	YORB	Orbost Airport		-37.790001	148.610001
RBT	HKMB	Marsabit Airport	Marsabit	2.344254	37.999996
RBU	YROE	Roebourne Airport	Roebourne	-20.763898	117.155199
RBV	AGRM	Ramata Airport	Ramata	-8.168060	157.643005
RBW	KRBW	Lowcountry Regional Airport	Walterboro	32.921001	-80.640602
RBX	HSMK	Rumbek Airport	Rumbek	6.831074	29.669073
RBY	PARY	Ruby Airport	Ruby	64.727203	-155.470001
RBZ	UZ-0124	Shahrisabz Southwest Airport	Shahrisabz	39.030067	66.775825
RCA	KRCA	Ellsworth Air Force Base	Rapid City	44.145000	-103.103996
RCB	FARB	Richards Bay Airport	Richards Bay	-28.740999	32.092098
RCE	WA09	Roche Harbor Airport	Roche Harbor	48.612301	-123.139000
RCH	SKRH	Almirante Padilla Airport	Riohacha	11.526200	-72.926000
RCK	KRCK	H H Coffield Regional Airport	Rockdale	30.631599	-96.989700
RCL	NVSR	Redcliffe Airport	Redcliffe	-15.472000	167.835007
RCM	YRMD	Richmond Airport		-20.701900	143.115005
RCO	LFDN	Rochefort-Saint-Agnant (BA 721) Airport	Rochefort/Saint-Agnant	45.887798	-0.983056
RCQ	SATR	Reconquista Airport	Reconquista	-29.210278	-59.683333
RCR	KRCR	Fulton County Airport	Rochester	41.065601	-86.181702
RCS	EGTO	Rochester Airport	Rochester, Kent	51.351898	0.503333
RCU	SAOC	Area De Material Airport	Rio Cuarto	-33.085098	-64.261299
RCY	MYRP	Rum Cay International Airport	Port Nelson	23.683440	-74.836302
RDA	AU-RDA	Rockhampton Downs Airport	Rockhampton Downs	-18.953300	135.201004
RDB	PADG	Red Dog Airport	Red Dog	68.032097	-162.899002
RDC	SNDC	Redenção Airport	Redenção	-8.031188	-49.979687
RDD	KRDD	Redding Municipal Airport	Redding	40.508999	-122.292999
RDE	WASM	Merdey Airport	Merdei-Papua Island	-1.591154	133.295867
RDG	KRDG	Reading Regional Airport (Carl A Spaatz Field)	Reading	40.378502	-75.965202
RDL	HE36	Bardawil International Airport	El Hassana	30.410714	33.155350
RDM	KRDM	Roberts Field	Redmond	44.254101	-121.150002
RDN	WMPR	LTS Pulau Redang Airport	Redang	5.764804	103.004942
RDO	EPRA	Warsaw Radom Airport	Radom	51.389370	21.214742
RDP	VEDG	Kazi Nazrul Islam Airport	Durgapur	23.622500	87.243000
RDR	KRDR	Grand Forks Air Force Base	Grand Forks	47.961102	-97.401199
RDS	SAHS	Rincon De Los Sauces Airport	Rincon de los Sauces	-37.390598	-68.904198
RDT	GOSR	Richard Toll Airport	Richard Toll	16.437816	-15.656376
RDU	KRDU	Raleigh-Durham International Airport	Raleigh/Durham	35.878659	-78.787300
RDV	RDV	Red Devil Airport	Red Devil	61.788101	-157.350006
RDZ	LFCR	Rodez–Aveyron Airport	Rodez/Marcillac	44.407902	2.482670
REA	NTGE	Reao Airport	Reao	-18.466520	-136.438550
REB	EDAX	Müritz Airpark	Lärz	53.306389	12.752222
REC	SBRF	Recife/Guararapes - Gilberto Freyre International Airport	Recife	-8.127470	-34.922961
RED	KRVL	Mifflin County Airport	Reedsville	40.677399	-77.626801
REE	8XS8	Reese Airpark	Lubbock	33.590302	-102.037003
REG	LICR	Reggio Calabria Airport	Reggio Calabria	38.071201	15.651600
REI	SOOR	Régina Airport	Régina	4.313390	-52.132745
REL	SAVT	Almirante Marco Andres Zar Airport	Rawson	-43.210500	-65.270300
REN	UWOO	Orenburg Central Airport	Orenburg	51.792668	55.457229
REO	KREO	Rome State Airport	Rome	42.577702	-117.885002
REQ	PK-REQ	Reko Diq Airport	Chagai	29.046920	62.196819
RER	MGRT	Retalhuleu Airport	Retalhuleu	14.521431	-91.697001
RES	SARE	Resistencia International Airport	Resistencia	-27.449910	-59.056125
RET	ENRS	Røst Airport	Røst	67.526482	12.101575
REU	LERS	Reus Airport	Reus	41.147509	1.168354
REW	VERW	Rewa Airport, Chorhata, REWA	Rewa	24.503401	81.220299
REX	MMRX	General Lucio Blanco International Airport	Reynosa	26.008900	-98.228500
REY	SLRY	Reyes Airport	Reyes	-14.304400	-67.353401
REZ	SDRS	Resende Airport	Resende	-22.478500	-44.480301
RFA	FEGR	Rafaï Airport	Rafaï	4.988610	23.927799
RFD	KRFD	Chicago Rockford International Airport	Chicago/Rockford	42.195400	-89.097198
RFG	KRFG	Rooke Field	Refugio	28.293600	-97.322998
RFK	5MS1	Rollang Field	Rolling Fork	32.953543	-90.845144
RFN	BIRG	Raufarhöfn Airport	Raufarhöfn	66.406403	-15.918300
RFP	NTTR	Raiatea Airport	Uturoa	-16.722900	-151.466003
RFR	MRRF	Rio Frio / Progreso Airport	Rio Frio / Progreso	10.327400	-83.887604
RFS	MNRT	Rosita Airport	La Rosita	13.889700	-84.408897
RGA	SAWE	Gobernador Ramón Trejo Noel International Airport	Rio Grande	-53.777700	-67.749400
RGH	VEBG	Balurghat Airport	Balurghat	25.261700	88.795601
RGI	NTTG	Rangiroa Airport		-14.954300	-147.660995
RGK	UNBG	Gorno-Altaysk Airport	Gorno-Altaysk	51.969204	85.836539
RGL	SAWG	Piloto Civil Norberto Fernández International Airport	Rio Gallegos	-51.608791	-69.308948
RGN	VYYY	Yangon International Airport	Yangon	16.907301	96.133202
RGO	ZKHM	Orang (Chongjin) Airport	Hoemun-ri	41.428538	129.647555
RGR	F23	Ranger Municipal Airport	Ranger	32.452599	-98.682800
RGS	LEBG	Burgos Airport	Burgos	42.357601	-3.620760
RGT	WIBJ	Japura Airport	Rengat-Sumatra Island	-0.352808	102.334999
RHA	BIRE	Reykhólar Airport	Reykhólar	65.452629	-22.206116
RHD	SANR	Termas de Río Hondo international Airport	Termas de Río Hondo	-27.496600	-64.935950
RHG	HRYU	Ruhengeri Airport	Ruhengeri	-1.496873	29.631343
RHI	KRHI	Rhinelander Oneida County Airport	Rhinelander	45.631199	-89.467499
RHL	YRYH	Roy Hill Station Airport		-22.625816	119.959030
RHN	FYSA	Skorpion Mine Airport	Rosh Pinah	-27.876400	16.647800
RHO	LGRP	Rhodes International Airport "Diagoras"	Rhodes	36.405399	28.086201
RHP	VNRC	Ramechhap Airport	Ramechhap	27.393999	86.061401
RHT	ZBAR	Alxa Right Banner Badanjilin Airport	Badanjilin	39.225000	101.546000
RHV	KRHV	Reid-Hillview Airport of Santa Clara County	San Jose	37.332901	-121.819000
RIA	SBSM	Santa Maria Airport	Santa Maria	-29.711399	-53.688202
RIB	SLRI	Capitán Av. Selin Zeitun Lopez Airport	Riberalta	-11.009355	-66.075468
RIC	KRIC	Richmond International Airport	Richmond	37.505199	-77.319702
RID	KRID	Richmond Municipal Airport	Richmond	39.757198	-84.842796
RIE	KRPD	Rice Lake Regional Airport - Carl's Field	Rice Lake	45.423024	-91.773127
RIF	KRIF	Richfield Municipal Airport	Richfield	38.734068	-112.101603
RIG	SJRG	Rio Grande Regional Airport	Rio Grande	-32.083065	-52.167184
RIH	MPSM	Scarlett Martinez International Airport	Río Hato	8.375880	-80.127899
RIJ	SPJA	Juan Simons Vela Airport	Rioja	-6.067860	-77.160004
RIL	KRIL	Garfield County Regional Airport	Rifle	39.526299	-107.726997
RIM	SPLN	San Nicolas Airport	Rodriguez de Mendoza	-6.392310	-77.501198
RIN	AGRC	Ringi Cove Airport	Ringi Cove	-8.126390	157.143005
RIR	KRIR	Flabob Airport	Riverside	33.989700	-117.411003
RIS	RJER	Rishiri Airport	Rishiri	45.242001	141.186005
RIV	KRIV	March Air Reserve Base	Riverside	33.880699	-117.259003
RIW	KRIW	Central Wyoming Regional Airport	Riverton	43.064201	-108.459999
RIX	EVRA	Riga International Airport	Riga	56.920752	23.970711
RIY	OYRN	Riyan International Airport	Mukalla(Riyan)	14.662241	49.375289
RIZ	ZSRZ	Rizhao Shanzihe Airport	Rizhao (Donggang)	35.405033	119.324403
RJA	VORY	Rajahmundry Airport	Madhurapudi	17.105799	81.813204
RJB	VNRB	Rajbiraj Airport	Rajbiraj	26.510066	86.733902
RJH	VGRJ	Shah Makhdum Airport	Rajshahi	24.437201	88.616501
RJI	IN-RJI	Rajouri Airport	Rajouri	33.377899	74.315201
RJK	LDRI	Rijeka Airport	Rijeka(Omišalj)	45.216376	14.570850
RJL	LELO	Logroño-Agoncillo Airport	Logroño	42.460953	-2.322235
RJM	WASN	Marinda Airport	Waisai	-0.424969	130.773535
RJN	OIKR	Rafsanjan Airport	Rafsanjan	30.298345	56.048979
RKA	NTKK	Aratika Nord Airport		-15.485673	-145.464778
RKD	KRKD	Knox County Regional Airport	Rockland	44.060101	-69.099197
RKE	EKRK	Copenhagen Roskilde Airport	Roskilde	55.585602	12.131400
RKH	KUZA	Rock Hill - York County Airport	Rock Hill	34.987801	-81.057198
RKI	WIEB	Mentawai Airport	Sipura Island	-2.100100	99.704400
RKP	KRKP	Aransas County Airport	Rockport	28.086800	-97.044601
RKR	KRKR	Robert S Kerr Airport	Poteau	35.021599	-94.621300
RKS	KRKS	Southwest Wyoming Regional Airport	Rock Springs	41.594200	-109.065001
RKT	OMRK	Ras Al Khaimah International Airport	Ras Al Khaimah	25.613501	55.938801
RKU	AYRK	Kairuku Airport	Yule Island	-8.817000	146.524383
RKV	BIRK	Reykjavík Domestic Airport	Reykjavík	64.128732	-21.937590
RKW	KRKW	Rockwood Municipal Airport	Rockwood	35.922298	-84.689697
RKY	RKY	Rokeby Airport	Rokeby	-13.643400	142.641000
RKZ	ZURK	Xigaze Peace Airport / Shigatse Air Base	Xigazê (Samzhubzê)	29.350876	89.299157
RLA	K07	Rolla Downtown Airport	Rolla	37.935699	-91.813499
RLD	KRLD	Richland Airport	Richland	46.305599	-119.304001
RLG	ETNL	Rostock-Laage Airport	Laage	53.918201	12.278300
RLK	ZBYZ	Bayannur Tianjitai Airport	Bayannur	40.926358	107.740930
RLO	SAOS	Valle Del Conlara International Airport	Merlo	-32.384701	-65.186501
RLP	RLP	Rosella Plains Airport	Rosella Plains	-18.425300	144.458700
RLR	MG-0021	Relais de la Reine Airport	Isalo	-22.645343	45.323914
RLT	DRZL	Arlit Airport	Arlit	18.790400	7.365950
RMA	YROM	Roma Airport	Roma	-26.545000	148.774994
RMB	OOBR	Buraimi Airport	Buraimi	24.241626	55.783674
RMD	VORG	Basanth Nagar Airport	Ramagundam	18.701000	79.392300
RME	KRME	Griffiss International Airport	Rome	43.233799	-75.406998
RMF	HEMA	Marsa Alam International Airport	Marsa Alam	25.555548	34.592450
RMG	KRMG	Richard B Russell Airport	Rome	34.350601	-85.157997
RMI	LIPR	Federico Fellini International Airport	Rimini (RN)	44.020024	12.612198
RMK	YREN	Renmark Airport		-34.196400	140.673996
RML	VCCC	Colombo Ratmalana International Airport	Colombo	6.821638	79.885859
RMN	AYRG	Rumginae Airport		-5.897222	141.271667
RMO	LUKK	Chişinău International Airport	Chişinău	46.927740	28.931704
RMP	PFMP	Rampart Airport	Rampart	65.507896	-150.141007
RMQ	RCMQ	Taichung International Airport / Ching Chuang Kang Air Base	Taichung (Qingshui)	24.264700	120.621002
RMS	ETAR	Ramstein Air Base	Ramstein-Miesenbach	49.436901	7.600280
RMT	NTAM	Rimatara Airport	Rimatara Island	-22.637250	-152.805900
RMU	LEMI	Region of Murcia International Airport	Corvera	37.802852	-1.124884
RMY	KMPI	Mariposa Yosemite Airport	Mariposa	37.510899	-120.040001
RMZ	USTJ	Tobolsk Remezov Airport	Tobolsk	58.059712	68.347997
RNA	AGAR	Ulawa Airport	Arona	-9.860544	161.979547
RNB	ESDF	Ronneby Airport	Ronneby	56.266701	15.265000
RNC	KRNC	Warren County Memorial Airport	Mc Minnville	35.698700	-85.843803
RND	KRND	Randolph Air Force Base	Universal City	29.529699	-98.278900
RNE	LFLO	Roanne-Renaison Airport	Saint-Léger-sur-Roanne	46.053818	3.999023
RNH	KRNH	New Richmond Regional Airport	New Richmond	45.148300	-92.538101
RNI	MNCI	Corn Island Airport	Corn Island	12.174785	-83.059445
RNJ	RORY	Yoron Airport	Yoron	27.043847	128.401648
RNL	AGGR	Rennell/Tingoa Airport	Rennell Island	-11.550000	160.062778
RNM	OOGB	Qarn Alam Airport	Ghaba	21.377199	57.056293
RNN	EKRN	Bornholm Airport	Rønne	55.063301	14.759600
RNO	KRNO	Reno Tahoe International Airport	Reno	39.499100	-119.767998
RNP	MH-RNP	Rongelap Island Airport	Rongelap Island	11.157200	166.886993
RNS	LFRN	Rennes-Saint-Jacques Airport	Saint-Jacques-de-la-Lande, Ille-et-Vilaine	48.069500	-1.734790
RNT	KRNT	Renton Municipal Airport	Renton	47.493099	-122.216003
RNU	WBKR	Ranau Airport	Ranau	5.957793	116.680191
RNZ	KRZL	Jasper County Airport	Rensselaer	40.947899	-87.182602
ROA	KROA	Roanoke–Blacksburg Regional Airport	Roanoke	37.325500	-79.975403
ROB	GLRB	Roberts International Airport	Monrovia	6.233790	-10.362300
ROC	KROC	Frederick Douglass Greater Rochester International Airport	Rochester	43.118900	-77.672401
ROD	FARS	Robertson Airport	Robertson	-33.812199	19.902800
ROF	K1O5	Montague-Yreka Rohrer Field	Montague	41.730400	-122.545998
ROG	KROG	Rogers Municipal Airport-Carter Field	Rogers	36.372299	-94.106903
ROH	YROB	Robinhood Airport		-18.844999	143.710007
ROI	VTUV	Roi Et Airport	Roi Et	16.116800	103.774002
ROK	YBRK	Rockhampton Airport	Rockhampton	-23.380019	150.475359
ROL	K74V	Roosevelt Municipal Airport	Roosevelt	40.278301	-110.051003
RON	SKPA	Juan Jose Rondon Airport	Paipa	5.764540	-73.105400
ROO	SBRD	Maestro Marinho Franco Airport	Rondonópolis	-16.584292	-54.724803
ROP	PGRO	Rota International Airport	Rota Island	14.173267	145.241103
ROR	PTRO	Roman Tmetuchl International Airport	Babelthuap Island	7.366965	134.544085
ROS	SAAR	Rosario Islas Malvinas International Airport	Rosario	-32.903600	-60.785000
ROT	NZRO	Rotorua Regional Airport	Rotorua	-38.109200	176.317001
ROU	LBRS	Ruse Airport	Shtraklevo	43.694801	26.056700
ROV	URRP	Platov International Airport	Rostov-on-Don	47.493888	39.924722
ROW	KROW	Roswell Air Center Airport	Roswell	33.301601	-104.530998
ROX	KROX	Roseau Municipal Rudy Billberg Field	Roseau	48.855999	-95.696999
ROY	SAWM	Rio Mayo Airport	Rio Mayo	-45.703899	-70.245598
ROZ	LERT	Rota Naval Station Airport	Rota	36.645199	-6.349460
RPA	VNRP	Rolpa Airport	Rolpa	28.267292	82.756496
RPB	YRRB	Roper Bar Airport	Roper Bar	-14.734814	134.525485
RPM	YNGU	Ngukurr Airport	Roper River	-14.722800	134.746994
RPN	LLIB	Rosh Pina Airport	Rosh Pina	32.980999	35.571899
RPR	VERP	Swami Vivekananda Airport	Raipur	21.180401	81.738800
RPU	SBUY	Urucu Airport	Urucu	-4.884263	-65.355421
RPV	RPV	Roper Valley Airport	Roper Valley	-14.921500	134.050000
RPX	KRPX	Roundup Airport	Roundup	46.475095	-108.541497
RQA	ZWRQ	Ruoqiang Loulan Airport	Ruoqiang Town	38.974722	88.008333
RQO	KRQO	El Reno Regional Airport	El Reno	35.472698	-98.005798
RQW	ORQW	Qayyarah West Airport	Qayyarah	35.767200	43.125099
RQY	VOSH	Rashtrakavi Kuvempu Airport	Shimoga	13.858024	75.618868
RRE	YMRE	Marree Airport		-29.663300	138.065002
RRG	FIMR	Sir Charles Gaetan Duval Airport	Port Mathurin	-19.756696	63.359326
RRJ	SBJR	Jacarepaguá - Roberto Marinho Airport	Rio de Janeiro	-22.986773	-43.372194
RRK	VERK	Rourkela Airport	Rourkela	22.256571	84.815193
RRL	KRRL	Merrill Municipal Airport	Merrill	45.198898	-89.712898
RRM	RRM	Marromeu Airport	Marromeu	-18.319259	35.949501
RRR	NTKO	Raroia Airport	Raroia	-16.050485	-142.476568
RRS	ENRO	Røros Airport	Røros	62.578400	11.342300
RRT	KRRT	Warroad International Memorial Airport	Warroad	48.941399	-95.348396
RRV	YRBR	Robinson River Airport		-16.718300	136.945007
RSA	SAZR	Santa Rosa Airport	Santa Rosa	-36.588299	-64.275703
RSB	YRSB	Roseberth Airport		-25.825737	139.627476
RSD	MYER	Rock Sound International Airport	Rock Sound	24.891650	-76.177602
RSH	PARS	Russian Mission Airport	Russian Mission	61.775071	-161.319466
RSI	OERS	Red Sea International Airport	Hanak	25.627975	37.088914
RSK	WASC	Abresso Airport	Ransiki-Papua Island	-1.496667	134.192500
RSL	KRSL	Russell Municipal Airport	Russell	38.872101	-98.811798
RSN	KRSN	Ruston Regional Airport	Ruston	32.514187	-92.588517
RSS	HSDZ	Damazin Airport	Ad Damazin	11.785900	34.336700
RST	KRST	Rochester International Airport	Rochester	43.908298	-92.500000
RSU	RKJY	Yeosu Airport	Yeosu	34.842300	127.616997
RSW	KRSW	Southwest Florida International Airport	Fort Myers	26.534685	-81.752816
RTA	NFNR	Rotuma Airport	Rotuma	-12.482500	177.070999
RTB	MHRO	Juan Manuel Gálvez International Airport	Coxen Hole	16.316799	-86.523003
RTC	VARG	Ratnagiri Airport		17.013599	73.327797
RTE	SBMT	Campo de Marte Airport	São Paulo	-23.509100	-46.637798
RTG	WATG	Frans Sales Lega Airport	Satar Tacik, Manggarai	-8.596171	120.478177
RTI	WATR	David Constantijn Saudale Airport	Ba'a - Rote Island	-10.765834	123.076046
RTL	US-0F3	Spirit Lake Municipal Airport	Okoboji	43.387501	-95.139198
RTM	EHRD	Rotterdam The Hague Airport	Rotterdam	51.956902	4.437220
RTN	KRTN	Raton Municipal Airport / Crews Field	Raton	36.741501	-104.501999
RTO	WIRR	Budiarto Airport	Tangerang-Java Island	-6.293171	106.570000
RTP	YRTP	Rutland Plains Airport	Yagoonya	-15.644963	141.844373
RTS	YRTI	Rottnest Island Airport		-32.006699	115.540001
RTU	WAQC	Maratua Airport	Maratua	2.197590	118.599361
RTY	YMYT	Merty Merty Airport		-28.582713	140.303264
RUA	HUAR	Arua Airport	Arua	3.049152	30.911714
RUD	OIMJ	Shahrud International Airport	Shahrud	36.424889	55.104289
RUE	FZMB	Rughenda Airfield	Butembo	0.117142	29.312992
RUF	ID-0324	Yuruf Airport [UNUSABLE]	Amgotro	-3.628919	140.953689
RUG	ZSRG	Rugao Air Base	Rugao (Nantong)	32.258341	120.501131
RUH	OERK	King Khalid International Airport	Riyadh	24.957600	46.698799
RUI	KSRR	Sierra Blanca Regional Airport	Alto	33.462799	-105.535004
RUK	VNRK	Rukum Chaurjahari Airport	Rukumkot	28.627001	82.194021
RUL	VRQM	Maavaarulaa Airport	Maavaarulu	0.338085	73.512869
RUM	VNRT	Rumjatar Airport	Rumjatar	27.303499	86.550400
RUN	FMEE	Roland Garros Airport	Sainte-Marie	-20.890087	55.518894
RUP	VERU	Rupsi Airport	Rupsi	26.141867	89.907892
RUR	NTAR	Rurutu Airport		-22.434099	-151.360992
RUS	AGGU	Marau Airport	Marau	-9.861670	160.824997
RUT	KRUT	Rutland - Southern Vermont Regional Airport	Rutland	43.529400	-72.949600
RUU	RUU	Ruti Airport	Kawbenaberi	-5.334444	144.256667
RUV	MGRB	Rubelsanto Airport	Rubelsanto	15.992000	-90.445297
RUY	MHRU	Rioamarillo Airport	Copán Ruinas	14.914885	-89.007837
RVA	FMSG	Farafangana Airport	Farafangana	-22.805300	47.820599
RVC	RVC	River Cess Airport and Heliport	River Cess	5.472469	-9.585460
RVD	SWLC	General Leite de Castro Airport	Rio Verde	-17.834723	-50.956112
RVE	SKSA	Los Colonizadores Airport	Saravena	6.951868	-71.857179
RVK	ENRM	Rørvik Airport, Ryum	Rørvik	64.838303	11.146100
RVN	EFRO	Rovaniemi Airport	Rovaniemi	66.563327	25.829751
RVO	FARI	Reivilo Airport	Reivilo	-27.547199	24.172501
RVR	KU34	Green River Municipal Airport	Green River	38.961399	-110.226997
RVS	KRVS	Tulsa Riverside Airport	Tulsa	36.039600	-95.984596
RVT	YNRV	Ravensthorpe Airport		-33.797199	120.208000
RVV	NTAV	Raivavae Airport		-23.885201	-147.662003
RVY	SURV	Pres. Gral. Óscar D. Gestido Binational Airport	Rivera/Santana do Livramento	-30.974600	-55.476200
RWF	KRWF	Redwood Falls Municipal Airport	Redwood Falls	44.547199	-95.082298
RWI	KRWI	Rocky Mount Wilson Regional Airport	Rocky Mount	35.856300	-77.891899
RWL	KRWL	Rawlins Municipal Airport/Harvey Field	Rawlins	41.805599	-107.199997
RWN	UKLR	Rivne International Airport	Rivne	50.607101	26.141600
RXA	YE-0005	Ar Rawdah Airport	Ar Rawdah	14.448720	47.279550
RXE	KRXE	Rexburg Madison County Airport	Rexburg	43.833900	-111.805002
RXS	RPVR	Roxas Airport	Roxas City	11.597700	122.751999
RYB	UUBK	Staroselye Airport	Rybinsk	58.104198	38.929401
RYK	OPRK	Shaikh Zaid Airport	Rahim Yar Khan	28.383900	70.279602
RYL	FLRZ	Royal Zambezi Lodge Airstrip	Lower Zambezi River	-15.724789	29.303541
RYN	LFCY	Royan-Médis Airport	Royan/Médis	45.628101	-0.972500
RYO	SAWT	28 de Noviembre Airport	Rio Turbio	-51.605000	-72.220300
RZA	SAWU	Santa Cruz Airport	Puerto Santa Cruz	-50.016500	-68.579200
RZE	EPRZ	Rzeszów-Jasionka Airport	Jasionka	50.109791	22.024155
RZH	UIKP	Preobrazheniye Airport	Preobrazheniye	42.921698	133.904438
RZP	RPSD	Cesar Lim Rodriguez (Taytay-Sandoval) Airport	Taytay	11.050650	119.519266
RZR	OINR	Ramsar Airport	Ramsar	36.907010	50.687316
RZS	OPSW	Sawan Airport	Sawan Gas Field	26.966200	68.878098
RZV	LTFO	Rize–Artvin Airport	Rize	41.179766	40.848802
SAA	KSAA	Shively Field	Saratoga	41.444901	-106.823997
SAB	TNCS	Juancho E. Yrausquin Airport	Zion's Hill	17.645330	-63.220514
SAC	KSAC	Sacramento Executive Airport	Sacramento	38.512501	-121.492996
SAD	KSAD	Safford Regional Airport	Safford	32.854801	-109.635002
SAF	KSAF	Santa Fe Municipal Airport	Santa Fe	35.617100	-106.088997
SAG	VASD	Shirdi International Airport	Kakadi	19.689211	74.373655
SAH	OYSN	Sanaa International Airport	Sanaa	15.476300	44.219700
SAI	VDSA	Siem Reap-Angkor International Airport	Siem Reap	13.369740	104.223831
SAK	BIKR	Sauðárkrókur Airport	Sauðárkrókur	65.731697	-19.572800
SAL	MSLP	El Salvador International Airport Saint Óscar Arnulfo Romero y Galdámez	San Salvador (San Luis Talpa)	13.444470	-89.055784
SAM	SAM	Salamo Airport	Salamo	-9.670100	150.790300
SAN	KSAN	San Diego International Airport	San Diego	32.733601	-117.190002
SAP	MHLM	Ramón Villeda Morales International Airport	San Pedro Sula	15.452600	-87.923599
SAQ	MYAN	San Andros Airport	Andros Island	25.053801	-78.049004
SAR	KSAR	Sparta Community Airport - Hunter Field	Sparta	38.148899	-89.698700
SAS	KSAS	Salton Sea Airport	Salton City	33.241402	-115.952003
SAT	KSAT	San Antonio International Airport	San Antonio	29.533701	-98.469803
SAU	WATS	Sabu-Tardanu Airport	Sabu-Sawu Island	-10.492400	121.848200
SAV	KSAV	Savannah Hilton Head International Airport	Savannah	32.126591	-81.199980
SAW	LTFJ	Istanbul Sabiha Gökçen International Airport	Pendik, Istanbul	40.898602	29.309200
SAX	PA-SAX	Sambú Airport	Boca de Sábalo	8.026279	-78.209555
SAZ	GLST	Sasstown Airport	Sasstown	4.681845	-8.434668
SBA	KSBA	Santa Barbara Municipal Airport	Santa Barbara	34.426201	-119.839996
SBB	SVSB	Santa Bárbara de Barinas Airport	Santa Bárbara	7.803514	-71.165718
SBC	AYSO	Selbang Airport	Selbang	-5.315000	141.752000
SBD	KSBD	San Bernardino International Airport	San Bernardino	34.096717	-117.236596
SBE	AYSA	Suabi Airport		-6.104444	142.278333
SBF	OADS	Sardeh Band Airport	Sardeh Band	33.320702	68.636497
SBG	WITN	Maimun Saleh Airport	Sabang	5.874668	95.339670
SBH	TFFJ	St. Jean Airport	Gustavia	17.904398	-62.843333
SBI	GUSB	Sambailo Airport	Koundara	12.575315	-13.363349
SBJ	SNMX	São Mateus - Ernesto Bonomo Airport	São Mateus	-18.721300	-39.833698
SBK	LFRT	Saint-Brieuc-Armor Airport	Trémuson, Côtes-d'Armor	48.538628	-2.853518
SBL	SLSA	Santa Ana Del Yacuma Airport	Santa Ana del Yacuma	-13.762200	-65.435204
SBM	KSBM	Sheboygan County Memorial Airport	Sheboygan	43.769600	-87.851402
SBN	KSBN	South Bend International Airport	South Bend	41.708304	-86.316922
SBO	K44U	Salina Gunnison Airport	Salina	39.029099	-111.837997
SBP	KSBP	San Luis County Regional Airport	San Luis Obispo	35.236801	-120.641998
SBQ	OPSB	Sibi Airport	Sibi	29.571199	67.847900
SBR	YSII	Saibai Island Airport	Saibai Island	-9.378330	142.625000
SBS	KSBS	Steamboat Springs Bob Adams Field	Steamboat Springs	40.516300	-106.865997
SBT	USDA	Sabetta International Airport	Sabetta	71.219167	72.052222
SBU	FASB	Springbok Airport	Springbok	-29.689301	17.939600
SBV	AYSH	Sabah Airport	Sabah	-5.576500	155.048900
SBW	WBGS	Sibu Airport	Sibu	2.261600	111.985001
SBX	KSBX	Shelby Airport	Shelby	48.540699	-111.871002
SBY	KSBY	Salisbury Ocean City Wicomico Regional Airport	Salisbury	38.340500	-75.510300
SBZ	LRSB	Sibiu International Airport	Sibiu	45.785841	24.086666
SCA	SK-207	Santa Catalina Airport	Santa Catalina	8.500000	-76.175000
SCB	KSCB	Scribner State Airport	Scribner	41.610298	-96.629898
SCC	PASC	Deadhorse Airport	Deadhorse	70.194702	-148.464996
SCD	MHUL	Sulaco Airport	Sulaco	14.907200	-87.263397
SCE	KUNV	State College Regional Airport	State College	40.849374	-77.848520
SCF	KSDL	Scottsdale Airport	Scottsdale	33.622898	-111.911003
SCG	YSPK	Spring Creek Airport		-18.637704	144.545672
SCH	KSCH	Schenectady County Airport	Schenectady	42.852501	-73.928902
SCI	SVPM	Paramillo Airport	San Cristóbal	7.801389	-72.202778
SCK	KSCK	Stockton Metropolitan Airport	Stockton	37.893279	-121.238079
SCL	SCEL	Comodoro Arturo Merino Benítez International Airport	Santiago	-33.393002	-70.785797
SCM	PACM	Scammon Bay Airport	Scammon Bay	61.844710	-165.575209
SCN	EDDR	Saarbrücken Airport	Saarbrücken	49.214545	7.109735
SCO	UATE	Aktau International Airport	Aktau	43.860093	51.090860
SCP	LFNC	Mont-Dauphin Saint-Crépin Airfield	Saint-Crépin, Hautes-Alpes	44.701698	6.600280
SCQ	LEST	Santiago-Rosalía de Castro Airport	Santiago de Compostela	42.896301	-8.415140
SCR	ESKS	Scandinavian Mountains Airport	Malung-Sälen	61.165080	12.833520
SCT	OYSQ	Socotra Airport	Mori	12.632093	53.906173
SCU	MUCU	Antonio Maceo International Airport	Santiago	19.974740	-75.835504
SCV	LRSV	Suceava Ștefan cel Mare International Airport	Suceava	47.687500	26.354099
SCW	UUYY	Syktyvkar Airport	Syktyvkar	61.646999	50.845100
SCX	MMSZ	Estación Aeronaval de Salina Cruz	Salina Cruz	16.212601	-95.201599
SCY	SEST	San Cristóbal Airport	Puerto Baquerizo Moreno	-0.910206	-89.617401
SCZ	AGGL	Santa Cruz/Graciosa Bay/Luova Airport	Santa Cruz/Graciosa Bay/Luova	-10.720300	165.794998
SDB	FALW	Langebaanweg Airport	Langebaanweg	-32.968899	18.160299
SDC	SYSC	Sand Creek Airport	Sand Creek	2.991300	-59.510000
SDD	FNUB	Lubango Mukanka International Airport	Lubango	-14.924839	13.576653
SDE	SANE	Vicecomodoro Angel D. La Paz Aragonés Airport	Santiago del Estero	-27.765556	-64.309998
SDF	KSDF	Louisville Muhammad Ali International Airport	Louisville	38.170600	-85.735076
SDG	OICS	Sanandaj Airport		35.245899	47.009201
SDI	AYSD	Saidor Airport	Saidor	-5.627139	146.462778
SDJ	RJSS	Sendai Airport	Natori	38.139702	140.917007
SDK	WBKS	Sandakan Airport	Sandakan	5.900900	118.058998
SDL	ESNN	Sundsvall-Härnösand Airport	Sundsvall/ Härnösand	62.528099	17.443899
SDM	KSDM	Brown Field Municipal Airport	San Diego	32.572639	-116.980019
SDN	ENSD	Sandane Airport, Anda	Sandane	61.830002	6.105830
SDP	PASD	Sand Point Airport	Sand Point	55.313908	-160.522099
SDQ	MDSD	Las Américas International Airport	Santo Domingo	18.429701	-69.668900
SDR	LEXJ	Seve Ballesteros-Santander Airport	Santander	43.427101	-3.820010
SDS	RJSD	Sado Airport	Sado	38.060200	138.414001
SDT	OPSS	Saidu Sharif Airport	Saidu Sharif	34.813599	72.352798
SDU	SBRJ	Santos Dumont Airport	Rio de Janeiro	-22.910397	-43.162820
SDW	VOSR	Sindhudurg Airport	Chipi	16.002552	73.529846
SDX	KSEZ	Sedona Airport	Sedona	34.848598	-111.788002
SDY	KSDY	Sidney - Richland Regional Airport	Sidney	47.705141	-104.194422
SEA	KSEA	Seattle–Tacoma International Airport	Seattle	47.447943	-122.310276
SEB	HLLS	Sabha Airport	Sabha	26.992452	14.466162
SEE	KSEE	Gillespie Field	San Diego/El Cajon	32.826199	-116.972000
SEF	KSEF	Sebring Regional Airport	Sebring	27.456400	-81.342400
SEG	KSEG	Penn Valley Airport	Selinsgrove	40.820599	-76.863899
SEH	WAJS	Senggeh Airport	Senggeh	-3.442448	140.778079
SEK	UESK	Srednekolymsk Airport	Srednekolymsk	67.480500	153.736400
SEM	KSEM	Craig Field	Selma	32.343899	-86.987801
SEN	EGMC	London Southend Airport	Southend-on-Sea, Essex	51.570562	0.693627
SEO	DISG	Séguéla Airport	Séguéla	7.960000	-6.644167
SEP	KSEP	Stephenville Clark Regional Airport	Stephenville	32.215302	-98.177696
SEQ	WIBS	Sungai Pakning Bengkalis Airport	Bengkalis-Sumatra Island	1.370000	102.139999
SER	KSER	Freeman Municipal Airport	Seymour	38.923599	-85.907402
SES	UOIG	Svetlogorsk Airport	Svetlogorsk	66.839996	88.403336
SET	SNHS	Santa Magalhães Airport	Serra Talhada	-8.061433	-38.328888
SEU	HTSN	Seronera Airport	Seronera	-2.458060	34.822498
SEW	HESW	Siwa Oasis North Airport	Siwa Oasis	29.346234	25.505624
SEY	GQNS	Sélibaby Airport	Sélibaby	15.179700	-12.207300
SEZ	FSIA	Seychelles International Airport	Victoria	-4.674340	55.521801
SFA	DTTX	Sfax Thyna International Airport	Sfax	34.717999	10.691000
SFB	KSFB	Orlando Sanford International Airport	Orlando	28.774277	-81.234626
SFC	TFFC	St-François Airport	St-François	16.257799	-61.262501
SFD	SVSR	San Fernando de Apure Las Flecheras National Airport	San Fernando de Apure	7.883320	-67.444000
SFE	RPUS	San Fernando Airport	San Fernando	16.595600	120.303001
SFF	KSFF	Felts Field	Spokane	47.682899	-117.321925
SFG	TFFG	Grand Case-l'Espérance Airport	Grand Case	18.100057	-63.047444
SFH	MMSF	San Felipe International Airport	Mexicali	30.930060	-114.808459
SFJ	BGSF	Kangerlussuaq International Airport	Kangerlussuaq	67.010446	-50.715294
SFK	SNSW	Soure Airport	Soure	-0.697844	-48.519759
SFL	GVSF	São Filipe Airport	São Filipe	14.885000	-24.480000
SFM	KSFM	Sanford Seacoast Regional Airport	Sanford	43.393902	-70.708000
SFN	SAAV	Sauce Viejo Airport	Santa Fe	-31.711700	-60.811700
SFO	KSFO	San Francisco International Airport	San Francisco	37.619806	-122.374821
SFS	RPLB	Subic Bay International Airport / Naval Air Station Cubi Point	Olongapo	14.794833	120.271883
SFT	ESNS	Skellefteå Airport	Skellefteå	64.624802	21.076900
SFU	AYSF	Safia Airport	Safia	-9.594471	148.639305
SFV	SILT	Santa Fé do Sul Airport	Santa Fé do Sul	-20.228473	-50.968943
SFX	VE-0207	Macagua Airport	Ciudad Guayana	8.278800	-62.665200
SFZ	KSFZ	North Central State Airport	Pawtucket	41.920799	-71.491402
SGA	OASN	Sheghnan Airport	Shiveh	37.497642	71.508484
SGC	USRR	Surgut International Airport	Surgut	61.340501	73.405782
SGD	EKSB	Sønderborg Airport	Sønderborg	54.964401	9.791730
SGE	EDGS	Siegerland Airport	Burbach	50.707699	8.082970
SGF	KSGF	Springfield Branson National Airport	Springfield	37.245047	-93.388596
SGH	KSGH	Springfield-Beckley Municipal Airport	Springfield	39.840302	-83.840202
SGI	OPSR	Mushaf Air Base	Sargodha	32.048599	72.665001
SGK	AYSK	Sengapi Airstrip	Sengapi	-5.125833	144.323611
SGL	RPLS	Danilo Atienza Air Base	Cavite	14.495400	120.903999
SGM	MX-SGM	San Ignacio Airport	Mulegé	27.296473	-112.938809
SGN	VVTS	Tan Son Nhat International Airport	Ho Chi Minh City	10.818800	106.652000
SGO	YSGE	St George Airport		-28.049700	148.595001
SGP	YSHG	Shay Gap Airport	Shay Gap	-20.424700	120.140999
SGQ	WALA	Sangkimah Airport	Sanggata	0.384421	117.542832
SGR	KSGR	Sugar Land Regional Airport	Houston	29.622299	-95.656502
SGT	KSGT	Stuttgart Municipal Airport / Carl Humphrey Field	Stuttgart	34.599499	-91.574997
SGU	KSGU	St George Regional Airport	St George	37.036389	-113.510306
SGV	SAVS	Sierra Grande Airport	Sierra Grande	-41.591702	-65.339401
SGX	HTSO	Songea Airport	Songea	-10.683000	35.583000
SGY	PAGY	Skagway Airport	Skagway	59.460343	-135.316651
SGZ	VTSH	Songkhla Airport		7.186560	100.608002
SHA	ZSSS	Shanghai Hongqiao International Airport	Shanghai (Minhang)	31.198104	121.334260
SHB	RJCN	Nakashibetsu Airport	Nakashibetsu	43.577499	144.960007
SHC	HASR	Shire Inda Selassie Airport	Shire Inda Selassie	14.075699	38.273592
SHD	KSHD	Shenandoah Valley Regional Airport	Weyers Cave	38.263802	-78.896400
SHE	ZYTX	Shenyang Taoxian International Airport	Shenyang	41.639800	123.483668
SHF	ZWHZ	Shihezi Huayuan Airport	Shihezi	44.242100	85.890500
SHG	PAGH	Shungnak Airport	Shungnak	66.888100	-157.162003
SHH	PASH	Shishmaref Airport	Shishmaref	66.249604	-166.089112
SHI	RORS	Shimojishima Airport	Miyakojima	24.826700	125.144997
SHJ	OMSJ	Sharjah International Airport	Sharjah	25.328600	55.517200
SHK	FXSH	Sehonghong Airport	Sehonghong	-29.731088	28.767945
SHL	VEBI	Shillong Airport	Shillong	25.703600	91.978699
SHM	RJBD	Nanki Shirahama Airport	Shirahama	33.662201	135.363998
SHN	KSHN	Sanderson Field	Shelton	47.233601	-123.148003
SHO	FDSK	King Mswati III International Airport	Mpaka	-26.358611	31.716944
SHQ	YSPT	Southport Airport		-27.921848	153.371469
SHR	KSHR	Sheridan County Airport	Sheridan	44.769199	-106.980003
SHS	ZHJZ	Jingzhou Shashi Airport	Jingzhou (Shashi)	30.292810	112.448540
SHT	YSHT	Shepparton Airport		-36.428341	145.391473
SHU	YSMP	Smith Point Airport		-11.133566	132.159570
SHV	KSHV	Shreveport Regional Airport	Shreveport	32.444747	-93.826741
SHW	OESH	Sharurah Domestic Airport	Sharurah	17.466900	47.121399
SHX	PAHX	Shageluk Airport	Shageluk	62.692144	-159.569035
SHY	HTSY	Shinyanga Airport	Shinyanga	-3.609300	33.503500
SHZ	FXSS	Seshutes Airport	Seshutes	-29.267599	28.552299
SIA	ZLSN	Xi'an Xiguan Airport	Xi'an (Baqiao)	34.376701	109.120003
SIB	FCBS	Sibiti Airport	Sibiti	-3.686610	13.374020
SIC	SIC	San José Island Airport	Las Perlas	8.262200	-79.078000
SID	GVAC	Amílcar Cabral International Airport	Espargos	16.741400	-22.949400
SIF	VNSI	Simara Airport	Simara	27.159803	84.980021
SIG	TJIG	Fernando Luis Ribas Dominicci Airport	San Juan	18.456800	-66.098099
SIH	VNDT	Silgadi Doti Airport	Silgadi Doti	29.262226	80.935968
SIJ	BISI	Siglufjörður Airport	Siglufjörður	66.137847	-18.908157
SIK	KSIK	Sikeston Memorial Municipal Airport	Sikeston	36.898899	-89.561798
SIL	AYSG	Sila Airport	Sila Mission	-9.073556	148.389250
SIM	AYSJ	Simbai Airport	Simbai	-5.278611	144.544722
SIN	WSSS	Singapore Changi Airport	Singapore	1.350190	103.994003
SIO	YSMI	Smithton Airport		-40.834999	145.084000
SIP	UKFF	Simferopol International Airport	Simferopol	45.052200	33.975101
SIQ	WIDS	Dabo Airport	Pasirkuning-Singkep Island	-0.479611	104.579498
SIR	LSGS	Sion Airport	Sion	46.219166	7.326944
SIS	FASS	Sishen Airport	Sishen	-27.648600	22.999300
SIT	PASI	Sitka Rocky Gutierrez Airport	Sitka	57.047100	-135.362000
SIU	MNSI	Siuna	Siuna	13.727222	-84.777779
SIV	KSIV	Sullivan County Airport	Sullivan	39.114700	-87.448303
SIW	WIMP	Sibisa Airport	Parapat-Sumatra Island	2.601967	98.962381
SIX	YSGT	Singleton Airport	Singleton	-32.600832	151.193056
SIY	KSIY	Siskiyou County Airport	Montague	41.781399	-122.468002
SIZ	AYZN	Sissano Airport	Sissano	-2.999444	142.044500
SJA	SPJN	San Juan de Marcona Airport	San Juan de Marcona	-15.357508	-75.135005
SJB	SLJO	San Joaquín Airport	San Joaquín	-13.067209	-64.675205
SJC	KSJC	Norman Y. Mineta San Jose International Airport	San Jose	37.362452	-121.929188
SJD	MMSD	Los Cabos International Airport	San José del Cabo	23.151919	-109.720731
SJE	SKSJ	Jorge E. Gonzalez Torres Airport	San José Del Guaviare	2.579690	-72.639400
SJH	SK-183	San Juan Del César Airport	San Juan Del César	10.766667	-73.016667
SJI	RPUH	San Jose Airport	San Jose	12.361500	121.046997
SJJ	LQSA	Sarajevo International Airport	Sarajevo	43.824600	18.331499
SJK	SBSJ	Professor Urbano Ernesto Stumpf Airport	São José Dos Campos	-23.229200	-45.861500
SJL	SBUA	São Gabriel da Cachoeira Airport	São Gabriel da Cachoeira	-0.148350	-66.985500
SJN	KSJN	St Johns Industrial Air Park	St Johns	34.518600	-109.378998
SJO	MROC	Juan Santamaría International Airport	San José (Alajuela)	9.993860	-84.208801
SJP	SBSR	Prof. Eribelto Manoel Reino State Airport	São José do Rio Preto	-20.817113	-49.406963
SJQ	FLSS	Sesheke Airport	Sesheke	-17.476320	24.306089
SJR	SK-020	San Juan De Uraba Airport	San Juan De Uraba	8.766667	-76.533333
SJS	SLJE	San José De Chiquitos Airport	San José de Chiquitos	-17.830799	-60.743099
SJT	KSJT	San Angelo Regional Mathis Field	San Angelo	31.357700	-100.496002
SJU	TJSJ	Luis Munoz Marin International Airport	San Juan	18.439400	-66.001801
SJV	SLJV	San Javier Airport	San Javier	-16.270800	-62.470299
SJW	ZBSJ	Shijiazhuang Zhengding International Airport	Shijiazhuang	38.280701	114.696999
SJX	BZ-SJX	Sartaneja Airport	Sartaneja	18.356100	-88.130798
SJY	EFSI	Seinäjoki Airport	Seinäjoki / Ilmajoki	62.692101	22.832300
SJZ	LPSJ	São Jorge Airport	Velas	38.665501	-28.175800
SKA	KSKA	Fairchild Air Force Base	Spokane	47.615101	-117.655998
SKB	TKPK	Robert L. Bradshaw International Airport	Basseterre	17.310845	-62.719117
SKC	AYSU	Suki Airport	Suki	-8.046600	141.722200
SKD	UZSS	Samarkand International Airport	Samarkand	39.701842	66.981467
SKF	KSKF	Lackland Air Force Base	San Antonio	29.384199	-98.581100
SKG	LGTS	Thessaloniki Macedonia International Airport	Thessaloniki	40.519280	22.970009
SKH	VNSK	Surkhet Airport	Surkhet	28.586000	81.636002
SKJ	WIOD	Singkawang Airport	Singkawang	0.789936	108.960395
SKK	PFSH	Shaktoolik Airport	Shaktoolik	64.371101	-161.223999
SKL	EGEI	Broadford Airstrip	Ashaig, Highland	57.253131	-5.827755
SKM	SYSK	Skeldon Airport	Skeldon	5.859676	-57.149010
SKN	ENSK	Stokmarknes Airport, Skagen	Hadsel	68.578827	15.033417
SKO	DNSO	Sadiq Abubakar III International Airport	Sokoto	12.915729	5.207547
SKP	LWSK	Skopje International Airport	Ilinden	41.958087	21.622581
SKQ	FXSK	Sekakes Airport	Sekakes	-30.038900	28.370300
SKR	HASK	Shakiso Airport	Shakiso	5.692300	38.976400
SKS	EKSP	Skrydstrup Air Base	Vojens	55.221048	9.267020
SKT	OPST	Sialkot International Airport	Sialkot	32.535941	74.364623
SKU	LGSY	Skiros Airport	Skiros Island	38.967602	24.487200
SKV	HESC	Saint Catherine International Airport	Saint Catherine	28.684292	34.064409
SKW	PASW	Skwentna Airport	Skwentna	61.965302	-151.190994
SKX	UWPS	Saransk International Airport	Saransk	54.125130	45.212257
SKZ	OPSK	Begum Nusrat Bhutto International Airport Sukkur	Sukkur	27.722000	68.791702
SLA	SASA	Martín Miguel de Güemes International Airport	Salta	-24.856001	-65.486198
SLB	KSLB	Storm Lake Municipal Airport	Storm Lake	42.597301	-95.240700
SLC	KSLC	Salt Lake City International Airport	Salt Lake City	40.788860	-111.979866
SLD	LZSL	Sliač Airport	Sliač	48.637798	19.134100
SLE	KSLE	Salem-Willamette Valley Airport/McNary Field	Salem	44.909500	-123.002998
SLF	OESL	As-Sulayyil Airport	As-Sulayyil	20.464701	45.619598
SLG	KSLG	Smith Field	Siloam Springs	36.191898	-94.489998
SLH	NVSC	Sola Airport	Sola	-13.851700	167.537003
SLI	FLSW	Solwesi Airport	Solwesi	-12.173700	26.365101
SLJ	YSOL	Solomon Airport	Karijini National Park	-22.256770	117.850454
SLK	KSLK	Adirondack Regional Airport	Saranac Lake	44.386910	-74.204629
SLL	OOSA	Salalah International Airport	Salalah	17.038700	54.091301
SLM	LESA	Salamanca Airport	Salamanca	40.952099	-5.501990
SLN	KSLN	Salina Municipal Airport	Salina	38.791000	-97.652199
SLO	KSLO	Salem–Leckrone Airport	Salem	38.642899	-88.964203
SLP	MMSP	Ponciano Arriaga International Airport	San Luis Potosí	22.262026	-100.935692
SLQ	PASL	Sleetmute Airport	Sleetmute	61.700500	-157.166000
SLR	KSLR	Sulphur Springs Municipal Airport	Sulphur Springs	33.159801	-95.621101
SLT	KANK	Salida Airport - Harriet Alexander Field	Salida	38.538300	-106.049004
SLU	TLPC	George F. L. Charles Airport	Castries	14.020200	-60.992901
SLV	VISM	Shimla Airport	Jubbarhatti	31.081800	77.068001
SLW	MMIO	Plan de Guadalupe International Airport	Saltillo	25.537860	-100.928346
SLX	MBSY	Salt Cay Airport	Salt Cay	21.333000	-71.199997
SLY	USDD	Salekhard Airport	Salekhard	66.590797	66.611000
SLZ	SBSL	Marechal Cunha Machado International Airport	São Luís	-2.586386	-44.235008
SMA	LPAZ	Santa Maria Airport	Vila do Porto	36.971401	-25.170601
SMB	SCSB	Franco Bianco Airport	Cerro Sombrero	-52.736698	-69.333603
SMD	KSMD	Smith Field	Fort Wayne	41.143398	-85.152802
SME	KSME	Lake Cumberland Regional Airport	Somerset	37.053398	-84.615898
SMF	KSMF	Sacramento International Airport	Sacramento	38.695400	-121.591003
SMH	AYSP	Sapmanga Airport	Sapmanga	-6.075278	146.811111
SMI	LGSM	Samos Airport	Samos Island	37.689999	26.911699
SMJ	AYXI	Sim Airport	Sim	-7.750000	146.927300
SMK	PAMK	St Michael Airport	St Michael	63.490101	-162.110001
SML	MYLS	Stella Maris Airport	Stella Maris	23.582317	-75.268621
SMM	WBKA	Semporna Airport	Semporna	4.454596	118.595023
SMN	KSMN	Lemhi County Airport	Salmon	45.122233	-113.881960
SMO	KSMO	Santa Monica Municipal Airport	Santa Monica	34.015800	-118.450996
SMP	PG-0100	Stockholm Landing Strip	Stockholm	-4.350000	151.550000
SMQ	WAGS	Sampit (H.Asan) Airport	Sampit	-2.499198	112.974987
SMR	SKSM	Simón Bolívar International Airport	Santa Marta	11.119600	-74.230600
SMS	FMMS	Sainte Marie Airport	Vohilava	-17.093901	49.815800
SMT	SBSO	Adolino Bedin Regional Airport	Sorriso	-12.479177	-55.672341
SMU	PASP	Sheep Mountain Airport	Sheep Mountain	61.812000	-147.507004
SMV	LSZS	Engadin Airport	Samedan	46.534100	9.884110
SMW	GMMA	Smara Airport	Smara	26.731987	-11.683655
SMX	KSMX	Santa Maria Public Airport Captain G Allan Hancock Field	Santa Maria	34.898899	-120.457001
SMY	GOTS	Simenti Airport	Simenti	13.046800	-13.295400
SMZ	SMST	Stoelmanseiland Airport	Stoelmanseiland	4.351389	-54.418056
SNA	KSNA	John Wayne Orange County International Airport	Santa Ana	33.675063	-117.869281
SNB	YSNK	Snake Bay Airport	Milikapiti	-11.417674	130.648481
SNC	SESA	General Ulpiano Paez International Airport	Salinas/La Libertad	-2.210057	-80.985067
SNE	GVSN	Preguiça Airport	Preguiça	16.588852	-24.284132
SNF	SVSP	Sub Teniente Nestor Arias Airport	San Felipe	10.278700	-68.755203
SNG	SLSI	Capitán Av. Juan Cochamanidis S. Airport	San Ignacio de Velasco	-16.387190	-60.962318
SNH	YSPE	Stanthorpe Airport		-28.620113	151.983281
SNI	GLGE	Greenville/Sinoe Airport	Greenville	5.032124	-9.064236
SNJ	MUSJ	San Julián Air Base	Sandino	22.100525	-84.157376
SNK	KSNK	Winston Field	Snyder	32.690212	-100.948918
SNL	KSNL	Shawnee Regional Airport	Shawnee	35.357899	-96.942802
SNM	SLSM	San Ignacio de Moxos Airport	San Ignacio de Moxos	-14.965800	-65.633800
SNN	EINN	Shannon Airport	Shannon	52.702000	-8.924820
SNO	VTUI	Sakon Nakhon Airport		17.195101	104.119003
SNP	PASN	St Paul Island Airport	St Paul Island	57.166311	-170.222555
SNQ	SNQ	San Quintín Military Airstrip	San Quintín	30.528800	-115.946200
SNR	LFRZ	Saint-Nazaire-Montoir Airport	Saint-Nazaire/Montoir	47.311420	-2.152634
SNS	KSNS	Salinas Municipal Airport	Salinas	36.662800	-121.606003
SNT	SKRU	Las Cruces Airport	Sabana de Torres	7.383220	-73.505402
SNU	MUSC	Abel Santamaria International Airport	Santa Clara	22.492215	-79.943119
SNV	SVSE	Santa Elena de Uairén Airport	Santa Elena de Uairén	4.554699	-61.145234
SNW	VYTD	Thandwe Airport	Thandwe	18.460699	94.300102
SNX	OIIS	Semnan Municipal Airport	Semnan	35.591099	53.495098
SNY	KSNY	Sidney Municipal Airport Lloyd W Carr Field	Sidney	41.101299	-102.985001
SNZ	SBSC	Santa Cruz Air Force Base	Rio de Janeiro	-22.932400	-43.719101
SOA	SOA	Sóc Trăng Airport	Sóc Trăng	9.581400	105.960200
SOB	LHSM	Hévíz–Balaton Airport	Sármellék	46.686391	17.159084
SOC	WAHQ	Adisoemarmo International Airport	Surakarta	-7.516044	110.757492
SOD	SDCO	Sorocaba Airport	Sorocaba	-23.478001	-47.490002
SOE	FCOS	Souanke Airport	Souanke	1.998326	14.174217
SOF	LBSF	Sofia Airport	Sofia	42.696357	23.417671
SOG	ENSG	Sogndal Airport, Haukåsen	Sogndal	61.156101	7.137780
SOH	SK-348	Solita Airport	Solita	3.016667	-71.750000
SOJ	ENSR	Sørkjosen Airport	Sørkjosen	69.786797	20.959400
SOK	FXSM	Semonkong Airport	Semonkong	-29.838600	28.059999
SOL	AK26	Solomon State Field	Solomon	64.560500	-164.445700
SOM	SVST	San Tomé Airport	El Tigre	8.945147	-64.151085
SON	NVSS	Santo Pekoa International Airport	Luganville	-15.505000	167.220001
SOO	ESNY	Söderhamn Airport	Söderhamn	61.261501	17.099100
SOP	KSOP	Moore County Airport	Carthage	35.237184	-79.389381
SOQ	WASS	Domine Eduard Osok Airport	Sorong	-0.894000	131.287000
SOR	SOR	Al Thaurah Airport	T2	34.390394	40.152560
SOT	EFSO	Sodankyla Airport	Sodankyla	67.394997	26.619101
SOU	EGHI	Southampton Airport	Southampton	50.950298	-1.356800
SOV	PASO	Seldovia Airport	Seldovia	59.442981	-151.705227
SOW	KSOW	Show Low Regional Airport	Show Low	34.264062	-110.007091
SOX	SKSO	Alberto Lleras Camargo Airport	Sogamoso	5.677320	-72.970300
SOY	EGER	Stronsay Airport	Stronsay	59.155300	-2.641390
SOZ	LFKS	Solenzara (BA 126) Air Base	Solenzara	41.924400	9.406000
SPA	KSPA	Spartanburg Downtown Memorial Airport	Spartanburg	34.915699	-81.956497
SPC	GCLA	La Palma Airport	Sta Cruz de la Palma, La Palma Island	28.626499	-17.755600
SPD	VGSD	Saidpur Airport	Saidpur	25.759199	88.908897
SPE	WBKO	Sepulot Airport	Sepulot	4.733000	116.467003
SPF	KSPF	Black Hills Airport-Clyde Ice Field	Spearfish	44.480301	-103.782997
SPG	KSPG	Albert Whitted Airport	St Petersburg	27.765100	-82.626999
SPH	AYQO	Sopu Airport	Sopu	-8.303800	147.165900
SPI	KSPI	Abraham Lincoln Capital Airport	Springfield	39.844101	-89.677902
SPJ	LGSP	Sparti Airfield	Sparti	36.973800	22.525708
SPM	ETAD	Spangdahlem Air Base	Trier	49.976507	6.698413
SPN	PGSN	Saipan International Airport	I Fadang, Saipan	15.119384	145.728848
SPP	FNME	Menongue Airport	Menongue	-14.657600	17.719801
SPR	MZSP	John Greif II Airport	San Pedro	17.913900	-87.971100
SPS	KSPS	Wichita Falls Municipal Airport / Sheppard Air Force Base	Wichita Falls	33.988800	-98.491898
SPT	MY-SPT	Sipitang Airport	Sipitang	5.083333	115.550003
SPU	LDSP	Split Saint Jerome Airport	Split	43.538898	16.298000
SPV	AYSQ	Sepik Plains Airport	Sepik Plains	-3.882100	143.673400
SPW	KSPW	Spencer Municipal Airport	Spencer	43.165501	-95.202797
SPX	HESX	Sphinx International Airport	Al Jiza	30.108179	30.895728
SPY	DISP	San Pedro Airport		4.746720	-6.660820
SPZ	KASG	Springdale Municipal Airport	Springdale	36.176399	-94.119301
SQA	KIZA	Santa Ynez Airport	Santa Ynez	34.606800	-120.075996
SQB	SK-442	Santa Ana Airport	Piedras	4.408333	-75.021667
SQC	YSCR	Southern Cross Airport		-31.240000	119.360001
SQD	ZSSR	Shangrao Sanqingshan Airport	Shangrao (Hengfeng)	28.379700	117.964300
SQE	SK-120	San Luis De Palenque Airport	San Luis De Palenque	5.400181	-71.700100
SQF	SK-046	Solano Airport	Solano	0.702022	-75.250500
SQG	WIOS	Tebelian Airport	Sintang	-0.045214	111.458049
SQH	VVNS	Na San Airport	Mai Son	21.215301	104.032803
SQI	KSQI	Whiteside County Airport - Joseph H Bittorf Field	Rock Falls	41.742175	-89.673629
SQJ	ZSSM	Sanming Shaxian Airport	Sanming (Sha)	26.426300	117.833600
SQK	HE40	Sidi EL Barrani Airport	Sidi El Barrani	31.472010	25.879272
SQL	KSQL	San Carlos Airport	San Carlos	37.513130	-122.250838
SQM	SWUA	São Miguel do Araguaia Airport	São Miguel do Araguaia	-13.331300	-50.197601
SQN	WAES	Emalamo Airport	Sanana	-2.100424	125.965838
SQO	ESUD	Storuman Airport	Storuman	64.960899	17.696600
SQQ	EYSA	Šiauliai International Airport	Šiauliai	55.893902	23.395000
SQR	WAWS	Soroako Airport	Soroako	-2.530582	121.356096
SQS	BZ-SQS	Matthew Spain Airport	Spanish Lookout	17.185898	-89.009936
SQT	AYCS	China Strait Airstrip	Samarai Island	-10.562778	150.690694
SQU	SPOA	Saposoa Airport	Plaza Saposoa	-6.960030	-76.768402
SQV	KW28	Sequim Valley Airport	Sequim	48.098099	-123.186996
SQW	EKSV	Skive Airport	Skive	56.550201	9.172980
SQX	SSOE	São Miguel do Oeste Hélio Wasum Airport	São Miguel do Oeste	-26.781601	-53.503502
SQY	SSRU	São Lourenço do Sul Airport	São Lourenço Do Sul	-31.383301	-52.032799
SRA	SSZR	Luis Alberto Lehr Airport	Santa Rosa	-27.906580	-54.520628
SRB	SLSR	Santa Rosa de Yacuma Airport	Santa Rosa	-14.073072	-66.787391
SRC	KSRC	Searcy Municipal Airport	Searcy	35.210602	-91.737503
SRD	SLRA	San Ramón Airport	San Ramón / Mamoré	-13.263900	-64.603897
SRE	SLAL	Alcantarí International Airport	Sucre	-19.246835	-65.149611
SRG	WAHS	Jenderal Ahmad Yani Airport	Semarang	-6.970732	110.373244
SRH	FTTA	Sarh Airport	Sarh	9.144440	18.374399
SRJ	SLSB	Capitán Av. German Quiroga G. Airport	San Borja	-14.859200	-66.737503
SRL	SRL	Palo Verde Airport	Mulegé	27.092700	-112.098500
SRM	SRM	Sandringham Airport	Sandringham Station	-24.056800	139.082100
SRN	YSRN	Strahan Airport		-42.154999	145.292007
SRO	SK-245	Santana Ramos Airport	Santana Ramos	2.216667	-75.250000
SRP	ENSO	Stord Airport, Sørstokken	Leirvik	59.791901	5.340850
SRQ	KSRQ	Sarasota Bradenton International Airport	Sarasota/Bradenton	27.394631	-82.554359
SRR	YDUN	Dunwich Airport	North Stradbroke Island	-27.519005	153.427618
SRS	SKSR	San Marcos Airport	San Marcos	8.690000	-75.156000
SRT	HUSO	Soroti Airport	Soroti	1.727690	33.622799
SRU	VYFS	Surbung Airport	Falam	22.939167	93.615333
SRV	SRV	Stony River 2 Airport	Stony River	61.789700	-156.589005
SRW	KRUQ	Mid-Carolina Regional Airport	Salisbury	35.645901	-80.520302
SRX	HLGD	Sirt International Airport / Ghardabiya Airbase	Sirt	31.058578	16.597095
SRY	OINZ	Sari Dasht-e Naz International Airport	Sari	36.644408	53.188761
SRZ	SLET	El Trompillo Airport	Santa Cruz	-17.811600	-63.171501
SSA	SBSV	Deputado Luiz Eduardo Magalhães International Airport	Salvador	-12.908611	-38.322498
SSC	KSSC	Shaw Air Force Base	Sumter	33.972698	-80.470596
SSD	SCSF	Víctor Lafón Airport	San Felipe	-32.745800	-70.705002
SSE	VASL	Solapur Airport	Solapur	17.628000	75.934799
SSF	KSSF	Stinson Municipal Airport	San Antonio	29.337000	-98.471100
SSG	FGSL	Malabo International Airport	Malabo	3.755270	8.708720
SSH	HESH	Sharm El Sheikh International Airport	Sharm El Sheikh	27.977272	34.394717
SSI	KSSI	St Simons Island Airport	St Simons Island	31.151800	-81.391296
SSJ	ENST	Sandnessjøen Airport, Stokka	Alstahaug	65.956802	12.468900
SSK	AU-SSK	Sturt Creek Airport	Sturt Creek	-19.166401	128.173996
SSL	SKSL	Santa Rosalia Airport	Santa Rosalia	5.130900	-70.868200
SSN	RKSM	Seoul Air Base (K-16)	Seongnam	37.444744	127.112718
SSO	SNLO	São Lourenço Airport	São Lourenço	-22.090900	-45.044498
SSP	YSVP	Silver Plains Airport	Silver Plains	-13.975400	143.553700
SSQ	CSR8	La Sarre Airport	La Sarre	48.917198	-79.178596
SSR	NVSH	Sara Airport	Pentecost Island	-15.470800	168.151993
SSS	SSS	Siassi Airport	Siassi	-5.596500	147.810600
SST	SAZL	Santa Teresita Airport	Santa Teresita	-36.542300	-56.721800
SSW	7WA5	Stuart Island Airpark	Friday Harbor	48.673379	-123.175439
SSX	ZA-0138	Singita Safari Lodge Airport	Singita Safari Lodge	-24.801985	31.421940
SSY	FNBC	Mbanza Congo Airport	Mbanza Congo	-6.269900	14.247000
SSZ	SBST	Santos Nero Moura Air Base / Guarujá Airport	Guarujá	-23.928192	-46.300195
STA	EKVJ	Stauning Vestjylland  Airport	Skjern	55.990101	8.353910
STB	SVSZ	Miguel Urdaneta Fernández Airport	San Carlos del Zulia	8.974550	-71.943253
STC	KSTC	Saint Cloud Regional Airport	Saint Cloud	45.546600	-94.059898
STD	SVSO	Mayor Buenaventura Vivas International Airport	Santo Domingo	7.565380	-72.035103
STE	KSTE	Stevens Point Municipal Airport	Stevens Point	44.545200	-89.530296
STG	PAPB	St George Airport	St George	56.577345	-169.663823
STH	YSMR	Strathmore Airport	Strathmore	-17.862709	142.557788
STI	MDST	Cibao International Airport	Santiago	19.404060	-70.604431
STJ	KSTJ	Rosecrans Memorial Airport	St Joseph	39.771900	-94.909698
STK	KSTK	Sterling Municipal Airport	Sterling	40.613497	-103.263833
STL	KSTL	St. Louis Lambert International Airport	St Louis	38.748697	-90.370003
STM	SBSN	Santarém - Maestro Wilson Fonseca International Airport	Santarém	-2.422423	-54.793060
STN	EGSS	London Stansted Airport	London, Essex	51.884998	0.235000
STP	KSTP	Saint Paul Downtown Holman Field	Saint Paul	44.934790	-93.060036
STQ	KOYM	St Marys Municipal Airport	St Marys	41.412498	-78.502602
STR	EDDS	Stuttgart Airport	Stuttgart	48.689899	9.221960
STS	KSTS	Charles M. Schulz Sonoma County Airport	Santa Rosa	38.508999	-122.813003
STT	TIST	Cyril E. King Airport	Charlotte Amalie	18.337091	-64.977251
STU	BZ-STU	Santa Cruz Airport	Santa Cruz	18.272100	-88.456299
STV	VASU	Surat International Airport	Surat	21.115531	72.743251
STW	URMT	Stavropol Shpakovskoye Airport	Stavropol	45.109200	42.112801
STX	TISX	Henry E. Rohlsen Airport	Christiansted	17.701413	-64.802608
STY	SUSO	Nueva Hesperides International Airport	Salto	-31.438499	-57.985298
SUA	KSUA	Witham Field	Stuart	27.181700	-80.221100
SUB	WARR	Juanda International Airport	Surabaya	-7.379830	112.787003
SUD	KSUD	Stroud Municipal Airport	Stroud	35.789600	-96.655701
SUE	KSUE	Door County Cherryland Airport	Sturgeon Bay	44.843700	-87.421501
SUF	LICA	Lamezia Terme Sant'Eufemia International Airport	Lamezia Terme (CZ)	38.906214	16.246007
SUG	RPMS	Surigao Airport	Surigao City	9.755838	125.480947
SUI	UGSS	Vladislav Ardzinba Sukhum International Airport	Sukhumi	42.858200	41.128101
SUJ	LRSM	Satu Mare International Airport	Satu Mare	47.703300	22.885700
SUK	UEBS	Sakkyryr Airport	Batagay-Alyta	67.792000	130.394000
SUL	OPSU	Sui Airport	Sui	28.645100	69.176903
SUM	KSMS	Sumter Airport	Sumter	33.994999	-80.361298
SUN	KSUN	Friedman Memorial Airport	Hailey	43.504398	-114.295998
SUO	KS21	Sunriver Airport	Sunriver	43.876301	-121.453003
SUP	WART	Trunojoyo Airport	Sumenep	-7.022391	113.887699
SUQ	SESC	Sucúa Airport	Sucúa	-2.474201	-78.169041
SUR	CJV7	Summer Beaver Airport	Summer Beaver	52.708599	-88.541901
SUS	KSUS	Spirit of St Louis Airport	St Louis	38.662102	-90.652000
SUT	HTSU	Sumbawanga Airport	Sumbawanga	-7.948889	31.610278
SUU	KSUU	Travis Air Force Base	Fairfield	38.262699	-121.927002
SUV	NFNA	Nausori International Airport	Nausori	-18.044226	178.561486
SUW	KSUW	Richard I Bong Memorial Airport	Superior	46.688612	-92.095041
SUX	KSUX	Sioux Gateway Airport / Brigadier General Bud Day Field	Sioux City	42.397605	-96.382237
SUY	UENS	Suntar Airport	Suntar	62.185001	117.635002
SVA	PASA	Savoonga Airport	Savoonga	63.686401	-170.492996
SVB	FMNS	Sambava Airport	Sambava	-14.278600	50.174702
SVC	KSVC	Grant County Airport	Silver City	32.636701	-108.154736
SVD	TVSA	Argyle International Airport	Kingstown	13.159725	-61.148801
SVE	KSVE	Susanville Municipal Airport	Susanville	40.375702	-120.572998
SVF	DBBS	Savé Airport	Savé	8.018170	2.464580
SVG	ENZV	Stavanger Airport, Sola	Stavanger	58.876701	5.637780
SVH	KSVH	Statesville Regional Airport	Statesville	35.765301	-80.953903
SVI	SKSV	Eduardo Falla Solano Airport	San Vicente Del Caguán	2.152170	-74.766300
SVJ	ENSH	Svolvær Airport, Helle	Svolvær	68.243301	14.669200
SVK	BZ-SVK	Silver Creek Airport	Silver Creek	16.728338	-88.369174
SVL	EFSA	Savonlinna Airport	Savonlinna	61.943100	28.945101
SVN	KSVN	Hunter Army Air Field	Savannah	32.009998	-81.145699
SVO	UUEE	Sheremetyevo International Airport	Moscow	55.976858	37.411210
SVP	FNKU	Kuito Airport	Kuito	-12.404600	16.947399
SVQ	LEZL	Seville Airport	Seville	37.417999	-5.893110
SVS	SVS	Stevens Village Airport	Stevens Village	66.016727	-149.056835
SVT	FBSV	Savuti Airport	Savuti	-18.518475	24.077687
SVU	NFNS	Savusavu Airport	Savusavu	-16.803394	179.340587
SVV	VE-0208	San Salvador de Paul Airport	San Salvador de Paul	7.000000	-62.000000
SVW	PASV	Sparrevohn LRRS Airport	Sparrevohn	61.097401	-155.574005
SVX	USSS	Koltsovo Airport	Yekaterinburg	56.743099	60.802700
SVZ	SVSA	Juan Vicente Gómez International Airport	San Antonio del Tachira	7.840809	-72.439878
SWA	ZGOW	Jieyang Chaoshan International Airport	Jieyang (Rongcheng)	23.552000	116.503300
SWB	AU-SWB	Shaw River Airport	Shaw River	-21.510300	119.362000
SWC	YSWL	Stawell Airport		-37.071701	142.740997
SWD	PAWD	Seward Airport	Seward	60.130478	-149.418612
SWE	AYEW	Siwea Airport	Siwea	-6.284181	147.582371
SWF	KSWF	New York Stewart International Airport	Newburgh	41.504210	-74.108901
SWG	AYSW	Satwag Airport	Satwag	-6.139556	147.279167
SWH	YSWH	Swan Hill Airport		-35.375801	143.533005
SWJ	NVSX	Southwest Bay Airport	Malekula Island	-16.486400	167.447200
SWL	RPSV	San Vicente Airport	San Vicente	10.524298	119.272899
SWN	VISP	Sarsawa Air Force Station	Sherpur Naqeebpur	29.994303	77.424560
SWO	KSWO	Stillwater Regional Airport	Stillwater	36.162132	-97.085581
SWP	FYSM	Swakopmund Municipal Aerodrome	Swakopmund	-22.661900	14.568100
SWQ	WADS	Sultan Muhammad Kaharuddin III Airport	Sumbawa Besar	-8.489040	117.412003
SWR	AYZI	Silur Airport	Silur Mission	-4.529889	153.054444
SWS	EGFH	Swansea Airport	Swansea	51.601366	-4.071006
SWT	UNSS	Strezhevoy Airport	Strezhevoy	60.709400	77.660004
SWU	RKSW	Suwon Airport	Suwon	37.239399	127.007004
SWV	UHMW	Severo-Evensk Airport	Evensk	61.921786	159.229059
SWW	KSWW	Avenger Field	Sweetwater	32.467400	-100.467003
SWX	FBSW	Shakawe Airport	Shakawe	-18.373899	21.832600
SWY	WMBA	Sitiawan Airport	Sitiawan	4.222200	100.699300
SXA	AYQS	Sialum Airport	Sialum	-6.090800	147.595500
SXB	LFST	Strasbourg Airport	Strasbourg	48.538300	7.628230
SXE	YWSL	West Sale Airport	Sale	-38.090827	146.965335
SXG	FLSN	Senanga Airport	Senanga	-16.113000	23.298200
SXH	AYSL	Sehulea Airport	Sehulea	-9.964528	151.161861
SXI	OIBS	Siri Airport	Siri	25.908899	54.539398
SXJ	ZWSS	Shanshan Airport	Shanshan	42.911701	90.247498
SXK	WAPS	Mathilda Batlayeri Airport	Saumlaki-Yamdena Island	-7.848354	131.337068
SXL	EISG	Sligo Airport	Sligo	54.280201	-8.599210
SXM	TNCM	Princess Juliana International Airport	Sint Maarten	18.041000	-63.108898
SXN	FBSN	Sua Pan Airport	Sowa	-20.553400	26.115801
SXO	SWFX	São Félix do Araguaia Airport	São Félix Do Araguaia	-11.632400	-50.689602
SXP	SXP	Nunam Iqua Airport	Nunam Iqua	62.520599	-164.848006
SXQ	PASX	Soldotna Airport	Soldotna	60.474935	-151.038471
SXR	VISR	Sheikh ul Alam International Airport	Srinagar	33.987099	74.774200
SXS	WBKH	Sahabat [Sahabat 16] Airport	Sahabat	5.087780	119.094002
SXT	WMAN	Sungai Tiang Airport	Taman Negara	4.330278	102.394997
SXU	HASD	Soddu Airport	Soddu	6.802810	37.686220
SXV	VOSM	Salem Airport	Salem	11.783300	78.065598
SXW	AYSV	Sauren Airport	Sauren	-5.970100	148.854300
SXX	SNFX	São Félix do Xingu Airport	São Félix do Xingu	-6.641300	-51.952300
SXY	KN23	Sidney Municipal Airport	Sidney	42.302601	-75.416000
SXZ	LTCL	Siirt Airport	Siirt	37.978901	41.840401
SYA	PASY	Eareckson Air Station	Shemya	52.712299	174.113998
SYC	SPSY	Shiringayoc Airport	Shiringayoc	-11.898000	-69.062500
SYD	YSSY	Sydney Kingsford Smith International Airport	Sydney (Mascot)	-33.946098	151.177002
SYE	OYSH	Sadah Airport	Sa'dah	16.967542	43.728103
SYH	VNSB	Syangboche Airport	Namche Bazaar	27.811200	86.712400
SYI	KSYI	Bomar Field / Shelbyville Municipal Airport	Shelbyville	35.560101	-86.442497
SYJ	OIKY	Sirjan Airport	Sirjan	29.550900	55.672699
SYK	BIST	Stykkishólmur Airport	Stykkishólmur	65.058851	-22.764616
SYM	ZPSM	Pu'er Simao Airport	Pu'er	22.793301	100.959000
SYN	KSYN	Stanton Airfield	Dennison	44.475579	-93.016756
SYO	RJSY	Shonai Airport	Shonai	38.812199	139.787003
SYP	MPSA	Ruben Cantu Airport	Santiago	8.085600	-80.945297
SYQ	MRPV	Tobías Bolaños International Airport	San Jose	9.957050	-84.139801
SYR	KSYR	Syracuse Hancock International Airport	Syracuse	43.111198	-76.106300
SYS	UERS	Saskylakh Airport	Saskylakh	71.927902	114.080002
SYT	LFLN	Saint-Yan Airport	L'Hôpital-le-Mercier, Saône-et-Loire	46.414019	4.014177
SYU	YWBS	Warraber Island Airport	Sue Islet	-10.208300	142.824997
SYV	KSYV	Sylvester Airport	Sylvester	31.558500	-83.895699
SYW	OPSN	Sehwan Sharif Airport	Sehwan Sharif	26.473101	67.717201
SYX	ZJSY	Sanya Phoenix International Airport	Sanya (Tianya)	18.302900	109.412003
SYY	EGPO	Stornoway Airport	Stornoway, Western Isles	58.215599	-6.331110
SYZ	OISS	Shiraz Shahid Dastghaib International Airport	Shiraz	29.539200	52.589802
SZA	FNSO	Soyo Airport	Soyo	-6.141090	12.371800
SZB	WMSA	Sultan Abdul Aziz Shah International Airport	Subang	3.130580	101.549004
SZE	HASM	Semera Airport	Semera	11.787500	40.991500
SZF	LTFH	Samsun-Çarşamba Airport	Samsun	41.253988	36.567546
SZG	LOWS	Salzburg Airport	Salzburg	47.793301	13.004300
SZH	ZBSG	Shuozhou Zirun Airport	Shuozhou	39.273241	112.691552
SZI	UASZ	Zaysan Airport	Zaysan	47.487491	84.887675
SZJ	MUSN	Siguanea Airport	Isla de la Juventud	21.642500	-82.955101
SZK	FASZ	Skukuza Airport	Skukuza	-24.960850	31.588587
SZL	KSZL	Whiteman Air Force Base	Knob Noster	38.730301	-93.547897
SZM	FYSS	Sesriem Airport	Sesriem	-24.512800	15.746700
SZN	KSZN	Santa Cruz Island Airport	Santa Cruz Island	34.060070	-119.915229
SZP	KSZP	Santa Paula Airport	Santa Paula	34.347198	-119.060997
SZS	NZRC	Ryan's Creek Aerodrome	Oban	-46.899700	168.100998
SZV	ZSSZ	Suzhou Guangfu Airport	Suzhou	31.263100	120.401001
SZX	ZGSZ	Shenzhen Bao'an International Airport	Shenzhen	22.639474	113.803262
SZY	EPSY	Olsztyn-Mazury Airport	Szymany	53.481899	20.937700
SZZ	EPSC	Solidarity Szczecin–Goleniów Airport	Szczecin(Glewice)	53.584702	14.902200
TAB	TTCP	A.N.R. Robinson International Airport	Scarborough	11.149571	-60.831298
TAC	RPVA	Daniel Z. Romualdez Airport	Tacloban City	11.227761	125.027783
TAD	KTAD	Perry Stokes Airport	Trinidad	37.259399	-104.341003
TAE	RKTN	Daegu International Airport	Daegu	35.894394	128.656989
TAF	DAOL	Oran Tafraoui Airport	Tafraoui	35.542400	-0.532278
TAG	RPSP	Bohol-Panglao International Airport	Panglao	9.573045	123.770143
TAH	NVVW	Whitegrass Airport	Tanna Island	-19.455099	169.223999
TAI	OYTZ	Taiz International Airport	Taiz	13.686000	44.139099
TAJ	PG-ATP	Tadji Airport	Aitape	-3.198192	142.430964
TAK	RJOT	Takamatsu Airport	Takamatsu	34.214963	134.015454
TAL	PATA	Ralph M Calhoun Memorial Airport	Tanana	65.174400	-152.108994
TAM	MMTM	General Francisco Javier Mina International Airport	Ciudad Madero	22.292622	-97.867058
TAN	YTGA	Tangalooma Airport		-27.137693	153.364141
TAO	ZSQD	Qingdao Jiaodong International Airport	Qingdao (Jiaozhou)	36.361953	120.088171
TAP	MMTP	Tapachula International Airport	Tapachula	14.794549	-92.369871
TAQ	YTAR	Tarcoola Airport	Tarcoola	-30.702871	134.582820
TAR	LIBG	Taranto-Grottaglie Marcello Arlotta Airport	Grottaglie	40.517502	17.403200
TAS	UZTT	Tashkent International Airport	Tashkent	41.257900	69.281197
TAT	LZTT	Poprad-Tatry Airport	Poprad	49.070994	20.241394
TAU	SKTA	Tauramena Airport	Tauramena	5.012810	-72.742400
TAW	SUTB	Tacuarembo Airport	Tacuarembo	-31.749001	-55.925801
TAX	WAPT	Taliabu Island Airport	Tikong-Taliabu Island	-1.642630	124.558998
TAY	EETU	Tartu Airport	Tartu	58.307438	26.686473
TAZ	UTAT	Dashoguz International Airport	Daşoguz	41.759853	59.836149
TBB	VVTH	Dong Tac Airport	Tuy Hoa	13.049600	109.334000
TBC	KT03	Tuba City Airport	Tuba City	36.091146	-111.382860
TBD	SKMB	Timbiqui Airport	Timbiqui	2.778569	-77.668045
TBE	AYTV	Timbunke Airport	Timbunke	-4.196633	143.519222
TBF	NGTE	Tabiteuea North Airport		-1.224470	174.776001
TBG	AYTB	Tabubil Airport	Tabubil	-5.280471	141.227576
TBH	RPVU	Tugdan Airport	Tablas Island	12.311000	122.084999
TBI	MYCB	New Bight Airport	Cat Island	24.315300	-75.452301
TBJ	DTKA	Tabarka-Aïn Draham International Airport	Tabarka	36.980000	8.876940
TBK	YTBR	Timber Creek Airport		-15.620000	130.445007
TBL	YTAB	Tableland Homestead Airport		-17.283300	126.900002
TBM	WAGT	Tumbang Samba Airport	Tumbang Samba-Borneo Island	-1.469024	113.080984
TBN	KTBN	Waynesville-St. Robert Regional Airport-Forney Field	Fort Leonard Wood	37.741600	-92.140701
TBO	HTTB	Tabora Airport	Tabora	-5.076390	32.833302
TBP	SPME	Captain Pedro Canga Rodríguez International Airport	Tumbes	-3.552074	-80.381086
TBQ	AYTR	Tarabo Airport	Tarabo	-6.466667	145.532222
TBR	KTBR	Statesboro Bulloch County Airport	Statesboro	32.482700	-81.736900
TBS	UGTB	Tbilisi International Airport	Tbilisi	41.669201	44.954700
TBT	SBTT	Tabatinga International Airport	Tabatinga	-4.255670	-69.935799
TBU	NFTF	Fua'amotu International Airport	Nuku'alofa	-21.241438	-175.149164
TBV	TBV	Tabal Airstrip	Tabal Island	8.302700	171.161500
TBW	UUOT	Donskoye Airport	Tambov	52.806099	41.482800
TBX	WIDB	Tambelan Airport	Tambelan	0.979922	107.564658
TBY	FBTS	Tshabong Airport	Tshabong	-26.034524	22.401252
TBZ	OITT	Tabriz International Airport	Tabriz	38.133900	46.235001
TCA	YTNK	Tennant Creek Airport	Tennant Creek	-19.634399	134.182999
TCB	MYAT	Treasure Cay Airport	Treasure Cay	26.745300	-77.391296
TCC	KTCC	Tucumcari Municipal Airport	Tucumcari	35.182800	-103.602997
TCD	SKRA	Tarapacá Airport	Tarapacá	-2.895802	-69.749762
TCE	LRTC	Tulcea Danube Delta Airport	Mihail Kogălniceanu	45.062500	28.714300
TCF	MHTO	Tocoa Airport	Tocoa	15.659722	-85.994164
TCG	ZWTC	Tacheng Qianquan Airport	Tacheng	46.672501	83.340797
TCH	FOOT	Tchibanga Airport	Tchibanga	-2.888480	10.955429
TCJ	AYVM	Torembi Airport	Torembi	-4.016500	143.132900
TCK	AYYL	Tinboli Airport	Tinboli	-4.094900	143.383800
TCL	KTCL	Tuscaloosa National Airport	Tuscaloosa	33.220600	-87.611397
TCM	KTCM	McChord Air Force Base	Tacoma	47.137699	-122.475998
TCN	MMHC	Tehuacán National Airport	Tehuacán	18.497220	-97.420110
TCO	SKCO	La Florida Airport	Tumaco	1.814420	-78.749200
TCP	HETB	Taba International Airport	Taba	29.594496	34.775752
TCQ	SPTN	Coronel FAP Carlos Ciriani Santa Rosa International Airport	Tacna	-18.053301	-70.275803
TCR	VOTK	Tuticorin Airport	Vagaikulam	8.724241	78.025803
TCS	KTCS	Truth or Consequences Municipal Airport	Truth or Consequences	33.236900	-107.272003
TCT	PPCT	Takotna Airport	Takotna	62.993206	-156.029026
TCU	FATN	Thaba Nchu Tar Airport	Homeward	-29.317801	26.822800
TCW	YTOC	Tocumwal Airport		-35.811699	145.608002
TCX	OIMT	Tabas Airport	Tabas	33.667801	56.892700
TCY	FYTE	Terrace Bay Airport	Terrace Bay	-19.972112	13.025486
TCZ	ZPTC	Tengchong Tuofeng Airport	Baoshan (Tengchong)	24.938056	98.485833
TDA	SKTD	Trinidad Airport	Trinidad	5.432780	-71.662500
TDB	AYTF	Tetebedi Airport	Tetebedi	-9.158600	148.068600
TDD	SLTR	Teniente Av. Jorge Henrich Arauz Airport	Trinidad	-14.818700	-64.917999
TDG	RPMW	Tandag Airport	Tandag	9.072002	126.171320
TDJ	HDTJ	Tadjoura Airport	Tadjoura	11.787037	42.917376
TDK	UAAT	Taldykorgan Airport	Taldykorgan	45.122550	78.442758
TDL	SAZT	Héroes de Malvinas Airport	Tandil	-37.234634	-59.228647
TDN	YTHD	Theda Station Airport	Drysdale River	-14.790567	126.498041
TDO	KTDO	Ed Carlson Memorial Field South Lewis County Airport	Toledo	46.477200	-122.806000
TDP	SPDR	Trompeteros Airport	Corrientes	-3.806010	-75.039299
TDR	YTDR	Theodore Airport		-24.986796	150.093076
TDS	AYSS	Sasereme Airport	Sasereme	-7.621700	142.868000
TDT	ZA-0072	Tanda Tula Airport	Timbavati	-24.525533	31.289748
TDV	FMSN	Samangoky Airport	Tanandava	-21.700001	43.733002
TDW	KTDW	Tradewind Airport	Amarillo	35.169899	-101.825996
TDX	VTBO	Trat Airport	Laem Ngop	12.274600	102.319000
TDZ	KTDZ	Toledo Executive Airport	Toledo	41.564899	-83.482300
TEA	MHTE	Tela Airport	Tela	15.775900	-87.475800
TEB	KTEB	Teterboro Airport	Teterboro	40.850101	-74.060799
TEC	SBTL	Telêmaco Borba Airport	Telêmaco Borba	-24.317801	-50.651600
TED	EKTS	Thisted Airport	Thisted	57.068802	8.705220
TEE	DABS	Cheikh Larbi Tébessi Airport	Tébessi	35.431599	8.120720
TEF	YTEF	Telfer Airport		-21.715000	122.228996
TEG	DFET	Tenkodogo Airport	Tenkodogo	11.801149	-0.371377
TEH	3T4	Tetlin Airport	Tetlin	63.124618	-142.518005
TEI	VETJ	Tezu Airport	Tezu	27.941200	96.134399
TEK	PAKA	Tatitlek Airport	Tatitlek	60.871449	-146.690297
TEL	WBKE	Telupid Airport	Telupid	5.628610	117.125999
TEM	YTEM	Temora Airport	Temora	-34.421398	147.511993
TEN	ZUTR	Tongren Fenghuang Airport	Tongren (Daxing)	27.883333	109.308889
TEO	AYTY	Terapo Airport	Terapo Mission	-8.169722	146.194444
TEP	AYTP	Tep Tep Airport	Teptep	-5.955300	146.559500
TEQ	LTBU	Tekirdağ Çorlu Airport	Çorlu	41.138199	27.919100
TER	LPLA	Lajes Airport	Praia da Vitória	38.761799	-27.090799
TES	HHTS	Tessenei Airport	Tessenei	15.104322	36.681711
TET	FQTT	Tete Airport	Tete	-16.104799	33.640202
TEU	NZMO	Manapouri Airport		-45.533100	167.649994
TEV	LETL	Teruel Airport	Teruel	40.410269	-1.217366
TEX	KTEX	Telluride Regional Airport	Telluride	37.953800	-107.907997
TEY	BITE	Þingeyri Airport	Þingeyri	65.870300	-23.559999
TEZ	VETZ	Tezpur Airport		26.709101	92.784698
TFB	AYTH	Tifalmin Airport	Tifalmin	-5.117249	141.418076
TFF	SBTF	Tefé Airport	Tefé	-3.382940	-64.724098
TFI	AYTU	Tufi Airport	Tufi	-9.075954	149.319839
TFL	SNTO	Juscelino Kubitscheck Airport	Teófilo Otoni	-17.892300	-41.513599
TFM	AYTE	Telefomin Airport	Telefomin	-5.126080	141.641922
TFN	GCXO	Tenerife Norte-Ciudad de La Laguna Airport	Tenerife	28.482752	-16.341707
TFS	GCTS	Tenerife Sur Airport	Tenerife	28.044500	-16.572500
TFT	OPTT	Taftan Airport	Taftan	28.964199	61.595402
TFU	ZUTF	Chengdu Tianfu International Airport	Chengdu (Jianyang)	30.312520	104.441284
TFY	WILP	Muhammad Taufiq Kiemas Airport	Krui	-5.211562	103.936501
TGA	WSAT	Tengah Air Base	Western Water Catchment	1.387561	103.708291
TGB	PH-0502	Tagbita Airstrip	Rizal	8.714910	117.352590
TGC	WBTM	Tanjung Manis Airport	Belawai	2.177840	111.202003
TGD	LYPG	Podgorica Airport / Podgorica Golubovci Airbase	Podgorica	42.359402	19.251900
TGG	WMKN	Sultan Mahmud Airport	Kuala Terengganu	5.382640	103.102997
TGH	NVST	Tongoa Airport	Tongoa Island	-16.891100	168.550995
TGI	SPGM	Tingo Maria Airport	Tingo Maria	-9.289667	-76.005058
TGJ	NWWA	Tiga Airport	Tiga	-21.096407	167.803790
TGK	URRT	Taganrog Yuzhny Airport	Taganrog	47.198333	38.849167
TGL	AYTG	Tagula Airport	Sudest Island	-11.331111	153.202917
TGM	LRTM	Târgu Mureş Transilvania International Airport	Recea	46.467701	24.412500
TGN	YLTV	Latrobe Valley Airport	Morwell	-38.211004	146.470817
TGO	ZBTL	Tongliao Airport	Tongliao	43.556702	122.199997
TGP	UNIP	Podkamennaya Tunguska Airport	Bor	61.589699	89.994003
TGQ	SWTS	Tangará da Serra Airport	Tangará da Serra	-14.662000	-57.443744
TGR	DAUK	Touggourt Sidi Madhi Airport	Touggourt	33.067799	6.088670
TGS	MZ-TGS	Chokwé Airport	Chokwé	-24.520599	32.965302
TGT	HTTG	Tanga Airport	Tanga	-5.092360	39.071201
TGU	MHTG	Toncontín Airport	Tegucigalpa	14.060900	-87.217201
TGZ	MMTG	Angel Albino Corzo International Airport	Tuxtla Gutiérrez	16.561611	-93.025731
THA	KTHA	Tullahoma Regional Airport William Northern Field	Tullahoma	35.380100	-86.246399
THB	FXTA	Thaba-Tseka Airport	Thaba-Tseka	-29.522800	28.615801
THC	GLTN	Tchien Airport	Zwedru	6.045650	-8.138723
THD	VVTX	Tho Xuan Airport	Thanh Hóa	19.901667	105.467778
THE	SBTE	Senador Petrônio Portela Airport	Teresina	-5.060250	-42.823712
THG	YTNG	Thangool Airport	Biloela	-24.494863	150.577967
THI	GQNC	Tichitt Airport	Tichitt	18.433942	-9.486411
THK	VLTK	Thakhek Airport	Thakhek	17.377917	104.857378
THL	VYTL	Tachileik Airport	Tachileik	20.483801	99.935402
THM	KTHM	Thompson Falls Airport	Thompson Falls	47.573502	-115.280998
THN	ESGT	Trollhättan-Vänersborg Airport	Trollhättan	58.318100	12.345000
THO	BITN	Þórshöfn Airport	Þórshöfn	66.218459	-15.334739
THP	KHSG	Hot Springs County Airport	Thermopolis	43.713602	-108.389687
THQ	ZLTS	Tianshui Maijishan Airport	Tianshui (Maiji)	34.560100	105.860343
THR	OIII	Mehrabad International Airport	Tehran	35.689175	51.314392
THS	VTPO	Sukhothai Airport		17.238001	99.818199
THT	GQNT	Tamchakett Airport	Tamchakett	17.231570	-10.779230
THU	BGTL	Pituffik Space Base	Pituffik	76.530630	-68.700541
THV	KTHV	York Airport	Thomasville	39.917000	-76.873001
THX	UOTT	Turukhansk Airport	Turukhansk	65.797203	87.935303
THY	FATH	Thohoyandou Airport	Thohoyandou	-23.076900	30.383600
THZ	DRRT	Tahoua Airport	Tahoua	14.875700	5.265360
TIA	LATI	Tirana International Airport Mother Teresa	Rinas	41.414700	19.720600
TIB	SKTB	Tibú Airport	Tibú	8.631520	-72.730400
TIC	MH-TIC	Tinak Airport	Arno Atoll	7.121768	171.911584
TID	DAOB	Abdelhafid Boussouf Bou Chekif Airport	Tiaret	35.341099	1.463150
TIE	HATP	Tippi Airport	Tippi	7.202400	35.415000
TIF	OETF	Taif International Airport	Taif	21.484739	40.544074
TIH	NTGC	Tikehau Airport	Tuherahera	-15.119600	-148.231003
TII	OATN	Tarinkot Airport	Tarinkot	32.604198	65.865799
TIJ	MMTJ	General Abelardo L. Rodriguez International Airport	Tijuana	32.541043	-116.969976
TIK	KTIK	Tinker Air Force Base	Oklahoma City	35.414700	-97.386597
TIL	CFQ4	Cheadle Airport	Cheadle	51.057499	-113.624001
TIM	WAYY	Mozes Kilangin Airport	Timika	-4.529780	136.887388
TIN	DAOF	Tindouf Airport	Tindouf	27.700399	-8.167100
TIO	VYHN	Tilin Airport	Tilin	21.700001	94.099998
TIQ	PGWT	Francisco Manglona Borja / Tinian International Airport	Tinian Island	14.999207	145.619355
TIR	VOTP	Tirupati International Airport	Tirupati	13.631988	79.539869
TIU	NZTU	Timaru Airport		-44.302799	171.225006
TIV	LYTV	Tivat Airport	Tivat	42.404701	18.723301
TIW	KTIW	Tacoma Narrows Airport	Tacoma	47.267407	-122.577295
TIX	KTIX	Space Coast Regional Airport	Titusville	28.514799	-80.799202
TIY	GQND	Tidjikja Airport	Tidjikja	18.570101	-11.423500
TIZ	AYTA	Tari Airport	Tari	-5.845000	142.947998
TJA	SLTJ	Capitan Oriel Lea Plaza Airport	Tarija	-21.555700	-64.701302
TJB	WIBT	Raja Haji Abdullah Airport	Tanjung Balai-Karinmunbesar Island	1.052870	103.391517
TJC	TJC	Ticantiquí Airport	Ticantiquí	9.418500	-78.489600
TJG	WAON	Warukin Airport	Tanta-Tabalong	-2.216560	115.435997
TJH	RJBT	Konotori Tajima Airport	Toyooka	35.512798	134.787003
TJI	MHTJ	Trujillo Airport	Trujillo	15.926599	-85.938573
TJK	LTAW	Tokat Airport	Tokat	40.324720	36.390560
TJL	SBTG	Plínio Alarcom Airport	Três Lagoas	-20.752643	-51.682026
TJM	USTR	Roshchino International Airport	Tyumen	57.178984	65.327696
TJN	NTKM	Takume Airport	Takume	-15.857434	-142.266469
TJQ	WIKT	H A S Hanandjoeddin International Airport	Tanjung Pandan	-2.744109	107.754535
TJS	WAGD	Tanjung Harapan Airport	Tanjung Selor-Borneo Island	2.838139	117.374584
TJU	UTDK	Kulob International Airport	Kulob	37.988098	69.805000
TJV	VOTJ	Thanjavur Air Force Station	Thanjavur	10.723835	79.109457
TKA	PATK	Talkeetna Airport	Talkeetna	62.320499	-150.093994
TKB	AYTZ	Tekadu Airport	Tekadu	-7.680800	146.550300
TKC	FKKC	Tiko Airport	Tiko	4.089190	9.360530
TKD	DGTK	Takoradi Airport	Sekondi-Takoradi	4.896060	-1.774760
TKF	KTRK	Truckee Tahoe Airport	Truckee	39.318628	-120.140562
TKG	WILL	Radin Inten II International Airport	Bandar Lampung	-5.246803	105.182531
TKH	VTPI	Takhli Royal Thai Air Force Base	Takhli	15.277300	100.295998
TKJ	PFTO	Tok Junction Airport	Tok	63.329498	-142.953995
TKK	PTKK	Chuuk International Airport	Weno Island	7.461870	151.843002
TKM	RU-0056	Taksimo Airport	Taksimo	56.361668	114.930000
TKN	RJKN	Tokunoshima Airport	Amagi	27.836382	128.881356
TKO	FXTK	Tlokoeng Airport	Tlokoeng	-29.233000	28.882999
TKP	NTGT	Takapoto Airport		-14.709500	-145.246002
TKQ	HTKA	Kigoma Airport	Kigoma	-4.886200	29.670900
TKR	VGSG	Thakurgaon Airport	Thakurgaon	26.016378	88.402092
TKS	RJOS	Tokushima Awaodori Airport / JMSDF Tokushima Air Base	Tokushima	34.132559	134.607816
TKT	VTPT	Tak Airport		16.896000	99.253304
TKU	EFTU	Turku Airport	Turku	60.514099	22.262800
TKV	NTGO	Tatakoto Airport	Tatakoto	-17.355226	-138.447340
TKW	AYTN	Tekin Airport	Tekin	-5.243667	142.165194
TKX	NTKR	Takaroa Airport		-14.455800	-145.024994
TKY	YTKY	Turkey Creek Airport	Turkey Creek	-17.040800	128.205994
TKZ	NZTO	Tokoroa Airfield	Tokoroa	-38.236698	175.891998
TLA	PATE	Teller Airport	Teller	65.240402	-166.339005
TLB	OPTA	Tarbela Dam Airport	Tarbela	33.986099	72.611397
TLC	MMTO	Adolfo López Mateos International Airport	Toluca	19.336900	-99.565830
TLD	FBTL	Tuli Lodge Airport	Tuli Lodge	-22.191897	29.131229
TLE	FMST	Toliara Airport	Toliara	-23.383400	43.728500
TLF	2K5	Telida Airport	Telida	63.393902	-153.268997
TLH	KTLH	Tallahassee International Airport	Tallahassee	30.401209	-84.354330
TLI	WAFL	Sultan Bantilan Airport	Toli Toli-Celebes Island	1.123428	120.793658
TLJ	PATL	Tatalina LRRS Airport	Takotna	62.894402	-155.977005
TLK	UECT	Talakan Airport	Talakan Oil Field	59.876389	111.044444
TLL	EETN	Lennart Meri Tallinn Airport	Tallinn	59.413246	24.832640
TLM	DAON	Zenata – Messali El Hadj Airport	Zenata	35.012732	-1.457117
TLN	LFTH	Toulon-Hyères Airport	Hyères, Var	43.097301	6.146030
TLO	AYXO	Tol Airport	Tol	-4.980830	152.009995
TLP	AYQL	Tumolbil Airport	Tumolbil	-4.774800	141.013300
TLQ	ZWTL	Turpan Jiaohe Airport	Turpan	43.030800	89.098700
TLR	KTLR	Mefford Field	Tulare	36.156300	-119.325996
TLS	LFBO	Toulouse-Blagnac Airport	Toulouse/Blagnac	43.629101	1.363820
TLT	TLT	Tuluksak Airport	Tuluksak	61.086973	-160.922842
TLU	SKTL	Golfo de Morrosquillo Airport	Santiago de Tolú	9.509450	-75.585400
TLV	LLBG	Ben Gurion International Airport	Tel Aviv	32.011398	34.886700
TLW	AYVL	Talasea Airport	Talasea	-5.272600	150.008900
TLX	SCTL	Panguilemo Airport	Talca	-35.377800	-71.601700
TLY	UHWP	Plastun Airport	Plastun	44.814999	136.292007
TLZ	SWKT	Catalão Airport	Catalão	-18.216801	-47.899700
TMA	KTMA	Henry Tift Myers Airport	Tifton	31.429001	-83.488503
TMB	KTMB	Miami Executive Airport	Miami	25.647900	-80.432800
TMC	WATK	Tambolaka Airport	Radamata	-9.409224	119.242558
TMD	GQNH	Timbedra Airport	Timbedra	16.233671	-8.163464
TME	SKTM	Gustavo Vargas Airport	Tame	6.451080	-71.760300
TMF	VRNT	Thimarafushi Airport	Thimarafushi	2.211000	73.153300
TMG	WBKM	Tomanggong Airport	Tomanggong	5.402570	118.657630
TMH	WAKT	Tanah Merah Airport	Tanah Merah	-6.096690	140.303521
TMI	VNTR	Tumling Tar Airport	Tumling Tar	27.315001	87.193298
TMJ	UZST	Termez Airport	Termez	37.287261	67.311869
TML	DGLE	Yakubu Tali International Airport	Tamale	9.553909	-0.866060
TMM	FMMT	Toamasina Ambalamanasy Airport	Toamasina	-18.113537	49.392262
TMN	NGTM	Tamana Island Airport	Tamana Island	-2.485830	175.970001
TMO	SVTM	Tumeremo Airport		7.249380	-61.528930
TMP	EFTP	Tampere-Pirkkala Airport	Tampere / Pirkkala	61.414101	23.604401
TMQ	DFEM	Tambao Airport	Tambao	14.790874	0.039492
TMR	DAAT	Aguenar – Hadj Bey Akhamok Airport	Tamanrasset	22.810992	5.450832
TMS	FPST	São Tomé International Airport	São Tomé	0.378175	6.712150
TMT	SBTB	Trombetas Airport	Oriximiná	-1.489600	-56.396801
TMU	MRTR	Tambor Airport	Nicoya	9.739307	-85.016199
TMW	YSTW	Tamworth Airport	Tamworth	-31.077898	150.845484
TMX	DAUT	Timimoun Airport	Timimoun	29.237101	0.276033
TMY	ID-TMY	Tiom Airport	Tiom-Papua Island	-3.925600	138.455500
TMZ	NZTH	Thames Aerodrome		-37.156700	175.550003
TNA	ZSJN	Jinan Yaoqiang International Airport	Jinan (Licheng)	36.857201	117.216003
TNB	WRLH	Tanah Grogot Airport	Tanah Grogot	-1.885541	116.256809
TNC	PATC	Tin City Long Range Radar Station Airport	Tin City	65.563103	-167.921997
TND	MUTD	Alberto Delgado Airport	Trinidad	21.788300	-79.997200
TNE	RJFG	New Tanegashima Airport	Tanegashima	30.605101	130.990997
TNF	LFPN	Toussus-le-Noble Airport	Toussus-le-Noble, Yvelines	48.751900	2.106190
TNG	GMTT	Tangier Ibn Battuta Airport	Tangier	35.731741	-5.921459
TNH	ZYTN	Tonghua Sanyuanpu Airport	Tonghua	42.048435	125.733963
TNI	VIST	Satna Airport		24.562620	80.852927
TNJ	WIDN	Raja Haji Fisabilillah International Airport	Tanjung Pinang-Bintan Island	0.923970	104.533410
TNK	4KA	Tununak Airport	Tununak	60.569638	-165.246649
TNL	UKLT	Ternopil International Airport	Ternopil	49.524200	25.700100
TNM	SCRM	Teniente Rodolfo Marsh Martin Airport	Villa Las Estrellas	-62.191026	-58.986690
TNN	RCNN	Tainan International Airport / Tainan Air Base	Tainan (Rende)	22.950399	120.206001
TNO	MRTM	Tamarindo Airport	Tamarindo	10.313500	-85.815498
TNP	KTNP	Twentynine Palms Airport	Twentynine Palms	34.133901	-115.947347
TNQ	PLWN	Washington Island Airstrip	Teraina	4.698359	-160.394376
TNR	FMMI	Ivato International Airport	Antananarivo	-18.796900	47.478802
TNS	CBX5	Tungsten (Cantung) Airport	Tungsten	61.956902	-128.203003
TNT	KTNT	Dade Collier Training and Transition Airport	Miami	25.861788	-80.897010
TNU	KTNU	Newton Municipal Airport	Newton	41.674400	-93.021698
TNV	PLFA	Tabuaeran Island Airport	Tabuaeran Island	3.899440	-159.389008
TNW	SEJD	Jumandy Airport	Ahuano	-1.060185	-77.580525
TNZ	ZMTL	Tosontsengel Airport	Tosontsengel	48.738870	98.294100
TOA	KTOA	Zamperini Field	Torrance	33.803398	-118.339996
TOB	HLTQ	Tobruk International Airport	Adam	31.861000	23.907000
TOC	KTOC	Toccoa Airport - R.G. Letourneau Field	Toccoa	34.593800	-83.295799
TOD	WMBT	Tioman Airport	Tioman Island	2.818180	104.160004
TOE	DTTZ	Tozeur Nefta International Airport	Tozeur	33.939701	8.110560
TOF	UNTT	Tomsk Kamov Airport	Tomsk	56.380299	85.208298
TOG	PATG	Togiak Airport	Togiak Village	59.052799	-160.397003
TOH	NVSD	Torres Airstrip	Loh/Linua	-13.328000	166.638000
TOI	KTOI	Troy Municipal Airport at N Kenneth Campbell Field	Troy	31.860399	-86.012101
TOJ	LETO	Madrid–Torrejón Airport / Torrejón Air Base	Madrid	40.487875	-3.456808
TOK	TOK	Torokina Airport	Torokina	-6.201500	155.063000
TOL	KTOL	Eugene F. Kranz Toledo Express Airport	Toledo	41.586800	-83.807800
TOM	GATB	Tombouktou Airport	Timbuktu	16.730499	-3.007580
TON	AYVO	Tonu Airport	Tonu	-6.655200	155.432600
TOO	MRSV	San Vito de Java Airport	Coto Brus	8.826971	-82.958922
TOP	KTOP	Philip Billard Municipal Airport	Topeka	39.069899	-95.622606
TOQ	SCBE	Barriles Airport	Tocopilla	-22.141100	-70.062897
TOR	KTOR	Torrington Municipal Airport	Torrington	42.064499	-104.153000
TOS	ENTC	Tromsø Airport	Tromsø	69.683296	18.918900
TOT	SMCO	Totness Airport	Totness	5.865830	-56.327499
TOU	NWWU	Touho Airport	Touho	-20.790127	165.259524
TOW	SBTD	Toledo - Luiz Dalcanale Filho Municipal Airport	Toledo	-24.686300	-53.697498
TOX	USTO	Tobolsk Airport	Tobolsk	58.135799	68.231903
TOY	RJNT	Toyama Kitokito Airport	Toyama	36.648416	137.187359
TOZ	DITM	Mahana Airport	Touba	8.293400	-7.674000
TPA	KTPA	Tampa International Airport	Tampa	27.975500	-82.533203
TPC	SETR	Tarapoa Airport	Tarapoa	-0.122956	-76.337799
TPE	RCTP	Taiwan Taoyuan International Airport	Taoyuan	25.077700	121.233002
TPF	KTPF	Peter O Knight Airport	Tampa	27.915600	-82.449303
TPG	WMBI	Taiping (Tekah) Airport	Taiping	4.866432	100.715381
TPH	KTPH	Tonopah Airport	Tonopah	38.060200	-117.086998
TPI	AYTI	Tapini Airport	Tapini	-8.356667	146.989167
TPJ	VNTJ	Taplejung Airport	Taplejung	27.350900	87.695250
TPK	WITA	Teuku Cut Ali Airport	Tapaktuan	3.169040	97.288299
TPL	KTPL	Draughon Miller Central Texas Regional Airport	Temple	31.152500	-97.407799
TPN	SETI	Tiputini Airport	Tiputini	-0.776111	-75.526398
TPP	SPST	Cadete FAP Guillermo Del Castillo Paredes Airport	Tarapoto	-6.508740	-76.373199
TPQ	MMEP	Amado Nervo National Airport	Tepic	21.419833	-104.842472
TPR	YTMP	Tom Price Airport	Tom Price	-22.746000	117.869003
TPS	LICT	Vincenzo Florio Airport Trapani-Birgi	Trapani (TP)	37.911400	12.488000
TPT	TPT	Tapeta Airport	Tapeta	6.494800	-8.873000
TPU	VNTP	Tikapur Airport	Tikapur	28.521900	81.123000
TPX	NTTU	Tupai Airport	Tupai Atoll	-16.242300	-151.833800
TQD	ORAT	Al Taqaddum Air Base	Al Habbaniyah	33.338100	43.597099
TQL	USDS	Tarko-Sale Airport	Tarko-Sale	64.930485	77.811295
TQN	OATQ	Taleqan Airport	Taleqan	36.770699	69.531998
TQO	MMTL	Felipe Carrillo Puerto International Airport Tulum	Tulum	20.172098	-87.660272
TQP	YTEE	Trepell Airport	Trepell	-21.834999	140.888000
TQQ	WAWC	Maranggo Airport	Waha-Tomea Island	-5.766423	123.918668
TQS	SKTQ	Captain Ernesto Esguerra Cubides Air Base	Tres Esquinas	0.745900	-75.234000
TRA	RORT	Tarama Airport	Tarama	24.653793	124.675453
TRC	MMTC	Francisco Sarabia Tinoco International Airport	Torreón	25.562265	-103.404608
TRD	ENVA	Trondheim Airport, Værnes	Trondheim	63.457802	10.924000
TRE	EGPU	Tiree Airport	Balemartine, Argyll and Bute	56.499199	-6.869170
TRF	ENTO	Sandefjord Airport, Torp	Sandefjord(Torp)	59.186699	10.258600
TRG	NZTG	Tauranga Airport	Tauranga	-37.671902	176.195999
TRH	KL72	Trona Airport	Trona	35.812500	-117.327003
TRI	KTRI	Tri-Cities Regional TN/VA Airport	Blountville	36.475201	-82.407401
TRJ	AYTT	Tarakbits Airport	Tarakbits	-5.614000	141.042100
TRK	WAQQ	Juwata International Airport / Suharnoko Harbani AFB	Tarakan	3.325145	117.564169
TRL	KTRL	Terrell Municipal Airport	Terrell	32.709202	-96.267403
TRM	KTRM	Jacqueline Cochran Regional Airport	Palm Springs	33.626701	-116.160004
TRN	LIMF	Turin Airport	Caselle Torinese (TO)	45.200802	7.649630
TRO	YTRE	Taree Airport	Taree	-31.888599	152.514008
TRQ	SBTK	Tarauacá Airport	Tarauacá	-8.155534	-70.782985
TRR	VCCT	China Bay Airport	Trincomalee	8.539159	81.181280
TRS	LIPQ	Trieste Airport	Ronchi dei Legionari/Trieste	45.827862	13.466672
TRT	WAFB	Toraja Airport	Toraja	-3.185833	119.917750
TRU	SPRU	Capitán FAP Carlos Martínez de Pinillos International Airport	Trujillo	-8.082382	-79.108821
TRV	VOTV	Thiruvananthapuram International Airport	Thiruvananthapuram	8.481889	76.920029
TRW	NGTA	Bonriki International Airport	South Tarawa	1.381640	173.147003
TRX	KTRX	Trenton Municipal Airport	Trenton	40.083500	-93.590599
TRY	HUTO	Tororo Airport	Tororo	0.683000	34.167000
TRZ	VOTR	Tiruchirappalli International Airport	Tiruchirappalli	10.762915	78.717741
TSA	RCSS	Taipei Songshan International Airport	Taipei (Songshan)	25.067244	121.552822
TSB	FYTM	Tsumeb Airport	Tsumeb	-19.262079	17.732509
TSC	SETH	Taisha Airport	Taisha	-2.381670	-77.502800
TSD	ZA-0098	Tshipise Airport	Tshipise	-22.619301	30.175600
TSF	LIPH	Treviso Airport	Treviso (TV)	45.648399	12.194400
TSG	TSG	Tanacross Airport	Tanacross	63.374401	-143.335999
TSH	FZUK	Tshikapa Airport	Tshikapa	-6.438330	20.794701
TSI	TSI	Tsile Tsile Airport	Tsile Tsile	-6.849800	146.355400
TSJ	RJDT	Tsushima Airport	Tsushima	34.284901	129.330994
TSL	MMTN	Tamuín National Airport	Tamuín	22.038300	-98.806502
TSM	KSKX	Taos Regional Airport	Taos	36.452494	-105.677490
TSN	ZBTJ	Tianjin Binhai International Airport	Tianjin	39.124401	117.346001
TSP	KTSP	Tehachapi Municipal Airport	Tehachapi	35.134998	-118.439003
TSQ	SBTR	Torres Airport	Torres	-29.414900	-49.810001
TSR	LRTR	Timișoara Traian Vuia International Airport	Timişoara	45.809898	21.337900
TST	VTST	Trang Airport	Trang	7.508740	99.616600
TSU	NGTS	Tabiteuea South Airport	Tabiteuea South	-1.474440	175.063995
TSV	YBTL	Townsville Airport / RAAF Base Townsville	Townsville	-19.252904	146.766512
TSW	AYTS	Tsewi Airport	Tsewi	-7.069500	146.127200
TSY	WICM	Cibeureum Airport	Tasikmalaya-Java Island	-7.346600	108.246002
TSZ	ZMTG	Tsetserleg Airport	Tsetserleg	47.461476	101.483804
TTA	GMAT	Tan Tan Airport	Tan Tan	28.447563	-11.161749
TTC	SCTT	Las Breas Airport	Taltal	-25.564301	-70.375900
TTD	KTTD	Portland Troutdale Airport	Portland	45.549400	-122.401001
TTE	WAEE	Sultan Babullah Airport	Ternate	0.831012	127.381611
TTG	SAST	General Enrique Mosconi Airport	Tartagal	-22.616877	-63.793015
TTH	OOTH	Thumrait Air Base	Thumrait	17.666000	54.024601
TTI	NTTE	Tetiaroa Airport	Tetiaroa	-17.015095	-149.589372
TTJ	RJOR	Tottori Sand Dunes Conan Airport	Tottori	35.530058	134.165023
TTM	SK-129	Tablón De Tamara Airport	Tablón De Tamara	5.726667	-72.100556
TTN	KTTN	Trenton Mercer Airport	Ewing Township	40.276699	-74.813499
TTO	KBTN	Britton Municipal Airport	Britton	45.815201	-97.743103
TTR	WAWT	Pongtiku Airport	Makale	-3.044740	119.821999
TTS	FMNT	Tsaratanana Airport	Tsaratanana	-16.751064	47.619016
TTT	RCFN	Taitung Airport	Taitung City	22.754856	121.101794
TTU	GMTN	Sania Ramel Airport	Tétouan	35.594299	-5.320020
TTX	YTST	Truscott-Mungalalu Airport	Anjo Peninsula	-14.089700	126.380997
TUA	SETU	Lieutenant Colonel Luis A. Mantilla International Airport	Tulcán	0.809506	-77.708099
TUB	NTAT	Tubuai Airport		-23.365400	-149.524002
TUC	SANT	Teniente Benjamín Matienzo International Airport	San Miguel de Tucumán	-26.837397	-65.104195
TUD	GOTT	Tambacounda Airport	Tambacounda	13.736800	-13.653100
TUF	LFOT	Tours Val de Loire Airport	Tours, Indre-et-Loire	47.432201	0.727606
TUG	RPUT	Tuguegarao Airport	Tuguegarao City	17.643368	121.733150
TUH	KAYX	Arnold Air Force Base	Manchester	35.392601	-86.085800
TUI	OETR	Turaif Domestic Airport	Turaif	31.692188	38.731544
TUJ	TUJ	Tum Airport	Tum	6.260000	35.518400
TUK	OPTU	Turbat International Airport	Turbat	25.984767	63.028856
TUL	KTUL	Tulsa International Airport	Tulsa	36.197084	-95.886225
TUM	YTMU	Tumut Aerodrome	Tumut	-35.268320	148.240526
TUN	DTTA	Tunis Carthage International Airport	Tunis	36.851002	10.227200
TUO	NZAP	Taupo Airport	Taupo	-38.739700	176.084000
TUP	KTUP	Tupelo Regional Airport	Tupelo	34.268101	-88.769897
TUQ	DFOT	Tougan Airport	Tougan	13.059091	-3.077291
TUR	SBTU	Tucuruí Airport	Tucuruí	-3.786010	-49.720299
TUS	KTUS	Tucson International Airport	Tucson	32.115004	-110.938053
TUU	OETB	Prince Sultan bin Abdulaziz International Airport	Tabuk	28.371100	36.624865
TUV	SVTC	Tucupita Airport	Tucupita	9.088994	-62.094173
TUW	PA-0018	Tubualá Airport	Coetupo	8.918601	-77.709182
TUX	CBX7	Tumbler Ridge Airport	Tumbler Ridge	55.025002	-120.934998
TUY	MMTU	Base Aeronaval de Tulum	Tulum	20.227301	-87.438203
TVA	FMMR	Morafenobe Airport	Morafenobe	-17.850083	44.920467
TVC	KTVC	Cherry Capital Airport	Traverse City	44.741402	-85.582199
TVF	KTVF	Thief River Falls Regional Airport	Thief River Falls	48.065701	-96.184998
TVI	KTVI	Thomasville Regional Airport	Thomasville	30.901600	-83.881302
TVL	KTVL	Lake Tahoe Airport	South Lake Tahoe	38.893902	-119.995003
TVS	ZBSN	Tangshan Sannühe Airport	Tangshan (Fengrun)	39.717800	118.002625
TVT	UZTP	Tashkent-Khumo International Airport	Tashkent	41.312889	69.395535
TVU	NFNM	Matei Airport	Matei	-16.690599	-179.876999
TVY	VYDW	Dawei Airport	Dawei	14.103900	98.203598
TWA	A63	Twin Hills Airport	Twin Hills	59.074713	-160.274992
TWB	YTWB	Toowoomba Airport	Toowoomba	-27.543365	151.919112
TWC	ZWTS	Tumxuk Tangwangcheng Airport	Tumxuk	39.886663	79.233408
TWD	K0S9	Jefferson County International Airport	Port Townsend	48.053799	-122.810997
TWE	AK49	Taylor Airport	Taylor	65.679298	-164.798996
TWF	KTWF	Joslin Field Magic Valley Regional Airport	Twin Falls	42.481800	-114.487999
TWP	AU-TWP	Torwood Airport	Torwood	-17.363300	143.750000
TWT	RPMN	Sanga Sanga Airport	Bongao	5.048196	119.743338
TWU	WBKW	Tawau Airport	Tawau	4.313380	118.121520
TWY	AYTW	Tawa Airport	Tawa	-7.446300	146.106700
TWZ	NZUK	Pukaki Airport	Twitzel	-44.235001	170.117996
TXC	BY-0001	Orsha Airport - Balbasovo Air Base	Orsha	54.439999	30.296700
TXE	WITK	Rembele Airport	Takengon	4.721130	96.851943
TXF	SNTF	9 de Maio - Teixeira de Freitas Airport	Teixeira de Freitas	-17.524392	-39.668499
TXK	KTXK	Texarkana Regional Airport (Webb Field)	Texarkana	33.453701	-93.990997
TXM	WAST	Teminabuan Airport	Atinjoe	-1.445450	132.021139
TXN	ZSTX	Huangshan Tunxi International Airport	Huangshan	29.733299	118.255997
TXR	YTNB	Tanbar Airport	Tanbar Station	-25.847799	141.927994
TXU	DITB	Tabou Airport	Tabou	4.437809	-7.362728
TYA	RU-10050	Klokovo Air Base	Tula	54.239000	37.600000
TYB	YTIB	Tibooburra Airport		-29.451099	142.057999
TYC	CN-0300	Taiyuan Yaocheng Airport	Taiyuan	37.503120	112.424126
TYD	UHBW	Tynda Airport	Tynda	55.284936	124.779010
TYE	TYE	Tyonek Airport	Tyonek	61.076556	-151.131363
TYF	ESST	Torsby Airport	Torsby	60.157600	12.991300
TYG	YTHY	Thylungra Airport		-26.093047	143.451360
TYL	SPYL	Captain Victor Montes Arias International Airport	Talara	-4.576640	-81.254097
TYM	MYES	Staniel Cay Airport	Staniel Cay	24.169100	-76.439102
TYN	ZBYN	Taiyuan Wusu International Airport	Taiyuan	37.746899	112.627998
TYP	YTMY	Tobermorey Airport	Tobermorey	-22.255800	137.953003
TYR	KTYR	Tyler Pounds Regional Airport	Tyler	32.354099	-95.402397
TYS	KTYS	McGhee Tyson Airport	Knoxville/Maryville	35.811001	-83.994003
TYT	SUTR	Treinta y Tres Airport	Treinta y Tres	-33.195714	-54.347246
TYZ	KTYL	Taylor Airport	Taylor	34.452801	-110.114998
TZA	MZBE	Sir Barry Bowen Municipal Airport	Belize City	17.517239	-88.195775
TZC	KCFS	Tuscola Area Airport	Caro	43.458801	-83.445503
TZL	LQTZ	Tuzla International Airport	Dubrave Gornje	44.459858	18.723627
TZM	MM72	Aeródromo de Cupul	Tizimin	21.155716	-88.172918
TZN	MYAK	Congo Town Airport	Andros	24.158701	-77.589798
TZO	TZO	Tsimiroro Airport	Ankisatra	-18.345064	45.015643
TZX	LTCG	Trabzon International Airport	Trabzon	40.995098	39.789700
UAB	LTAG	İncirlik Air Base	Sarıçam	37.002102	35.425900
UAC	MX-UAC	San Luis Río Colorado Airport	San Luis Río Colorado	32.445301	-114.797997
UAE	AYAE	Mount Aue Airport	Aue	-6.229978	144.664181
UAH	NTMU	Ua Huka Airport	Ua Huka	-8.936228	-139.554062
UAI	WPDB	Commander in Chief of FALINTIL, Kay Rala Xanana Gusmão, International Airport	Suai	-9.301856	125.286302
UAL	FNUA	Luau Airport	Luau	-10.715800	22.231100
UAM	PGUA	Andersen Air Force Base	Yigo	13.584000	144.929998
UAP	NTMP	Ua Pou Airport	Ua Pou	-9.351670	-140.078003
UAQ	SANU	Domingo Faustino Sarmiento Airport	San Juan	-31.571501	-68.418198
UAR	GMFB	Bouarfa Airport	Bouarfa	32.514306	-1.983056
UAS	HKSB	Samburu Airport	Isiolo West	0.534069	37.531991
UAX	GT-0007	Uaxactun Airport	Uaxactun	17.393888	-89.632744
UBA	SBUR	Mário de Almeida Franco Airport	Uberaba	-19.765036	-47.964805
UBB	YMAA	Mabuiag Island Airport	Mabuiag Island	-9.950168	142.195230
UBI	AYUI	Buin Airport	Buin	-6.729167	155.683333
UBJ	RJDC	Yamaguchi Ube Airport	Ube	33.930000	131.279007
UBN	ZMCK	Ulaanbaatar Chinggis Khaan International Airport	Ulaanbaatar (Sergelen)	47.646916	106.819833
UBP	VTUU	Ubon Ratchathani Airport	Ubon Ratchathani	15.251300	104.870003
UBS	KUBS	Columbus Lowndes County Airport	Columbus	33.465401	-88.380302
UBT	SDUB	Ubatuba Gastão Madeira State Airport	Ubatuba	-23.441122	-45.075814
UBU	YKAL	Kalumburu Airport	Kalumburu	-14.287840	126.633182
UCB	ZBUC	Ulanqab Jining Airport	Ulanqab	41.130266	113.107274
UCC	NV11	Yucca Airstrip	Mercury	36.934661	-116.005960
UCE	K4R7	Eunice Airport	Eunice	30.466299	-92.423798
UCK	UKLC	Lutsk Airport	Lutsk	50.678404	25.487165
UCN	GLBU	Buchanan Airport	Buchanan	5.905503	-10.058262
UCT	UUYH	Ukhta Airport	Ukhta	63.566898	53.804699
UCY	KUCY	Everett-Stewart Regional Airport	Union City	36.381802	-88.985397
UCZ	SPIZ	Uchiza Airport	Uchiza	-8.467000	-76.349998
UDA	YUDA	Undara Airport	Undara	-18.191340	144.612240
UDD	KUDD	Bermuda Dunes Airport	Bermuda Dunes	33.748492	-116.275027
UDE	EHVK	Volkel Air Base	Uden	51.657222	5.707778
UDI	SBUL	Ten. Cel. Aviador César Bombonato Airport	Uberlândia	-18.883579	-48.225936
UDJ	UKLU	Uzhhorod International Airport	Uzhhorod	48.634300	22.263399
UDR	VAUD	Maharana Pratap Airport	Udaipur	24.617701	73.896103
UEE	YQNS	Queenstown Airport		-42.075731	145.530088
UEL	FQQL	Quelimane Airport	Quelimane	-17.855499	36.869099
UEN	USDU	Urengoy Airport	Urengoy	65.959999	78.436996
UEO	ROKJ	Kumejima Airport	Kumejima	26.363445	126.713840
UES	KUES	Waukesha County Airport	Waukesha	43.041000	-88.237099
UET	OPQT	Quetta International Airport	Quetta	30.251400	66.937798
UFA	UWUU	Ufa International Airport	Ufa	54.557499	55.874401
UGA	ZMBN	Bulgan Airport	Bulgan	48.855000	103.475998
UGB	UGB	Ugashik Bay Airport	Pilot Point	57.424052	-157.744790
UGC	UZNU	Urgench International Airport	Urgench	41.582740	60.643380
UGL	SCGC	Union Glacier Blue-Ice Runway	Union Glacier	-79.777778	-83.320833
UGN	KUGN	Waukegan National Airport	Chicago/Waukegan	42.422199	-87.867897
UGO	FNUG	Uige Airport	Uige	-7.603070	15.027800
UGS	9A8	Ugashik Airport	Ugashik	57.523476	-157.396344
UGT	ZMBR	Bulagtai Resort Airport	Khankhongor	43.749304	104.114985
UGU	ID-ZGP	Bilorai Airport	Bilogai	-3.739503	137.031183
UHE	LKKU	Kunovice Airport	Uherské Hradiště	49.029400	17.439699
UHS	RU-0802	Aleksandrovsk-Sakhalinskiy Airport	Aleksandrovsk-Sakhalinskiy	50.877144	142.175610
UIB	SKUI	El Caraño Airport	Quibdó	5.690760	-76.641200
UIH	VVPC	Phu Cat Airport	Quy Nohn	13.955000	109.042000
UII	MHUT	Utila Airport	Utila Island	16.113100	-86.880302
UIK	UIBS	Ust-Ilimsk Airport	Ust-Ilimsk	58.135409	102.556066
UIL	KUIL	Quillayute Airport	Quillayute	47.936600	-124.563004
UIN	KUIN	Quincy Regional Airport Baldwin Field	Quincy	39.942699	-91.194603
UIO	SEQM	Mariscal Sucre International Airport	Quito	-0.125399	-78.354306
UIP	LFRQ	Quimper-Cornouaille Airport	Quimper/Pluguffan	47.973031	-4.169655
UIR	YQDI	Quirindi Airport		-31.498177	150.521708
UIT	MH-UIT	Jaluit Airport	Jabor Jaluit Atoll	5.909213	169.637256
UJE	MH-0004	Ujae Atoll Airport	Ujae Atoll	8.928060	165.761993
UJN	RKTL	Uljin Airport	Bongsan-ri, Uljin	36.777049	129.461861
UJU	ZKUJ	Uiju Airport	Uiju	40.150013	124.501104
UKA	HKUK	Ukunda Airstrip	Ukunda	-4.293330	39.571098
UKB	RJBE	Kobe Airport	Kobe	34.632801	135.223999
UKE	VEUK	Utkela Airport	Bhawanipatna	20.097778	83.183333
UKG	UEBT	Ust-Kuyga Airport	Ust-Kuyga	70.011002	135.645004
UKH	UKH	Mukhaizna Airport	Mukhaizna Oil Field	19.386389	56.401389
UKI	KUKI	Ukiah Municipal Airport	Ukiah	39.125999	-123.200996
UKK	UASK	Oskemen International Airport	Ust-Kamenogorsk (Oskemen)	50.035033	82.496057
UKN	Y01	Waukon Municipal Airport	Waukon	43.280499	-91.469498
UKR	OYMS	Mukeiras Airport	Mukayras	13.936800	45.657000
UKS	UKFB	Sevastopol International Airport / Belbek Air Base	Sevastopol	44.691822	33.574620
UKT	KUKT	Quakertown Airport	Quakertown	40.435200	-75.381897
UKU	AYNU	Nuku Airport	Nuku	-3.676765	142.484920
UKX	UITT	Ust-Kut Airport	Ust-Kut	56.856701	105.730003
ULA	SAWJ	Capitan D Daniel Vazquez Airport	San Julian	-49.306816	-67.802596
ULB	NVSU	Uléi Airport	Ambrym Island	-16.329700	168.301100
ULD	FAUL	Prince Mangosuthu Buthelezi Airport	Ulundi	-28.320601	31.416500
ULE	PG-ULE	Sule Airport	Sule	-4.974720	151.296997
ULG	ZMUL	Ölgii Mongolei International Airport	Ölgii	48.993301	89.922501
ULH	OEAO	Al-Ula International Airport	Al-Ula	26.483634	38.117048
ULI	FM-ULI	Ulithi Airport	Falalop Island	10.019800	139.789993
ULK	UERL	Lensk Airport	Lensk	60.723594	114.825319
ULM	KULM	New Ulm Municipal Airport	New Ulm	44.319599	-94.502296
ULN	ZMUB	Buyant-Ukhaa International Airport	Ulaanbaatar	47.843102	106.766998
ULO	ZMUG	Ulaangom Airport	Ulaangom	50.066588	91.938273
ULP	YQLP	Quilpie Airport		-26.609176	144.253746
ULQ	SKUL	Heriberto Gíl Martínez Airport	Tuluá	4.088360	-76.235100
ULS	SK-012	Mulatos Airport	Mulatos	8.640190	-76.718840
ULU	HUGU	Gulu Airport	Gulu	2.805560	32.271801
ULV	UWLL	Ulyanovsk Baratayevka Airport	Ulyanovsk	54.270160	48.225569
ULX	FAUS	Ulusaba Airport	Ulusaba	-24.785400	31.354900
ULY	UWLW	Ulyanovsk Vostochny Airport	Cherdakly	54.401001	48.802700
ULZ	ZMDN	Donoi Airport	Uliastai	47.709300	96.525800
UMA	MUMA	Alfredo Noa Díaz Airport	Maisí	20.242374	-74.148268
UMB	ZM-0045	Kalumbila Airport	Kalumbila	-12.253580	25.444320
UMC	AYUC	Umba Airport	Umba	-7.021400	145.966000
UME	ESNU	Umeå Airport	Umeå	63.791801	20.282801
UMI	SPIL	Quincemil Air Base	Quince Mil	-13.231357	-70.751450
UMM	PAST	Summit Airport	Cantwell	63.331501	-149.126999
UMR	YPWR	Woomera Airfield	Woomera	-31.144199	136.817001
UMS	UEMU	Ust-Maya Airport	Ust-Maya	60.357437	134.437310
UMT	PAUM	Umiat Airport	Umiat	69.371101	-152.136002
UMU	SSUM	Orlando de Carvalho Airport	Umuarama	-23.798700	-53.313801
UMY	UKHS	Sumy Airport	Sumy	50.858299	34.762501
UMZ	KMEZ	Mena Intermountain Municipal Airport	Mena	34.545399	-94.202698
UNA	SBTC	Una-Comandatuba Airport	Una	-15.354358	-38.998729
UNC	SK-197	Unguía Airport	Unguía	8.032714	-77.091751
UND	OAUZ	Kunduz Airport	Kunduz	36.665100	68.910797
UNE	FXQN	Qacha's Nek Airport	Qacha's Nek	-30.111700	28.671900
UNG	AYKI	Kiunga Airport	Kiunga	-6.125710	141.281998
UNI	TVSU	Union Island International Airport	Union Island	12.600135	-61.411945
UNK	PAUN	Unalakleet Airport	Unalakleet	63.888401	-160.798996
UNN	VTSR	Ranong Airport	Ranong	9.777620	98.585503
UNR	ZMUH	Öndörkhaan Airport	Öndörkhaan	47.304860	110.609200
UNU	KUNU	Dodge County Airport	Juneau	43.426601	-88.703201
UOA	NTTX	Moruroa Airport	Moruroa Atoll	-21.809780	-138.813385
UOL	WAFY	Buol - Pogogul Airport	Buol	1.102318	121.413358
UOS	KUOS	Franklin County Airport	Sewanee	35.204754	-85.899052
UOX	KUOX	University Oxford Airport	Oxford	34.384300	-89.536797
UPB	MUPB	Playa Baracoa Airport	Havana	23.032801	-82.579399
UPG	WAAA	Sultan Hasanuddin International Airport	Makassar	-5.075539	119.553702
UPL	MRUP	Upala Airport	Upala	10.892200	-85.016197
UPN	MMPN	Uruapan - Licenciado y General Ignacio Lopez Rayon International Airport	Uruapan	19.396700	-102.039001
UPP	PHUP	Upolu Airport	Hawi	20.265301	-155.860001
UPR	AYUR	Upiara Airport	Upiara	-8.541100	142.650300
UPV	EGDJ	Upavon Aerodrome	Pewsey, Wiltshire	51.286570	-1.782239
URA	UARR	Manshuk Mametova International Airport	Uralsk	51.151976	51.543652
URC	ZWWW	Ürümqi Tianshan International Airport	Ürümqi	43.913584	87.479372
URD	EDQE	Burg Feuerstein Airport	Ebermannstadt	49.794167	11.133611
URE	EEKE	Kuressaare Airport	Kuressaare	58.229900	22.509501
URG	SBUG	Rubem Berta Airport	Uruguaiana	-29.782200	-57.038200
URI	SKUB	Uribe Airport	La Uribe	3.237500	-74.347222
URJ	USHU	Uray Airport	Uray	60.103298	64.826698
URM	SVUM	Uriman Airport	Urimán	5.358118	-62.671625
URN	OAOG	Urgun Airport	Urgun	32.931135	69.153167
URO	LFOP	Rouen Vallée de Seine Airport	Boos	49.384887	1.179142
URR	SKUR	Urrao Airport	Urrao	6.328830	-76.142500
URS	UUOK	Kursk East Airport	Kursk	51.750599	36.295601
URT	VTSB	Surat Thani Airport	Surat Thani	9.132600	99.135597
URU	AYUE	Uroubi Airport	Uroubi	-9.516200	148.559100
URY	OEGT	Gurayat Domestic Airport	Gurayat	31.412413	37.278898
URZ	OARG	Orūzgān Airport	Orūzgān	32.903000	66.630898
USA	KJQF	Concord-Padgett Regional Airport	Concord	35.387798	-80.709099
USC	K35A	Union County, Troy Shelton Field	Union	34.687046	-81.641050
USH	SAWH	Ushuaia - Malvinas Argentinas International Airport	Ushuaia	-54.843300	-68.295800
USI	SYMB	Mabaruma Airport	Mabaruma	8.200170	-59.777965
USJ	UAAL	Usharal Airport	Usharal	46.190767	80.830922
USK	UUYS	Usinsk Airport	Usinsk	66.004700	57.367199
USL	YUSL	Useless Loop Airport	Useless Loop	-26.157923	113.394817
USM	VTSM	Samui International Airport	Na Thon (Ko Samui Island)	9.547790	100.061996
USN	RKPU	Ulsan Airport	Ulsan	35.593498	129.352005
USQ	LTBO	Uşak Airport	Uşak	38.681499	29.471701
USR	UEMT	Ust-Nera Airport	Ust-Nera	64.550003	143.115005
USS	MUSS	Sancti Spiritus Airport	Sancti Spiritus	21.970400	-79.442703
UST	KSGJ	Northeast Florida Regional Airport	St Augustine	29.959200	-81.339798
USU	RPVV	Francisco B. Reyes (Busuanga) Airport	Coron	12.121865	120.100801
UTA	FVMU	Mutare Airport	Mutare	-18.997499	32.627201
UTB	YMTB	Muttaburra Airport		-22.583300	144.533005
UTD	YNUT	Nutwood Downs Airport	Nutwood Downs	-15.807400	134.145900
UTE	FABU	Bultfontein Airport	Bultfontein	-28.273369	26.135835
UTG	FXQG	Quthing Airport	Quthing	-30.407499	27.693300
UTH	VTUD	Udon Thani International Airport	Udon Thani	17.386186	102.788577
UTI	EFUT	Utti Air Base	Utti / Valkeala	60.896400	26.938400
UTK	03N	Utirik Airport	Utirik Island	11.222219	169.851429
UTM	KUTA	Tunica Municipal Airport	Tunica	34.685050	-90.347757
UTN	FAUP	Upington Airport	Upington	-28.400246	21.263592
UTO	PAIM	Indian Mountain LRRS Airport	Utopia Creek	65.992798	-153.703995
UTP	VTBU	U-Tapao–Rayong–Pattaya International Airport	Rayong	12.679900	101.004997
UTS	UUYX	Ust-Tsylma Airport	Ust-Tsylma	65.437294	52.200336
UTT	FAUT	K. D. Matanzima Airport	Mthatha	-31.546363	28.673355
UTU	UTU	Ustupu Airport	Ustupu	9.128300	-77.933700
UTW	FAQT	Queenstown Airport	Queenstown	-31.920200	26.882200
UUA	UWKB	Bugulma Airport	Bugulma	54.641184	52.800229
UUD	UIUU	Baikal International Airport	Ulan Ude	51.808614	107.439652
UUK	PAKU	Ugnu-Kuparuk Airport	Kuparuk	70.330803	-149.598007
UUN	ZMBU	Baruun Urt Airport		46.660301	113.285004
UUS	UHSS	Yuzhno-Sakhalinsk International Airport	Yuzhno-Sakhalinsk	46.885461	142.717466
UUU	UUU	Manumu Airport	Manumu	-9.074600	147.573500
UVA	KUVA	Garner Field	Uvalde	29.211300	-99.743599
UVE	NWWV	Ouvéa Airport	Ouvéa	-20.640932	166.573024
UVF	TLPL	Hewanorra International Airport	Vieux Fort	13.733200	-60.952599
UVI	SSUV	José Cleto Airport	União da Vitória	-26.233224	-51.066754
UVL	HEKG	El Kharja Airport	Kharja Oases	25.471483	30.588491
UVO	AYUZ	Uvol Airport	Uvol	-6.017800	150.955700
UWA	MA53	Ware Airport	Ware	42.282001	-72.214798
UYL	HSNN	Nyala Airport	Nyala	12.053500	24.956200
UYN	ZLYL	Yulin Yuyang Airport	Yulin	38.359710	109.590927
UYU	SLUY	Joya Andina International Airport	Quijarro	-20.441304	-66.857553
UZC	LYUZ	Ponikve Airport	Stapari	43.898899	19.697701
UZM	UZM	Hope Bay Aerodrome	Hope Bay	68.156000	-106.618000
UZR	UASU	Urzhar Airport	Urzhar	47.091786	81.668216
UZU	SATU	Curuzu Cuatia Airport	Curuzu Cuatia	-29.770600	-57.978900
VAA	EFVA	Vaasa Airport	Vaasa	63.050230	21.762543
VAB	SK-510	Yavarate Airport	Yavarate	0.611772	-69.207369
VAC	EDWU	Varrelbusch Airfield	Cloppenburg	52.908333	8.040556
VAD	KVAD	Moody Air Force Base	Valdosta	30.967800	-83.193001
VAF	LFLU	Valence-Chabeuil Airport	Chabeuil, Drôme	44.921600	4.969900
VAG	SBVG	Major Brigadeiro Trompowsky Airport	Varginha	-21.591375	-45.474116
VAH	SLVG	Capitán Av. Vidal Villagomez Toledo Airport	Vallegrande	-18.482500	-64.099403
VAI	AYVN	Vanimo Airport	Vanimo	-2.692600	141.302800
VAK	PAVA	Chevak Airport	Chevak	61.540900	-165.600500
VAL	SNVB	Valença Airport	Valença	-13.296500	-38.992401
VAM	VRMV	Villa International Airport Maamigili	Maamigili	3.471751	72.832633
VAN	LTCI	Van Ferit Melen Airport	Van	38.468201	43.332298
VAO	AGGV	Suavanao Airport	Suavanao	-7.585560	158.731003
VAP	SCRD	Rodelillo Airport	Viña Del Mar	-33.068100	-71.557503
VAQ	UNIW	Vanavara Airport	Vanavara	60.356229	102.309641
VAR	LBWN	Varna Airport	Varna	43.232101	27.825100
VAS	LTAR	Sivas Nuri Demirağ Airport	Sivas	39.813801	36.903500
VAT	FMMY	Vatomandry Airport	Vatomandry	-19.383333	48.950000
VAV	NFTV	Vava'u International Airport	Vava'u Island	-18.585300	-173.962006
VAW	ENSS	Vardø Airport, Svartnes	Vardø	70.355400	31.044901
VBA	VYAN	Ann Airport	Aeng	19.769199	94.026100
VBC	VYCZ	Chanmyathazi Airport	Mandalay	21.940500	96.089600
VBG	KVBG	Vandenberg Space Force Base	Lompoc	34.737301	-120.584000
VBP	VYBP	Bokpyinn Airport	Bokpyinn	11.149400	98.735901
VBS	LIPO	Brescia Gabriele d'Annunzio Airport	Montichiari (BS)	45.428902	10.330600
VBV	NFVB	Vanua Balavu Airport	Vanua Balavu	-17.268999	-178.975998
VBY	ESSV	Visby Airport	Visby	57.662800	18.346201
VCA	VVCT	Can Tho International Airport	Can Tho	10.083397	105.709371
VCC	SNEE	Vacaria Airport	Vacaria	-28.432480	-51.023322
VCD	YVRD	Victoria River Downs Airport	Victoria River	-16.402124	131.004974
VCE	LIPZ	Venice Marco Polo Airport	Venezia (VE)	45.505299	12.351900
VCF	AR-0017	Valcheta Airport	Valcheta	-40.700001	-66.150002
VCH	SUVO	Vichadero Airport	Vichadero	-31.739166	-54.587776
VCL	VVCA	Chu Lai Airport	Tam Nghĩa	15.403300	108.706001
VCP	SBKP	Viracopos International Airport	Campinas	-23.007404	-47.134502
VCS	VVCS	Con Dao Airport	Con Dao	8.731830	106.633003
VCT	KVCT	Victoria Regional Airport	Victoria	28.852600	-96.918503
VCV	KVCV	Southern California Logistics Airport	Victorville	34.597500	-117.383003
VDA	LLOV	Ovda Airport	Eilat	29.940300	34.935799
VDC	SBVC	Glauber de Andrade Rocha Airport	Vitória da Conquista	-14.907885	-40.914804
VDE	GCHI	El Hierro Airport	El Hierro Island	27.814800	-17.887100
VDH	VVDH	Dong Hoi Airport	Dong Hoi	17.515000	106.590556
VDI	KVDI	Vidalia Regional Airport	Vidalia	32.192699	-82.371201
VDM	SAVV	Gobernador Castello Airport	Viedma / Carmen de Patagones	-40.869200	-63.000400
VDO	VVVD	Van Don International Airport	Van Don	21.120693	107.415390
VDP	SVVP	Valle de La Pascua Airport		9.222028	-65.993584
VDR	SAOD	Villa Dolores Airport	Villa Dolores	-31.945200	-65.146301
VDS	ENVD	Vadsø Airport	Vadsø	70.065300	29.844700
VDY	VOJV	Jindal Vijaynagar Airport	Toranagallu	15.175921	76.633030
VDZ	PAVD	Valdez Pioneer Field	Valdez	61.132712	-146.246567
VEE	PAVE	Venetie Airport	Venetie	67.008698	-146.365997
VEG	SYMK	Maikwak Airport	Maikwak	4.898172	-59.817027
VEL	KVEL	Vernal Regional Airport	Vernal	40.436214	-109.511661
VEO	UNIS	Severo-Yeniseysk Airport	Severo-Yeniseysk	60.373299	93.011703
VER	MMVR	General Heriberto Jara International Airport	Veracruz	19.139589	-96.188602
VEV	AGBA	Barakoma Airport	Barakoma	-7.912780	156.705994
VEX	KD60	Tioga Municipal Airport	Tioga	48.380501	-102.898003
VEY	BIVM	Vestmannaeyjar Airport	Vestmannaeyjar	63.424301	-20.278900
VFA	FVFA	Victoria Falls International Airport	Victoria Falls	-18.097437	25.836867
VGA	VOBZ	Vijayawada International Airport	Vijayawada	16.530011	80.804888
VGD	ULWW	Vologda Airport	Vologda	59.282501	39.944401
VGO	LEVX	Vigo Airport	Vigo	42.231800	-8.626770
VGS	AR-0010	General Villegas Airport	General Villegas	-34.995728	-62.999725
VGT	KVGT	North Las Vegas Airport	Las Vegas	36.209074	-115.193982
VGZ	SKVG	Villa Garzón Airport	Villa Garzón	0.978767	-76.605600
VHC	FNSA	Saurimo Airport	Saurimo	-9.689070	20.431900
VHM	ESNV	Vilhelmina South Lapland Airport	Vilhelmina	64.579102	16.833599
VHN	KVHN	Culberson County Airport	Van Horn	31.057800	-104.783997
VHV	UENI	Verkhnevilyuisk Airport	Verkhnevilyuisk	63.458057	120.269165
VHY	LFLV	Vichy-Charmeil Airport	Charmeil, Allier	46.169690	3.403637
VHZ	NTUV	Vahitahi Airport	Vahitahi	-18.780697	-138.855680
VIA	SSVI	Videira Airport	Videira	-26.999701	-51.141899
VIE	LOWW	Vienna International Airport	Vienna	48.110298	16.569700
VIG	SVVG	Juan Pablo Pérez Alfonso Airport	El Vigía	8.624139	-71.672668
VIH	KVIH	Rolla National Airport	Vichy	38.127399	-91.769501
VII	VVVH	Vinh Airport	Vinh	18.737600	105.670998
VIJ	TUPW	Virgin Gorda Airport	Spanish Town	18.446634	-64.427932
VIL	GMMH	Dakhla Airport	Dakhla	23.718300	-15.932000
VIN	UKWW	Vinnytsia/Gavyryshivka International Airport	Vinnitsa	49.242531	28.613778
VIP	LSMP	Payerne Air Base	Payerne	46.843200	6.915060
VIQ	WPVQ	Viqueque Airport	Viqueque	-8.883800	126.373001
VIR	FAVG	Virginia Airport	Durban	-29.770599	31.058399
VIS	KVIS	Visalia Municipal Airport	Visalia	36.318699	-119.392998
VIT	LEVT	Vitoria Airport	Alava	42.882801	-2.724470
VIU	AGVH	Viru Harbour Airstrip	Viru	-8.508457	157.689986
VIV	VIV	Vivigani Airfield	Vivigani	-9.303333	150.318889
VIX	SBVT	Eurico de Aguiar Salles International Airport	Vitória	-20.258000	-40.285000
VIY	LFPV	Vélizy-Villacoublay Air Base	Vélizy-Villacoublay, Yvelines	48.774406	2.203102
VJB	FQXA	Xai-Xai Chongoene Airport	Xai-Xai	-24.892909	33.753024
VJI	KVJI	Virginia Highlands Airport	Abingdon	36.687099	-82.033302
VJQ	VJQ	Gurue Airport	Gurue	-15.506200	36.990400
VKG	VVRG	Rach Gia Airport	Rach Gia	9.958030	105.132380
VKO	UUWW	Vnukovo International Airport	Moscow	55.591499	37.261501
VKS	KVKS	Vicksburg Municipal Airport	Vicksburg	32.239300	-90.928398
VKT	UUYW	Vorkuta Airport	Vorkuta	67.488602	63.993099
VKV	ULAH	Vaskovo Airport	Arkhangelsk	64.441704	40.421700
VLA	KVLA	Vandalia Municipal Airport	Vandalia	38.991501	-89.166199
VLC	LEVC	Valencia Airport	Valencia	39.489162	-0.480961
VLD	KVLD	Valdosta Regional Airport	Valdosta	30.782499	-83.276703
VLE	K40G	Valle Airport	Grand Canyon	35.650600	-112.148003
VLG	SAZV	Villa Gesell Airport	Villa Gesell	-37.235400	-57.029200
VLI	NVVV	Bauerfield International Airport	Port Vila	-17.699301	168.320007
VLL	LEVD	Valladolid Airport	Valladolid	41.706100	-4.851940
VLM	SLVM	Teniente Coronel Rafael Pabón Airport	Villamontes	-21.255199	-63.405602
VLN	SVVA	Arturo Michelena International Airport	Valencia	10.149733	-67.928398
VLP	SWVC	Vila Rica Airport	Vila Rica	-9.981057	-51.140358
VLR	SCLL	Vallenar Airport	Vallenar	-28.596399	-70.755997
VLS	NVSV	Valesdir Airport	Epi Island	-16.796101	168.177002
VLU	ULOL	Velikiye Luki Airport	Velikiye Luki	56.381066	30.607846
VLV	SVVL	Dr. Antonio Nicolás Briceño Airport	Valera	9.340478	-70.584061
VLY	EGOV	Anglesey Airport	Angelsey	53.248100	-4.535340
VME	SAOR	Villa Reynolds Airport	Villa Mercedes	-33.729900	-65.387398
VMI	VMI	Aeropuerto Nacional Doctor Juan Plate	Puerto Vallemi	-22.159371	-57.942395
VMU	AYBA	Baimuru Airport	Baimuru	-7.496955	144.821756
VNA	VLSV	Salavan Airport	Salavan	15.709026	106.410937
VNC	KVNC	Venice Municipal Airport	Venice	27.070541	-82.440815
VND	FMSU	Vangaindrano Airport	Vangaindrano	-23.350767	47.581701
VNE	LFRV	Vannes-Meucon Airport	Vannes/Meucon	47.723301	-2.718560
VNO	EYVI	Vilnius International Airport	Vilnius	54.634102	25.285801
VNR	YVRS	Vanrook Station Airport		-16.961532	141.952270
VNS	VEBN	Lal Bahadur Shastri International Airport	Varanasi	25.452171	82.862549
VNT	EVVA	Ventspils International Airport	Ventspils	57.357800	21.544201
VNX	FQVL	Vilankulo Airport	Vilanculo	-22.018400	35.313301
VNY	KVNY	Van Nuys Airport	Van Nuys	34.209801	-118.489998
VOD	LKVO	Vodochody Airport	Vodochody	50.216599	14.395800
VOG	URWW	Volgograd International Airport	Volgograd	48.781340	44.339194
VOH	FMNV	Vohemar Airport	Vohemar	-13.375800	50.002800
VOI	GLVA	Voinjama Airport	Voinjama	8.323470	-9.769249
VOK	KVOK	Volk Field	Camp Douglas	43.938999	-90.253403
VOL	LGBL	Nea Anchialos National Airport	Nea Anchialos	39.219601	22.794300
VOT	SDVG	Domingos Pignatari Airport	Votuporanga	-20.458426	-50.003134
VOZ	UUOO	Voronezh International Airport	Voronezh	51.814324	39.230948
VPE	FNGI	Ngjiva Pereira Airport	Ngiva	-17.043501	15.683800
VPG	KE-0069	Vipingo Estate Airport	Kikambala	-3.808441	39.797235
VPN	BIVO	Vopnafjörður Airport	Vopnafjörður	65.720596	-14.850600
VPS	KVPS	Destin-Fort Walton Beach Airport	Valparaiso	30.481315	-86.515839
VPY	FQCH	Chimoio Airport	Chimoio	-19.151300	33.429001
VPZ	KVPZ	Porter County Municipal Airport	Valparaiso	41.453999	-87.007103
VQQ	KVQQ	Cecil Airport	Jacksonville	30.218700	-81.876701
VQS	TJVQ	Antonio Rivera Rodriguez Airport	Vieques	18.134800	-65.493599
VRA	MUVR	Juan Gualberto Gomez International Airport	Matanzas	23.034401	-81.435303
VRB	KVRB	Vero Beach Regional Airport	Vero Beach	27.655600	-80.417901
VRC	RPUV	Virac Airport	Virac	13.576400	124.206001
VRE	FAVR	Vredendal Airport	Vredendal	-31.641001	18.544800
VRI	ULDW	Varandey Airport	Varandey	68.848503	58.201401
VRK	EFVR	Varkaus Airport	Varkaus / Joroinen	62.171101	27.868601
VRL	LPVR	Vila Real Airport	Vila Real	41.274300	-7.720470
VRN	LIPX	Verona Villafranca Valerio Catullo Airport	Caselle (VR)	45.394955	10.887303
VRO	MUKW	Kawama Airport	Santa Marta	23.124001	-81.301598
VRS	3VS	Roy Otten Memorial Airfield	Versailles	38.427799	-92.875198
VRU	FAVB	Vryburg Airport	Vryburg	-26.982401	24.728800
VRZ	SSOL	Padre Israel Airport	Lavras	-21.240601	-44.963902
VSA	MMVA	Carlos Rovirosa Pérez International Airport	Villahermosa	17.994283	-92.818199
VSE	LPVZ	Aerodromo Goncalves Lobato (Viseu Airport)	Viseu	40.725498	-7.888990
VSF	KVSF	Hartness State Airport	North Springfield	43.343601	-72.517303
VST	ESOW	Stockholm Västerås Airport	Stockholm / Västerås	59.589401	16.633600
VSV	VISV	Shravasti Airport	Shravasti	27.499732	82.032927
VTB	UMII	Vitebsk Vostochny Airport	Vitebsk	55.126499	30.349600
VTE	VLVT	Wattay International Airport	Vientiane	17.985052	102.566692
VTF	NFVL	Vatulele Airport	Vatulele	-18.512501	177.639008
VTG	VVVT	Vung Tau Airport	Vũng Tàu	10.375093	107.096185
VTM	LLNV	Nevatim Air Base	Beersheba	31.208300	35.012299
VTN	KVTN	Miller Field	Valentine	42.856211	-100.549192
VTU	MUVT	Hermanos Ameijeiras Airport	Las Tunas	20.987600	-76.935799
VTZ	VOVZ	Visakhapatnam International Airport	Visakhapatnam	17.723506	83.227729
VUP	SKVP	Alfonso López Pumarejo Airport	Valledupar	10.435000	-73.249500
VUS	ULWU	Velikiy Ustyug Airport	Velikiy Ustyug	60.788300	46.259998
VUU	VUU	Mvuu Camp Airport	Liwonde National Park	-14.838611	35.301389
VVB	FMMH	Mahanoro Airport	Mahanoro	-19.833000	48.799999
VVC	SKVV	Vanguardia Airport	Villavicencio	4.167870	-73.613800
VVI	SLVR	Viru Viru International Airport	Santa Cruz	-17.644800	-63.135399
VVK	ESSW	Västervik Airport	Västervik	57.779999	16.523600
VVN	VVN	Las Malvinas/Echarate Airport	Las Malvinas	-11.854861	-72.939332
VVO	UHWW	Vladivostok International Airport	Artyom	43.396256	132.148155
VVZ	DAAP	Illizi Takhamalt Airport	Illizi	26.723499	8.622650
VXC	FQLC	Lichinga Airport	Lichinga	-13.274000	35.266300
VXE	GVSV	Cesaria Evora International Airport	São Pedro	16.833363	-25.055308
VXO	ESMX	Växjö Kronoberg Airport	Växjö	56.929100	14.728000
VYD	FAVY	Vryheid Airport	Vryheid	-27.786900	30.796400
VYI	UENW	Vilyuisk Airport	Vilyuisk	63.756668	121.693336
VYS	KVYS	Illinois Valley Regional Airport Walter A Duncan Field	Peru	41.351898	-89.153099
WAA	PAIW	Wales Airport	Wales	65.622593	-168.095000
WAD	WAD	Andriamena Airport	Andriamena	-17.631000	47.723300
WAE	OEWD	Wadi Al Dawasir Domestic Airport	Wadi Al Dawasir	20.504299	45.199600
WAF	OPWN	Wana Airport	Waana	32.304699	69.570396
WAG	NZWU	Wanganui Airport	Wanganui	-39.963467	175.024440
WAH	KBWP	Harry Stern Airport	Wahpeton	46.244099	-96.607399
WAI	FMNW	Ambalabe Airport	Antsohihy	-14.898800	47.993900
WAJ	AYWF	Wawoi Falls Airport	Wavoi Falls	-6.952300	142.655700
WAK	FMSZ	Ankazoabo Airport	Ankazoabo	-22.296442	44.531536
WAL	KWAL	Wallops Flight Facility Airport	Wallops Island	37.940813	-75.462255
WAM	FMMZ	Ambatondrazaka Airport	Ambatondrazaka	-17.795378	48.442583
WAO	AYWB	Wabo Airport	Wabo	-6.989444	145.075111
WAP	SCAP	Alto Palena Airport	Palena	-43.611492	-71.805452
WAQ	FMMG	Antsalova Airport	Antsalova	-18.701273	44.614921
WAT	EIWF	Waterford Airport	Waterford	52.187199	-7.086960
WAU	YWAC	Wauchope Airport	Wauchope	-20.640614	134.215276
WAV	YWAV	Wave Hill Airport		-17.393299	131.117996
WAW	EPWA	Warsaw Chopin Airport	Warsaw	52.165699	20.967100
WAX	HLZW	Zuwarah International Airport	Zuwarah	32.952301	12.015500
WAY	KWAY	Greene County Airport	Waynesburg	39.901120	-80.130733
WAZ	YWCK	Warwick Airport		-28.149401	151.942993
WBA	WAPV	Wahai Airport	Wahai	-2.811400	129.484000
WBB	WBB	Stebbins Airport	Stebbins	63.515999	-162.278000
WBC	AYWJ	Wapolu Airport	Wapolu	-9.337600	150.509300
WBD	FMNF	Avaratra Airport	Befandriana	-15.200000	48.483002
WBE	FMNB	Ankaizina Airport	Bealanana	-14.544277	48.691413
WBG	ETNS	Schleswig Air Base	Jagel	54.459301	9.516330
WBK	KY31	West Branch Community Airport	West Branch	44.244801	-84.179802
WBM	AYWD	Wapenamanda Airport	Wapenamanda	-5.635293	143.892231
WBO	FMSB	Antsoa Airport	Beroroha	-21.606984	45.136020
WBQ	PAWB	Beaver Airport	Beaver	66.362198	-147.406998
WBR	KRQB	Roben Hood Airport	Big Rapids	43.722599	-85.504097
WBU	KBDU	Boulder Municipal Airport	Boulder	40.039101	-105.226025
WBW	KWBW	Wilkes Barre Wyoming Valley Airport	Wilkes-Barre	41.297199	-75.851196
WCA	SCST	Gamboa Airport	Castro	-42.490299	-73.772797
WCD	YSCD	Carosue Dam Airport	Cundeelee	-30.173611	122.322222
WCH	SCTN	Nuevo Chaitén Airport	Chaitén	-42.781943	-72.834999
WCR	PALR	Chandalar Lake Airport	Chandalar Lake	67.504501	-148.483002
WDA	WDA	Al Ain Airport Ain District, Shabwah Governorate, Yemen	Ain District	14.859579	45.545705
WDB	WAEH	Weda Bay Airport	Weda	0.467938	127.948242
WDG	KWDG	Enid Woodring Regional Airport	Enid	36.379200	-97.791100
WDH	FYWH	Hosea Kutako International Airport	Windhoek	-22.479900	17.470900
WDI	YWND	Wondai Airport		-26.277392	151.861673
WDN	90WA	Waldron Airstrip	Eastsound	48.711410	-123.018208
WDR	KWDR	Barrow County Airport	Winder	33.982899	-83.667397
WDS	ZHSY	Shiyan Wudangshan Airport	Shiyan (Maojian)	32.592889	110.906296
WEA	KWEA	Parker County Airport	Weatherford	32.746300	-97.682404
WED	WED	Wedau Airport	Wedau	-10.095400	150.082600
WEF	ZSWF	Weifang Nanyuan Airport	Weifang (Kuiwen)	36.646702	119.119003
WEH	ZSWH	Weihai Dashuibo Airport	Weihai	37.187099	122.228996
WEI	YBWP	Weipa Airport	Weipa	-12.677493	141.922618
WEL	FAWM	Welkom Airport	Welkom	-27.996825	26.663334
WEP	AYXW	Weam Airport	Weam	-8.618400	141.138100
WET	WABG	Deiyai / Waghete Baru Airport	Tigi	-4.059160	136.281715
WEW	YWWA	Wee Waa Airport		-30.258301	149.408005
WFI	FMSF	Fianarantsoa Airport	Fianarantsoa	-21.441601	47.111698
WFK	KFVE	Northern Aroostook Regional Airport	Frenchville	47.285500	-68.312798
WGA	YSWG	Wagga Wagga Airport	Forest Hill	-35.163484	147.468320
WGB	OPBR	Bahawalnagar Airport	Bahawalnagar	29.946301	73.249100
WGC	VOWA	Warangal Airport	Warangal	17.914400	79.602203
WGE	YWLG	Walgett Airport		-30.032801	148.126007
WGN	ZGSY	Shaoyang Wugang Airport	Shaoyang (Wugang)	26.806123	110.641042
WGO	KOKV	Winchester Regional Airport	Winchester	39.143501	-78.144402
WGP	WATU	Umbu Mehang Kunda Airport	Waingapu-Sumba Island	-9.669220	120.302002
WGT	YWGT	Wangaratta Airport	Laceby	-36.417914	146.306896
WHA	ZSWA	Wuhu Xuanzhou Airport	Wuhu	31.104500	118.666870
WHB	YEWA	Eliwana		-22.428395	116.887879
WHF	HSSW	Wadi Halfa Airport	Wadi Halfa	21.802698	31.521578
WHK	NZWK	Whakatāne Airport	Whakatāne	-37.922224	176.916960
WHL	WHL	Welshpool Airport	Welshpool	-38.682382	146.445331
WHN	CN-0178	Wuhan Hannan Municipal Airport	Wuhan (Hannan)	30.255210	114.062805
WHO	NZFJ	Franz Josef Aerodrome		-43.363098	170.134003
WHP	KWHP	Whiteman Airport	Pacoima	34.259300	-118.413002
WHS	EGEH	Whalsay Airstrip	Whalsay, Shetlands	60.376835	-0.927229
WHT	KARM	Wharton Regional Airport	Wharton	29.254299	-96.154404
WHU	ZSWU	Wuhu Wanli Airport / Wuhu Air Base	Wuhu	31.390600	118.408997
WIB	KF05	Wilbarger County Airport	Vernon	34.225700	-99.283798
WIC	EGPC	Wick John O'Groats Airport	Wick	58.458900	-3.093060
WIE	ETOU	Wiesbaden Army Airfield	Wiesbaden	50.049801	8.325400
WIK	NZKE	Waiheke Island Aerodrome	Waiheke Island	-36.808899	175.085999
WIL	HKNW	Nairobi Wilson Airport	Nairobi	-1.321720	36.814800
WIN	YWTN	Winton Airport		-22.363600	143.085999
WIO	YWCA	Wilcannia Airport		-31.522082	143.378358
WIR	NZWO	Wairoa Airport	Wairoa	-39.011862	177.404401
WIU	AYIX	Witu Airport	Garove Island	-4.689522	149.440112
WJA	MH-WJA	Woja Airport	Woja	7.450833	168.550000
WJF	KWJF	General William J Fox Airfield	Lancaster	34.741100	-118.219002
WJR	HKWJ	Wajir Airport	Wajir	1.733240	40.091599
WJU	RKNW	Wonju Airport / Hoengseong Air Base (K-38/K-46)	Wonju	37.437113	127.960051
WKA	NZWF	Wanaka Airport	Wanaka	-44.722091	169.246287
WKB	YWKB	Warracknabeal Airport		-36.321098	142.419006
WKF	FAWK	Waterkloof Air Force Base	Pretoria	-25.830000	28.222500
WKI	FVWT	Hwange (Town) Airport	Hwange	-18.362967	26.519791
WKJ	RJCW	Wakkanai Airport	Wakkanai	45.404202	141.800995
WKK	5A8	Aleknagik / New Airport	Aleknagik	59.282600	-158.617996
WKN	AYWQ	Wakunai Airport	Wakunai	-5.860300	155.222300
WKR	MYAW	Walkers Cay Airport	Walkers Cay	27.259656	-78.400455
WLA	YWAL	Wallal Downs Airport	Eighty Mile Beach	-19.773600	120.649002
WLC	YWCH	Walcha Airport		-31.009492	151.547442
WLD	KWLD	Strother Field	Winfield / Arkansas City	37.168598	-97.037598
WLE	YMLS	Miles Airport		-26.806447	150.168953
WLG	NZWN	Wellington International Airport	Wellington	-41.326839	174.806862
WLH	NVSW	Walaha Airport	Walaha	-15.412000	167.690994
WLK	PASK	Selawik Airport	Selawik	66.600098	-159.985992
WLL	YWOR	Wollogorang Airport		-17.219900	137.934530
WLO	YWTL	Waterloo Airport		-16.629999	129.320007
WLP	YANG	West Angelas Airport		-23.135556	118.707222
WLS	NLWW	Hihifo Airport	Wallis Island	-13.239445	-176.198650
WLU	AYPU	Walluanda Airport	Puri	-6.475161	143.987222
WLW	KWLW	Willows Glenn County Airport	Willows	39.516399	-122.218002
WMA	FMNX	Mandritsara Airport	Mandritsara	-15.845992	48.834718
WMB	YWBL	Warrnambool Airport		-38.295300	142.447006
WMC	KWMC	Winnemucca Municipal Airport	Winnemucca	40.896599	-117.806000
WMD	FMSC	Mandabe Airport	Mandabe	-21.046305	44.940412
WME	YMNE	Mount Keith Airport		-27.287330	120.554937
WMH	KBPK	Ozark Regional Airport	Mountain Home	36.368900	-92.470497
WMI	EPMO	Warsaw Modlin Airport	Nowy Dwór Mazowiecki	52.451099	20.651800
WML	FMMC	Malaimbandy Airport	Malaimbandy	-20.355390	45.543373
WMN	FMNR	Maroantsetra Airport	Maroantsetra	-15.437742	49.689081
WMO	PAWM	White Mountain Airport	White Mountain	64.689201	-163.412994
WMP	FMNP	Mampikony Airport	Mampikony	-16.071916	47.642953
WMR	FMNC	Mananara Nord Airport	Mananara Nord	-16.163900	49.773800
WMT	ZUMT	Zunyi Maotai Airport	Zunyi	27.961837	106.435416
WMX	WAVV	Wamena Airport	Wamena	-4.097324	138.952417
WNA	PANA	Napakiak Airport	Napakiak	60.690300	-161.979004
WND	YWDA	Windarra Airport	Laverton	-28.480610	122.244415
WNH	ZPWS	Wenshan Puzhehei Airport	Wenshan	23.558300	104.325500
WNI	WAWD	Matahora Airport	Wangi-wangi Island	-5.292123	123.636233
WNN	CKL3	Wunnumin Lake Airport	Wunnumin Lake	52.893902	-89.289200
WNP	RPUN	Naga Airport	Naga	13.584900	123.269997
WNR	YWDH	Windorah Airport	Windorah	-25.410641	142.668428
WNS	OPNH	Shaheed Benazirabad Airport	Nawabashah	26.219400	68.390099
WNU	AYWH	Wanuma Airport	Wanuma	-4.896100	145.321300
WNZ	ZSWZ	Wenzhou Longwan International Airport	Wenzhou (Longwan)	27.910572	120.853465
WOA	AYWO	Wonenara Airport	Wonenara	-6.796861	145.891944
WOE	EHWO	Woensdrecht Air Base	Hoogerheide	51.449100	4.342030
WOK	SVUQ	Uon Quen Airport	Uonquén	4.984002	-61.730102
WOL	YSHL	Shellharbour Airport	Albion Park Rail	-34.561100	150.789001
WON	YWDL	Wondoola Airport	Wondoola	-18.575001	140.891998
WOS	ZKWS	Wonsan Kalma Airport	Wonsan	39.165219	127.487931
WOT	RCWA	Wang'an Airport	Wang'an	23.369108	119.503598
WOW	PAUO	Willow Airport	Willow	61.754200	-150.052002
WPA	SCAS	Cabo Juan Román Airfield	Puerto Aysén	-45.399200	-72.670303
WPB	FMNG	Port Bergé Airport	Port Bergé	-15.584286	47.623587
WPC	CZPC	Pincher Creek Airport	Pincher Creek	49.520429	-113.997002
WPK	YWMP	Wrotham Park Airport	Wrotham Park	-16.658915	143.999263
WPM	AYXP	Wipim Airport	Wipim	-8.788220	142.882004
WPO	K7V2	North Fork Valley Airport	Paonia	38.831412	-107.645763
WPR	SCFM	Captain Fuentes Martinez Airport	Porvenir	-53.253700	-70.319199
WPU	SCGZ	Guardia Marina Zañartu Airport	Puerto Williams	-54.931099	-67.626297
WRA	HAWR	Warder Airport	Warder	6.972400	45.333400
WRB	KWRB	Robins Air Force Base	Warner Robins	32.640099	-83.591904
WRE	NZWR	Whangarei Airport	Whangarei	-35.769253	174.363713
WRG	PAWG	Wrangell Airport	Wrangell	56.484299	-132.369995
WRH	CN-0329	Wuerhe Airport	Orku	46.017610	85.657436
WRI	KWRI	Mc Guire Air Force Base	Wrightstown	40.015598	-74.591698
WRL	KWRL	Worland Municipal Airport	Worland	43.965698	-107.950996
WRN	YWDG	Windarling Airport	Windarling Mine	-30.032277	119.386489
WRO	EPWR	Copernicus Wrocław Airport	Wrocław	51.103719	16.882096
WRT	EGNO	Warton Aerodrome	Warton	53.745098	-2.883060
WRW	YWWG	Warrawagine Airport		-20.844200	120.702003
WRY	EGEW	Westray Airport	Westray, Orkney Islands	59.350475	-2.950062
WRZ	VCCW	Weerawila Airport	Weerawila	6.254490	81.235199
WSA	AYIW	Wasua Airport	Wasua	-8.283600	142.869700
WSF	PACS	Cape Sarichef Airport	Cape Sarichef	54.583934	-164.905727
WSG	KAFJ	Washington County Airport	Washington	40.136501	-80.290199
WSH	KHWV	Brookhaven Calabro Airport	Shirley	40.821899	-72.869400
WSI	YSWS	Western Sydney International (Nancy-Bird Walton) Airport	Sydney	-33.883461	150.712981
WSK	ZUWS	Chongqing Wushan Airport	Wushan	31.068960	109.708958
WSM	WSM	Wiseman Airport	Wiseman	67.404602	-150.123001
WSN	PFWS	South Naknek Number 2 Airport	South Naknek	58.702362	-157.005444
WSO	SMWS	Washabo Airport	Washabo	5.215277	-57.185302
WSP	MNWP	Waspam Airport	Waspam	14.739200	-83.969398
WSR	WASW	Wasior Airport	Wasior	-2.720434	134.505902
WST	KWST	Westerly State Airport	Westerly	41.349602	-71.803398
WSU	AYWS	Wasu Airport	Wasu	-5.961709	147.198225
WSY	YSHR	Shute Harbour/Whitsunday Airport	Shute Harbour	-20.276127	148.754979
WSZ	NZWS	Westport Airport	Westport	-41.737111	171.579033
WTA	FMMU	Tambohorano Airport	Tambohorano	-17.476101	43.972801
WTB	YBWW	Toowoomba Wellcamp Airport	Toowoomba	-27.558332	151.793335
WTD	MYGW	West End Airport	West End	26.685301	-78.974998
WTE	MH-WTE	Wotje Airport	Wotje	9.458333	170.238611
WTK	PAWN	Noatak Airport	Noatak	67.561241	-162.980461
WTL	A61	Tuntutuliak Airport	Tuntutuliak	60.351243	-162.654476
WTN	EGXW	RAF Waddington	Lincoln, Lincolnshire	53.166199	-0.523811
WTO	MH-WTO	Wotho Island Airport	Wotho Island	10.173300	166.003006
WTP	AYWT	Woitape Airport	Fatima Mission	-8.545833	147.252500
WTR	KE24	Whiteriver Airport	Whiteriver	33.810175	-109.986555
WTS	FMMX	Tsiroanomandidy Airport	Tsiroanomandidy	-18.759677	46.054065
WTT	AYWC	Wantoat Airport	Wantoat	-6.132500	146.467778
WTZ	NZWT	Whitianga Airport	Whitianga	-36.828731	175.682802
WUA	ZBUH	Wuhai Airport	Wuhai	39.793400	106.799300
WUD	YWUD	Wudinna Airport		-33.043301	135.447006
WUG	AYWU	Wau Airport	Wau	-7.345556	146.718611
WUH	ZHHH	Wuhan Tianhe International Airport	Wuhan (Huangpi)	30.774798	114.213723
WUI	YMMI	Murrin Murrin Airport	Murrin Murrin	-28.705299	121.890990
WUM	AYZM	Wasum Airport	Wasum	-6.049100	149.337000
WUN	YWLU	Wiluna Airport		-26.632691	120.221906
WUS	ZSWY	Nanping Wuyishan Airport	Wuyishan	27.701900	118.000999
WUT	ZBXZ	Xinzhou Wutaishan Airport	Xinzhou	38.597456	112.969173
WUU	HSWW	Wau Airport	Wau	7.725830	27.975000
WUV	AYVW	Wuvulu Island Airport	Wuvulu Island	-1.736111	142.836667
WUX	ZSWX	Sunan Shuofang International Airport	Wuxi	31.496952	120.430380
WUZ	ZGWZ	Wuzhou Xijiang Airport	Tangbu	23.403160	111.093310
WVB	FYWB	Walvis Bay International Airport	Walvis Bay(Rooikop)	-22.979332	14.647102
WVI	KWVI	Watsonville Municipal Airport	Watsonville	36.935699	-121.790001
WVK	FMSK	Manakara Airport	Manakara	-22.119699	48.021702
WVL	KWVL	Waterville Robert Lafleur Airport	Waterville	44.533199	-69.675499
WVN	EDWI	JadeWeser Airport	Wilhelmshaven	53.502220	8.052222
WWA	PAWS	Wasilla Airport	Wasilla	61.571701	-149.539993
WWD	KWWD	Cape May County Airport	Wildwood	39.008499	-74.908302
WWI	YWWI	Woodie Woodie Airport	Woodie Woodie	-21.645510	121.191184
WWK	AYWK	Wewak International Airport	Wewak	-3.583830	143.669006
WWR	KWWR	West Woodward Airport	Woodward	36.438000	-99.522667
WWT	PAEW	Mertarvik Airport	Mertarvik	60.810370	-164.499511
WWY	YWWL	West Wyalong Airport	West Wyalong	-33.937199	147.190994
WXN	ZUWX	Wanzhou Wuqiao Airport	Wanzhou	30.801700	108.433000
WYA	YWHA	Whyalla Airport	Whyalla	-33.058899	137.514008
WYE	GFYE	Yengema Airport	Yengema	8.610470	-11.045400
WYN	YWYM	Wyndham Airport		-15.511400	128.153000
WYS	KWYS	Yellowstone Airport	West Yellowstone	44.688400	-111.117996
WZA	DGLW	Wa Airport	Wa	10.082700	-2.507690
WZQ	WZQ	Urad Middle Banner Airport	Urad Middle Banner	41.460289	108.539085
XAI	ZHXY	Xinyang Minggang Airport	Xinyang	32.540819	114.079141
XAL	MX-XAL	Álamos Airport	Álamos	27.039000	-108.949021
XAP	SBCH	Serafin Enoss Bertaso Airport	Chapecó	-27.134199	-52.656601
XAR	DFOY	Aribinda Airport	Aribinda	14.217000	-0.883000
XAU	SOOS	Saül Airport	Saül	3.613610	-53.204201
XBE	CNE3	Bearskin Lake Airport	Bearskin Lake	53.965599	-91.027199
XBG	DFEB	Bogande Airport	Bogande	12.983000	-0.167000
XBJ	OIMB	Birjand International Airport	Birjand	32.896525	59.281258
XBN	AYBZ	Biniguni Airport	Biniguni	-9.642500	149.303889
XBO	DFEA	Boulsa Airport	Boulsa	12.650000	-0.567000
XBR	CNL3	Brockville - Thousand Islands Regional Tackaberry Airport	Brockville	44.639400	-75.750298
XCH	YPXM	Christmas Island International Airport	Flying Fish Cove	-10.450387	105.691100
XCL	CJS3	Cluff Lake Airport	Cluff Lake	58.391102	-109.515999
XCM	CYCK	Chatham Kent Airport	Chatham-Kent	42.306400	-82.081902
XCO	YOLA	Colac Airport	Colac Otway Shire	-38.286701	143.679993
XCR	LFOK	Chalons Vatry airport	Chalons en Champagne	48.773330	4.206110
XDE	DFOU	Diebougou Airport	Diebougou	10.950000	-3.250000
XDJ	DFCJ	Djibo Airport	Djibo	14.125000	-1.624722
XEN	ZYXC	Xingcheng Air Base	Huludao (Xingcheng)	40.580328	120.700374
XES	KC02	Grand Geneva Resort Airport	Lake Geneva	42.614899	-88.389603
XFN	ZHXF	Xiangyang Liuji Airport	Xiangyang (Xiangzhou)	32.152222	112.291666
XFT	KBPD	Big Pine Sands STOLGround	Big Pine Key, Florida	24.723717	-81.387856
XFW	EDHI	Hamburg-Finkenwerder Airport	Hamburg	53.535278	9.835556
XGA	DFOG	Gaoua Airport	Gaoua	10.384059	-3.163454
XGG	DFEG	Gorom-Gorom Airport	Gorom-Gorom	14.454174	-0.218644
XGN	FNXA	Xangongo Airport	Xangongo	-16.755400	14.965300
XGR	CYLU	Kangiqsualujjuaq (Georges River) Airport	Kangiqsualujjuaq	58.711399	-65.992798
XIC	ZUXC	Xichang Qingshan Airport	Liangshan (Xichang)	27.989100	102.183998
XIE	VLXL	Xienglom Airport	Xienglom	19.620300	100.815332
XIG	XIG	Xinguara Municipal Airport	Xinguara	-7.090600	-49.976500
XIJ	OKAJ	Ahmed Al Jaber Air Base	Ahmed Al Jaber AB	28.934799	47.791901
XIL	ZBXH	Xilinhot Airport	Xilinhot	43.915600	115.963997
XIN	ZGXN	Xingning Air Base	Meizhou (Xingning)	24.149200	115.758003
XIY	ZLXY	Xi'an Xianyang International Airport	Xi'an	34.442207	108.762385
XJD	OTBH	Al Udeid Air Base	Ar Rayyan	25.117300	51.314999
XJM	OPMA	Mangla Airport	Mangla	33.050098	73.638397
XKA	DFEL	Kantchari Airport	Kantchari	12.464046	1.492939
XKH	VLXK	Xieng Khouang Airport	Xieng Khouang	19.450001	103.157997
XKS	CYAQ	Kasabonika Airport	Kasabonika	53.524700	-88.642799
XKY	DFCA	Kaya Airport	Kaya	13.077361	-1.100278
XLB	CZWH	Lac Brochet Airport	Lac Brochet	58.614279	-101.468954
XLS	GOSS	Saint Louis Airport	Saint Louis	16.049814	-16.461039
XLU	DFCL	Leo Airport	Leo	11.100000	-2.100000
XMA	XMA	Maramag Airport	Maramag	7.753800	125.033300
XMC	YMCO	Mallacoota Airport		-37.598301	149.720001
XMD	KMDS	Madison Municipal Airport	Madison	44.015999	-97.085899
XMG	VNMN	Mahendranagar Airport	Mahendranagar	28.963200	80.147903
XMH	NTGI	Manihi Airport		-14.436800	-146.070007
XMI	HTMI	Masasi Airport	Masasi	-10.733000	38.766998
XML	YMIN	Minlaton Airport		-34.743801	137.529087
XMN	ZSAM	Xiamen Gaoqi International Airport	Xiamen	24.543889	118.127454
XMP	CFC4	Macmillan Pass Airport	Macmillan Pass	63.181099	-130.201996
XMS	SEMC	Coronel E Carvajal Airport	Macas	-2.299170	-78.120796
XMY	YYMI	Yam Island Airport	Yam Island	-9.899187	142.774265
XNA	KXNA	Northwest Arkansas National Airport	Fayetteville/Springdale/Rogers	36.281898	-94.306801
XNH	ORTL	Ali Air Base	Nasiriyah	30.935801	46.090099
XNN	ZLXN	Xining Caojiabao International Airport	Haidong (Huzhu Tu Autonomous County)	36.527750	102.040215
XNT	ZBXT	Xingtai Dalian Airport	Xingtai	36.883100	114.429300
XNU	DFON	Nouna Airport	Nouna	12.750000	-3.867000
XPA	DFEP	Pama Airport	Pama	11.250000	0.700000
XPK	CZFG	Pukatawagan Airport	Pukatawagan	55.749199	-101.265999
XPL	MHPR	Palmerola International Airport	Palmerola	14.382400	-87.621201
XPP	CZNG	Poplar River Airport	Poplar River	52.996526	-97.274194
XPR	KIEN	Pine Ridge Airport	Pine Ridge	43.020902	-102.506089
XQP	MRQP	Quepos Managua Airport	Quepos	9.443160	-84.129799
XQU	CAT4	Qualicum Beach Airport	Qualicum Beach	49.337456	-124.393086
XRH	YSRI	RAAF Base Richmond	Richmond	-33.604652	150.783051
XRQ	XRQ	New Barag Right Banner Baogede Airport	New Barag Right Banner	48.575585	116.939382
XRR	CYDM	Ross River Airport	Ross River	61.970600	-132.423004
XRY	LEJR	Jerez Airport	Jerez de la Frontera	36.744598	-6.060110
XSB	OMBY	Sir Bani Yas Airport	Sir Bani Yas	24.283611	52.580278
XSC	MBSC	South Caicos Airport	South Caicos	21.515699	-71.528503
XSD	KTNX	Tonopah Test Range Airport	Tonopah	37.798801	-116.780998
XSE	DFES	Sebba Airport	Sebba	13.450000	0.517000
XSI	CZSN	South Indian Lake Airport	South Indian Lake	56.792801	-98.907204
XSO	PRNO	Siocon Airport	Siocon	7.710035	122.161989
XSP	WSSL	Seletar Airport	Seletar	1.415550	103.866730
XTG	YTGM	Thargomindah Airport	Thargomindah	-27.986368	143.812065
XTL	CYBQ	Tadoule Lake Airport	Tadoule Lake	58.706308	-98.511057
XTO	YTAM	Taroom Airport		-25.801701	149.899994
XTR	YTAA	Tara Airport		-27.163054	150.476423
XUZ	ZSXZ	Xuzhou Guanyin International Airport	Xuzhou	34.059056	117.555278
XWA	KXWA	Williston Basin International Airport	Williston	48.260863	-103.751160
XYA	AGGY	Yandina Airport	Yandina	-9.092816	159.218410
XYE	VYYE	Ye Airport	Ye	15.301361	97.864288
XYR	AYED	Edwaki Airport	Yellow River Mission	-3.883986	141.792234
XZA	DFEZ	Zabré Airport	Zabré	11.167000	-0.617000
YAA	CAJ4	Anahim Lake Airport	Anahim Lake	52.451501	-125.303776
YAB	CYAB	Arctic Bay Airport	Arctic Bay	73.006101	-85.046160
YAC	CYAC	Cat Lake Airport	Cat Lake	51.727200	-91.824402
YAE	UNIJ	Yartsevo Airport	Yartsevo	60.255001	90.195000
YAG	CYAG	Fort Frances Municipal Airport	Fort Frances	48.655749	-93.443490
YAH	CYAH	La Grande-4 Airport	La Grande-4	53.754700	-73.675301
YAI	SCCH	Gral. Bernardo O´Higgins Airport	Chillan	-36.582500	-72.031403
YAK	PAYA	Yakutat Airport	Yakutat	59.508717	-139.660435
YAL	CYAL	Alert Bay Airport	Alert Bay	50.582199	-126.916000
YAM	CYAM	Sault Ste Marie Airport	Sault Ste Marie	46.483216	-84.508467
YAN	FZIR	Yangambi Airport	Yangambi	0.783000	24.466999
YAO	FKKY	Yaoundé Ville Airport	Yaoundé	3.836040	11.523500
YAP	PTYA	Yap International Airport	Yap Island	9.498910	138.082993
YAR	CYAD	La Grande-3 Airport	La Grande-3	53.571701	-76.196404
YAS	NFSW	Yasawa Island Airport	Yasawa Island	-16.758900	177.544998
YAT	CYAT	Attawapiskat Airport	Attawapiskat	52.927502	-82.431900
YAU	CTP9	Donaldson Airport	Kattiniq	61.662201	-73.321404
YAX	CKB6	Wapekeka Airport	Angling Lake	53.849201	-89.579399
YAY	CYAY	St. Anthony Airport	St. Anthony	51.391909	-56.083210
YAZ	CYAZ	Tofino / Long Beach Airport	Tofino	49.079833	-125.775583
YBA	CYBA	Banff Airport	Banff	51.208222	-115.540624
YBB	CYBB	Kugaaruk Airport	Kugaaruk	68.535711	-89.805508
YBC	CYBC	Baie-Comeau Airport	Baie-Comeau	49.132500	-68.204399
YBE	CYBE	Uranium City Airport	Uranium City	59.561401	-108.481003
YBG	CYBG	Saguenay-Bagotville Airport	Saguenay	48.330123	-70.992012
YBI	CCE4	Black Tickle Airport	Black Tickle	53.469836	-55.787501
YBK	CYBK	Baker Lake Airport	Baker Lake	64.298897	-96.077797
YBL	CYBL	Campbell River Airport	Campbell River	49.950802	-125.271004
YBO	CBW4	Bob Quinn Lake Airport	Bob Quinn Lake	56.966702	-130.250000
YBP	ZUYB	Yibin Wuliangye Airport	Yibin (Cuiping)	28.858431	104.526157
YBR	CYBR	Brandon Municipal Airport	Brandon	49.910000	-99.951897
YBS	CKM8	Opapimiskan Lake Airport	Opapimiskan Lake	52.606701	-90.376900
YBT	CYBT	Brochet Airport	Brochet	57.889400	-101.679001
YBV	CYBV	Berens River Airport	Berens River	52.358898	-97.018303
YBX	CYBX	Lourdes-de-Blanc-Sablon Airport	Blanc-Sablon	51.443600	-57.185299
YBY	CYBF	Bonnyville Airport	Bonnyville	54.304199	-110.744003
YCA	CAH3	Courtenay Airpark	Courtenay	49.679237	-124.980640
YCB	CYCB	Cambridge Bay Airport	Cambridge Bay	69.108101	-105.138000
YCC	CYCC	Cornwall Regional Airport	Cornwall	45.092637	-74.567724
YCD	CYCD	Nanaimo Airport	Nanaimo	49.054970	-123.869863
YCE	CYCE	Centralia / James T. Field Memorial Aerodrome	Huron Park	43.285599	-81.508301
YCG	CYCG	Castlegar/West Kootenay Regional Airport	Castlegar	49.296398	-117.632004
YCH	CYCH	Miramichi Airport	Miramichi	47.007801	-65.449203
YCK	CYVL	Tommy Kochon Airport	Colville Lake	67.020150	-126.128364
YCL	CYCL	Charlo Airport	Charlo	47.990799	-66.330299
YCM	CYSN	Niagara District Airport	Niagara-on-the-Lake	43.191598	-79.171686
YCN	CYCN	Cochrane Airport	Cochrane	49.105598	-81.013603
YCO	CYCO	Kugluktuk Airport	Kugluktuk	67.816408	-115.143070
YCQ	CYCQ	Chetwynd Airport	Chetwynd	55.687199	-121.626999
YCR	CYCR	Cross Lake (Charlie Sinclair Memorial) Airport	Cross Lake	54.609758	-97.762442
YCS	CYCS	Chesterfield Inlet Airport	Chesterfield Inlet	63.346901	-90.731102
YCT	CYCT	Coronation Airport	Coronation	52.075001	-111.445000
YCU	ZBYC	Yuncheng Yanhu International Airport	Yuncheng (Yanhu)	35.117823	111.034023
YCW	CYCW	Chilliwack Airport	Chilliwack	49.153157	-121.939309
YCY	CYCY	Clyde River Airport	Clyde River	70.486099	-68.516701
YCZ	CYCZ	Fairmont Hot Springs Airport	Fairmont Hot Springs	50.331052	-115.873739
YDA	CYDA	Dawson City Airport	Dawson City	64.043098	-139.128006
YDB	CYDB	Burwash Airport	Burwash Landing	61.371101	-139.041000
YDC	CER3	Drayton Valley Industrial Airport	Drayton Valley	53.265800	-114.959999
YDF	CYDF	Deer Lake Airport	Deer Lake	49.208159	-57.396147
YDG	CYID	Digby / Annapolis Regional Airport	Digby	44.545845	-65.785425
YDJ	CJL2	Hatchet Lake Airport	Hatchet Lake	58.662498	-103.538002
YDL	CYDL	Dease Lake Airport	Dease Lake	58.422199	-130.031998
YDN	CYDN	Dauphin Barker Airport	Dauphin	51.100800	-100.052002
YDO	CYDO	Dolbeau-Saint-Felicien Airport	Dolbeau-Saint-Felicien	48.778500	-72.375000
YDP	CYDP	Nain Airport	Nain	56.550778	-61.682224
YDQ	CYDQ	Dawson Creek Airport	Dawson Creek	55.741245	-120.183263
YDT	CZBB	Boundary Bay Airport	Delta	49.074338	-123.006877
YDU	CJL8	Kasba Lake Airport	Kasba Lake	60.291901	-102.501999
YDV	CZTA	Bloodvein River Airport	Bloodvein River	51.784568	-96.692305
YDW	CKV4	North of Sixty Airport	Obre Lake	60.315719	-103.131324
YEB	CPF2	Bar River Airport	Echo Bay	46.421233	-84.096478
YEC	RKTY	Yecheon Airbase	Yecheon-ri	36.630373	128.349710
YEG	CYEG	Edmonton International Airport	Edmonton	53.309700	-113.580002
YEH	CN-0362	Yinchuan Yueyahu Airport	Yinchuan	38.588095	106.539788
YEI	LTBR	Bursa Yenişehir Airport	Yenişehir	40.255199	29.562599
YEK	CYEK	Arviat Airport	Arviat	61.094200	-94.070801
YEL	CYEL	Elliot Lake Municipal Airport	Elliot Lake	46.351398	-82.561401
YEM	CYEM	Manitoulin East Municipal Airport	Sheguiandah	45.842435	-81.857595
YEN	CYEN	Estevan Airport	Estevan	49.210300	-102.966003
YEO	EGDY	RNAS Yeovilton	Yeovil, Somerset	51.009399	-2.638820
YEQ	AYYK	Yenkis(Yankisa) Airport		-5.109722	143.917667
YER	CYER	Fort Severn Airport	Fort Severn	56.018902	-87.676102
YES	OISY	Yasuj Airport	Yasuj	30.702238	51.542988
YET	CYET	Edson Airport	Edson	53.578899	-116.464996
YEU	CYEU	Eureka Airport	Eureka	79.994698	-85.814201
YEV	CYEV	Inuvik Mike Zubko Airport	Inuvik	68.304199	-133.483002
YEY	CYEY	Amos/Magny Airport	Amos	48.563903	-78.249702
YFA	CYFA	Fort Albany Airport	Fort Albany	52.203451	-81.695194
YFB	CYFB	Iqaluit Airport	Iqaluit	63.756402	-68.555801
YFC	CYFC	Fredericton International Airport	Fredericton	45.868697	-66.529891
YFE	CYFE	Forestville Airport	Forestville	48.746101	-69.097198
YFG	CTU2	Fontanges Airport	Fontanges	54.553902	-71.173302
YFH	CYFH	Fort Hope Airport	Fort Hope	51.561901	-87.907799
YFI	CFG6	Fort Mackay / Firebag	Suncor Energy Site	57.275833	-110.976666
YFJ	CYWE	Wekweètì Airport	Wekweètì	64.190804	-114.077002
YFO	CYFO	Flin Flon Airport	Flin Flon	54.678101	-101.681999
YFR	CYFR	Fort Resolution Airport	Fort Resolution	61.180801	-113.690002
YFS	CYFS	Fort Simpson Airport	Fort Simpson	61.760201	-121.237000
YFX	CCK4	St. Lewis (Fox Harbour) Airport	St. Lewis	52.372799	-55.673901
YGA	YGA	Yongchuan Da'an General Airport	Chongqing	29.356667	106.010441
YGB	CYGB	Texada Gillies Bay Airport	Texada	49.694341	-124.518099
YGH	CYGH	Fort Good Hope Airport	Fort Good Hope	66.240658	-128.647757
YGJ	RJOH	Yonago Kitaro Airport / JASDF Miho Air Base	Yonago	35.492199	133.235992
YGK	CYGK	Kingston Norman Rogers Airport	Kingston	44.225300	-76.596901
YGL	CYGL	La Grande Rivière Airport	La Grande Rivière	53.625301	-77.704201
YGM	CYGM	Gimli Industrial Park Airport	Gimli	50.628101	-97.043297
YGO	CYGO	Gods Lake Narrows Airport	Gods Lake Narrows	54.557680	-94.490061
YGP	CYGP	Michel-Pouliot Gaspé Airport	Gaspé	48.774915	-64.481893
YGQ	CYGQ	Geraldton Greenstone Regional Airport	Geraldton	49.778301	-86.939400
YGR	CYGR	Îles-de-la-Madeleine Airport	Les Îles-de-la-Madeleine	47.425242	-61.778612
YGT	CYGT	Igloolik Airport	Igloolik	69.364700	-81.816101
YGV	CYGV	Havre-Saint-Pierre Airport	Havre-Saint-Pierre	50.281898	-63.611401
YGW	CYGW	Kuujjuarapik Airport	Kuujjuarapik	55.281898	-77.765297
YGX	CYGX	Gillam Airport	Gillam	56.357120	-94.711504
YGZ	CYGZ	Grise Fiord Airport	Grise Fiord	76.425823	-82.908583
YHA	CCP4	Port Hope Simpson Airport	Port Hope Simpson	52.528099	-56.286098
YHB	CYHB	Hudson Bay Airport	Hudson Bay	52.816700	-102.310997
YHD	CYHD	Dryden Regional Airport	Dryden	49.831699	-92.744202
YHE	CYHE	Hope Airport / FVRD Regional Airpark	Hope	49.368865	-121.494950
YHF	CYHF	Hearst René Fontaine Municipal Airport	Hearst	49.714199	-83.686096
YHG	CCH4	Charlottetown Airport	Charlottetown	52.765774	-56.112370
YHI	CYHI	Ulukhaktok Holman Airport	Ulukhaktok	70.762802	-117.806000
YHJ	CN-0423	Nanchang Yaohu Airport	Nanchang	28.700972	116.107694
YHK	CYHK	Gjoa Haven Airport	Gjoa Haven	68.635597	-95.849701
YHM	CYHM	John C. Munro Hamilton International Airport	Hamilton	43.173480	-79.931185
YHN	CYHN	Hornepayne Municipal Airport	Hornepayne	49.193100	-84.758904
YHO	CYHO	Hopedale Airport	Hopedale	55.448757	-60.228124
YHP	CYHP	Poplar Hill Airport	Poplar Hill	52.113300	-94.255600
YHR	CYHR	Chevery Airport	Chevery	50.468322	-59.637823
YHS	CAP3	Sechelt-Gibsons Airport	Sechelt	49.460602	-123.719002
YHT	CYHT	Haines Junction Airport	Haines Junction	60.789200	-137.546005
YHU	CYHU	Montréal / Saint-Hubert Metropolitan Airport	Montréal	45.517502	-73.416901
YHY	CYHY	Hay River / Merlyn Carter Airport	Hay River	60.839699	-115.782997
YHZ	CYHZ	Halifax / Stanfield International Airport	Halifax	44.880798	-63.508598
YIA	WAHI	Yogyakarta International Airport	Yogyakarta	-7.905338	110.057264
YIB	CYIB	Atikokan Municipal Airport	Atikokan	48.773899	-91.638603
YIC	ZSYC	Yichun Mingyueshan Airport	Yichun	27.802500	114.306200
YIE	ZBES	Arxan Yi'ershi Airport	Arxan	47.310600	119.911700
YIF	CYIF	St Augustin Airport	St-Augustin	51.211700	-58.658298
YIH	ZHYC	Yichang Sanxia Airport	Yichang (Xiaoting)	30.554132	111.482563
YIK	CYIK	Ivujivik Airport	Ivujivik	62.417301	-77.925301
YIN	ZWYN	Ili Yining International Airport	Ili (Yining / Ghulja)	43.955799	81.330299
YIO	CYIO	Pond Inlet Airport	Pond Inlet	72.689494	-77.968941
YIP	KYIP	Willow Run Airport	Detroit	42.237900	-83.530403
YIV	CYIV	Island Lake Airport	Island Lake	53.857201	-94.653603
YIW	ZSYW	Yiwu Airport	Yiwu/Jinhua	29.342095	120.031160
YJA	CYJA	Jasper Airport	Jasper	52.996418	-118.060233
YJF	CYJF	Fort Liard Airport	Fort Liard	60.235802	-123.469002
YJN	CYJN	St Jean Airport	St Jean	45.294399	-73.281097
YJP	CEC4	Jasper-Hinton Airport	Hinton	53.319199	-117.752998
YJS	ZKSE	Samjiyŏn Airport	Samjiyŏn	41.907132	128.409834
YJT	CYJT	Stephenville Dymond International Airport	Stephenville	48.543390	-58.552892
YKA	CYKA	Kamloops John Moose Fulton Field Regional Airport	Kamloops	50.703038	-120.448641
YKC	CYKC	Collins Bay Airport	Collins Bay	58.236099	-103.678001
YKD	CYKM	Kincardine Municipal Airport	Kincardine	44.201401	-81.606697
YKE	CJT3	Knee Lake Airport	Knee Lake	54.915298	-94.798103
YKF	CYKF	Region of Waterloo International Airport	Breslau	43.460800	-80.378601
YKG	CYAS	Kangirsuk Airport	Kangirsuk	60.027199	-69.999199
YKH	ZYYK	Yingkou Lanqi Airport	Yingkou (Laobian)	40.542524	122.358600
YKJ	CYKJ	Key Lake Airport	Key Lake	57.256100	-105.617996
YKL	CYKL	Schefferville Airport	Schefferville	54.805302	-66.805298
YKM	KYKM	Yakima Air Terminal McAllister Field	Yakima	46.568199	-120.543999
YKN	KYKN	Chan Gurney Municipal Airport	Yankton	42.916698	-97.385902
YKO	LTCW	Hakkari Yüksekova Airport	Hakkari	37.549700	44.238100
YKQ	CYKQ	Waskaganish Airport	Waskaganish	51.473301	-78.758301
YKS	UEEE	Platon Oyunsky Yakutsk International Airport	Yakutsk	62.093300	129.770996
YKU	CSU2	Chisasibi Airport	Chisasibi	53.805599	-78.916901
YKX	CYKX	Kirkland Lake Airport	Kirkland Lake	48.210300	-79.981400
YKY	CYKY	Kindersley Airport	Kindersley	51.517502	-109.181000
YLB	CYLB	Lac La Biche Airport	Lac La Biche	54.770302	-112.031998
YLC	CYLC	Kimmirut Airport	Kimmirut	62.848253	-69.877853
YLD	CYLD	Chapleau Airport	Chapleau	47.820000	-83.346703
YLE	CEM3	Whatì Airport	Whatì	63.131699	-117.246002
YLG	YYAL	Yalgoo Airport	Yalgoo	-28.355301	116.683998
YLH	CYLH	Lansdowne House Airport	Lansdowne House	52.195599	-87.934196
YLI	EFYL	Ylivieska Airfield	Ylivieska	64.054722	24.725278
YLJ	CYLJ	Meadow Lake Airport	Meadow Lake	54.125301	-108.523003
YLK	CYLS	Barrie-Lake Simcoe Regional Airport	Barrie	44.485056	-79.554663
YLL	CYLL	Lloydminster Airport	Lloydminster	53.309200	-110.072998
YLP	YLP	Mingan Airport	Longue-Pointe-de-Mingan	50.286900	-64.152800
YLQ	CYLQ	La Tuque Airport	La Tuque	47.409698	-72.788902
YLR	CYLR	Leaf Rapids Airport	Leaf Rapids	56.513302	-99.985298
YLS	CSH4	Lebel-sur-Quevillon Airport	Lebel-sur-Quévillon	49.030300	-77.017197
YLT	CYLT	Alert Airport	Alert	82.517263	-62.283037
YLV	UBEE	Yevlakh Airport	Yevlakh	40.631901	47.141899
YLW	CYLW	Kelowna International Airport	Kelowna	49.956100	-119.377998
YLX	ZGYL	Yulin Fumian Airport	Yulin	22.433042	110.119996
YLY	CYNJ	Langley Airport	Langley	49.100800	-122.630997
YMA	CYMA	Mayo Airport	Mayo	63.616402	-135.867996
YMB	CAD5	Merritt Airport	Merritt	50.122504	-120.745368
YME	CYME	Matane Airport	Matane	48.856899	-67.453300
YMG	CYMG	Manitouwadge Airport	Manitouwadge	49.083900	-85.860603
YMH	CYMH	Mary's Harbour Airport	Mary's Harbour	52.302837	-55.847433
YMJ	CYMJ	Moose Jaw Air Vice Marshal C. M. McEwen Airport	Moose Jaw	50.330299	-105.558998
YMK	USDK	Mys Kamenny Airport	Mys Kamennyi	68.467676	73.596733
YML	CYML	Charlevoix Airport	Charlevoix	47.597500	-70.223900
YMM	CYMM	Fort McMurray International Airport	Fort McMurray	56.653301	-111.222000
YMN	CYFT	Makkovik Airport	Makkovik	55.077335	-59.187942
YMO	CYMO	Moosonee Airport	Moosonee	51.291100	-80.607803
YMP	CAT5	Port McNeill Airport	Port McNeill	50.573480	-127.027702
YMS	SPMS	Moises Benzaquen Rengifo Airport	Yurimaguas	-5.893770	-76.118202
YMT	CYMT	Chapais Airport	Chibougamau	49.771900	-74.528099
YMV	CA-0504	Mary River Aerodrome	Mary River	71.324167	-79.356944
YMW	CYMW	Maniwaki Airport	Messines	46.272800	-75.990601
YMX	CYMX	Montreal Mirabel International Airport	Montréal	45.679501	-74.038696
YNA	CYNA	Natashquan Airport	Natashquan	50.190114	-61.788980
YNB	OEYN	Prince Abdulmohsen Bin Abdulaziz International Airport	Yanbu	24.144199	38.063400
YNC	CYNC	Wemindji Airport	Wemindji	53.010601	-78.831100
YND	CYND	Ottawa / Gatineau Airport	Gatineau	45.521702	-75.563599
YNE	CYNE	Norway House Airport	Norway House	53.958302	-97.844200
YNG	KYNG	Youngstown Warren Regional Airport	Youngstown/Warren	41.260700	-80.679100
YNH	CYNH	Hudson's Hope Airport	Hudson's Hope	56.035142	-121.978326
YNJ	ZYYJ	Yanji Chaoyangchuan Airport	Yanji	42.882801	129.451004
YNL	CYNL	Points North Landing Airport	Points North Landing	58.276699	-104.082001
YNM	CYNM	Matagami Airport	Matagami	49.761700	-77.802803
YNO	CKQ3	North Spirit Lake Airport	North Spirit Lake	52.490002	-92.971100
YNP	CNH2	Natuashish Airport	Natuashish	55.913898	-61.184399
YNS	CYHH	Nemiscau Airport	Nemiscau	51.691101	-76.135597
YNT	ZSYT	Yantai Penglai International Airport	Yantai	37.659724	120.978124
YNX	CSK6	Snap Lake Airport	Snap Lake Mine	63.593601	-110.905998
YNY	RKNY	Yangyang International Airport	Gonghang-ro	38.060481	128.669822
YNZ	ZSYN	Yancheng Nanyang International Airport	Yancheng (Tinghu)	33.428317	120.205450
YOA	CYOA	Ekati Airport	Ekati	64.698898	-110.614998
YOC	CYOC	Old Crow Airport	Old Crow	67.570602	-139.839005
YOD	CYOD	CFB Cold Lake	Cold Lake	54.404999	-110.278999
YOE	CFM4	Donnelly Airport	Donnelly	55.709400	-117.094002
YOG	CYKP	Ogoki Post Airport	Ogoki Post	51.658600	-85.901703
YOH	CYOH	Oxford House Airport	Oxford House	54.933300	-95.278900
YOI	YOI	Opinaca Aerodrome	Éléonore Mine	52.221944	-76.611944
YOJ	CYOJ	High Level Airport	High Level	58.621399	-117.165001
YOL	DNYO	Yola Airport	Yola	9.257550	12.430400
YON	VQTY	Yongphulla Airport	Yongphulla	27.256270	91.514633
YOO	CYOO	Oshawa Executive Airport	Oshawa	43.922798	-78.894997
YOP	CYOP	Rainbow Lake Airport	Rainbow Lake	58.491402	-119.407997
YOS	CYOS	Owen Sound / Billy Bishop Regional Airport	Owen Sound	44.590302	-80.837502
YOW	CYOW	Ottawa Macdonald-Cartier International Airport	Ottawa	45.322498	-75.669197
YPA	CYPA	Prince Albert Glass Field	Prince Albert	53.214199	-105.672997
YPB	CBS8	Alberni Valley Regional Airport	Port Alberni	49.321899	-124.931000
YPC	CYPC	Paulatuk (Nora Aliqatchialuk Ruben) Airport	Paulatuk	69.360838	-124.075470
YPD	CNK4	Parry Sound Area Municipal Airport	Parry Sound	45.257500	-79.829697
YPE	CYPE	Peace River Airport	Peace River	56.226898	-117.446999
YPG	CYPG	Portage-la-Prairie / Southport Airport	Portage la Prairie	49.903099	-98.273817
YPH	CYPH	Inukjuak Airport	Inukjuak	58.471901	-78.076897
YPJ	CYLA	Aupaluk Airport	Aupaluk	59.296700	-69.599701
YPL	CYPL	Pickle Lake Airport	Pickle Lake	51.446400	-90.214203
YPM	CYPM	Pikangikum Airport	Pikangikum	51.819698	-93.973297
YPN	CYPN	Port-Menier Airport	Port-Menier	49.836399	-64.288597
YPO	CYPO	Peawanuck Airport	Peawanuck	54.987932	-85.442648
YPQ	CYPQ	Peterborough Regional Airport	Peterborough	44.232251	-78.362053
YPR	CYPR	Prince Rupert Airport	Prince Rupert	54.286098	-130.445007
YPS	CYPD	Port Hawkesbury Airport	Port Hawkesbury	45.656700	-61.368099
YPW	CYPW	Powell River Airport	Powell River	49.834202	-124.500000
YPX	CYPX	Puvirnituq Airport	Puvirnituq	60.050598	-77.286903
YPY	CYPY	Fort Chipewyan Airport	Fort Chipewyan	58.767200	-111.116997
YPZ	CYPZ	Burns Lake Airport	Burns Lake	54.376400	-125.950996
YQA	CYQA	Muskoka Airport	Gravenhurst	44.975376	-79.306546
YQB	CYQB	Quebec Jean Lesage International Airport	Quebec	46.791100	-71.393303
YQC	CYHA	Quaqtaq Airport	Quaqtaq	61.046398	-69.617798
YQD	CYQD	The Pas Airport	The Pas	53.971401	-101.091003
YQF	CYQF	Red Deer Regional Airport	Springbrook	52.182201	-113.893997
YQG	CYQG	Windsor International Airport	Windsor	42.275600	-82.955597
YQH	CYQH	Watson Lake Airport	Watson Lake	60.116839	-128.821993
YQI	CYQI	Yarmouth Airport	Yarmouth	43.826900	-66.088097
YQK	CYQK	Kenora Airport	Kenora	49.788300	-94.363098
YQL	CYQL	Lethbridge County Airport	Lethbridge	49.630299	-112.800003
YQM	CYQM	Greater Moncton Roméo LeBlanc International Airport	Moncton	46.113189	-64.677190
YQN	CYQN	Nakina Airport	Nakina	50.182800	-86.696404
YQQ	CYQQ	Comox Valley International Airport / CFB Comox	Comox	49.710800	-124.887001
YQR	CYQR	Regina International Airport	Regina	50.431938	-104.660906
YQS	CYQS	St Thomas Municipal Airport	St Thomas	42.770000	-81.110802
YQT	CYQT	Thunder Bay International Airport	Thunder Bay	48.371899	-89.323898
YQU	CYQU	Grande Prairie Airport	Grande Prairie	55.179699	-118.885002
YQV	CYQV	Yorkton Municipal Airport	Yorkton	51.264702	-102.461998
YQW	CYQW	North Battleford Airport	North Battleford	52.769409	-108.243742
YQX	CYQX	Gander International Airport	Gander	48.936258	-54.567719
YQY	CYQY	Sydney / J.A. Douglas McCurdy Airport	Sydney	46.161072	-60.049759
YQZ	CYQZ	Quesnel Airport	Quesnel	53.026100	-122.510002
YRA	CYRA	Rae Lakes Airport	Gamètì	64.116096	-117.309998
YRB	CYRB	Resolute Bay Airport	Resolute Bay	74.716904	-94.969398
YRD	YRD	Dean River Airport	Kimsquit Valley	52.823710	-126.964957
YRF	CYCA	Cartwright Airport	Cartwright	53.682501	-57.042303
YRG	CCZ2	Rigolet Airport	Rigolet	54.179699	-58.457500
YRI	CYRI	Rivière-du-Loup Airport	Rivière-du-Loup	47.764400	-69.584702
YRJ	CYRJ	Roberval Airport	Roberval	48.519665	-72.265735
YRL	CYRL	Red Lake Airport	Red Lake	51.066898	-93.793098
YRM	CYRM	Rocky Mountain House Airport	Rocky Mountain House	52.429699	-114.903999
YRO	CYRO	Ottawa / Rockcliffe Airport	Ottawa	45.460496	-75.644001
YRQ	CYRQ	Trois-Rivières Airport	Trois-Rivières	46.352798	-72.679398
YRR	CA-0446	Stuart Island Airstrip	Big Bay	50.409447	-125.131617
YRS	CYRS	Red Sucker Lake Airport	Red Sucker Lake	54.167198	-93.557198
YRT	CYRT	Rankin Inlet Airport	Rankin Inlet	62.811401	-92.115799
YRV	CYRV	Revelstoke Airport	Revelstoke	50.962245	-118.184258
YSA	CSB2	Sable Island Airport.	Sable Island	43.928235	-59.948986
YSB	CYSB	Sudbury Airport	Sudbury	46.625000	-80.798897
YSC	CYSC	Sherbrooke Airport	Sherbrooke	45.438599	-71.691399
YSE	CYSE	Squamish Airport	Squamish	49.781700	-123.162003
YSF	CYSF	Stony Rapids Airport	Stony Rapids	59.250301	-105.841003
YSG	CYLK	Lutselk'e Airport	Lutselk'e	62.417823	-110.682793
YSH	CYSH	Smiths Falls-Montague (Russ Beach) Airport	Smiths Falls	44.945801	-75.940598
YSJ	CYSJ	Saint John Airport	Saint John	45.316101	-65.890297
YSK	CYSK	Sanikiluaq Airport	Sanikiluaq	56.536891	-79.250221
YSL	CYSL	Saint-Léonard Airport	Saint-Léonard	47.157097	-67.836242
YSM	CYSM	Fort Smith Airport	Fort Smith	60.020302	-111.961998
YSN	CZAM	Shuswap Regional Airport	Salmon Arm	50.682802	-119.228996
YSO	CCD4	Postville Airport	Postville	54.910500	-59.785070
YSP	CYSP	Marathon Airport	Marathon	48.755299	-86.344398
YSQ	ZYSQ	Songyuan Chaganhu Airport	Qian Gorlos Mongol Autonomous County	44.931143	124.552121
YST	CYST	St. Theresa Point Airport	St. Theresa Point	53.845261	-94.851966
YSU	CYSU	Summerside Airport	Slemon Park	46.440601	-63.833599
YSV	CA-0322	Saglek Airport	Saglek	58.474312	-62.653999
YSY	CYSY	Sachs Harbour (David Nasogaluak Jr. Saaryuaq) Airport	Sachs Harbour	71.993896	-125.242996
YTA	CYTA	Pembroke Airport	Pembroke	45.864399	-77.251701
YTD	CZLQ	Thicket Portage Airport	Thicket Portage	55.318901	-97.707802
YTE	CYTE	Cape Dorset Airport	Kinngait	64.230003	-76.526703
YTF	CYTF	Alma Airport	Alma	48.508900	-71.641899
YTH	CYTH	Thompson Airport	Thompson	55.801102	-97.864197
YTL	CYTL	Big Trout Lake Airport	Big Trout Lake	53.817799	-89.896896
YTM	CYFJ	Mont-Tremblant International Airport	La Macaza	46.409401	-74.779999
YTQ	CYTQ	Tasiujaq Airport	Tasiujaq	58.667801	-69.955803
YTR	CYTR	CFB Trenton	Trenton	44.118900	-77.528099
YTS	CYTS	Timmins/Victor M. Power	Timmins	48.569698	-81.376701
YTT	CJY3	Tisdale Airport	Tisdale	52.836700	-104.067001
YTW	ZWYT	Yutian Wanfang Airport	Hotan (Yutian)	36.808500	81.782700
YTY	ZSYA	Yangzhou Taizhou Airport	Yangzhou	32.563400	119.719800
YTZ	CYTZ	Billy Bishop Toronto City Airport	Toronto	43.627852	-79.395530
YUA	ZPYM	Yuanmou Air Base	Chuxiong (Yuanmou)	25.737499	101.882004
YUB	CYUB	Tuktoyaktuk / James Gruben Airport	Tuktoyaktuk	69.433296	-133.026001
YUD	CYMU	Umiujaq Airport	Umiujaq	56.536098	-76.518303
YUE	YYND	Yuendumu Airport		-22.254200	131.781998
YUK	UDCK	Syunik Airport	Kapan	39.202272	46.455204
YUL	CYUL	Montreal / Pierre Elliott Trudeau International Airport	Montréal	45.467837	-73.742294
YUM	KNYL	Yuma International Airport / Marine Corps Air Station Yuma	Yuma	32.650938	-114.609375
YUS	ZLYS	Yushu Batang Airport	Yushu (Batang)	32.836389	97.036389
YUT	CYUT	Naujaat Airport	Repulse Bay	66.521024	-86.225166
YUX	CYUX	Hall Beach Airport	Sanirajak	68.776100	-81.242500
YUY	CYUY	Rouyn Noranda Airport	Rouyn-Noranda	48.206100	-78.835602
YVB	CYVB	Bonaventure Airport	Bonaventure	48.071098	-65.460297
YVC	CYVC	La Ronge Airport	La Ronge	55.151402	-105.262001
YVD	AYXE	Yeva Airport	Yeva	-7.548000	146.188000
YVE	CYVK	Vernon Regional Airport	Vernon	50.246163	-119.330963
YVG	CYVG	Vermilion Airport	Vermilion	53.357714	-110.827388
YVM	CYVM	Qikiqtarjuaq Airport	Qikiqtarjuaq	67.546560	-64.031410
YVO	CYVO	Val-d'Or Airport	Val-d'Or	48.053299	-77.782799
YVP	CYVP	Kuujjuaq Airport	Kuujjuaq	58.096100	-68.426903
YVQ	CYVQ	Norman Wells Airport	Norman Wells	65.281601	-126.797997
YVR	CYVR	Vancouver International Airport	Vancouver	49.193901	-123.183998
YVT	CYVT	Buffalo Narrows Airport	Buffalo Narrows	55.841900	-108.417999
YVV	CYVV	Wiarton Airport	Wiarton	44.745800	-81.107201
YVZ	CYVZ	Deer Lake Airport	Deer Lake	52.655613	-94.061208
YWB	CYKG	Kangiqsujuaq (Wakeham Bay) Airport	Kangiqsujuaq	61.588600	-71.929398
YWG	CYWG	Winnipeg / James Armstrong Richardson International Airport	Winnipeg	49.910000	-97.239899
YWJ	CYWJ	Déline Airport	Déline	65.211098	-123.435997
YWK	CYWK	Wabush Airport	Wabush	52.921902	-66.864403
YWL	CYWL	Williams Lake Airport	Williams Lake	52.183102	-122.054001
YWM	CCA6	Williams Harbour Airport	Williams Harbour	52.567377	-55.784883
YWP	CYWP	Webequie Airport	Webequie	52.959393	-87.374868
YWY	CYWY	Wrigley Airport	Wrigley	63.209400	-123.436996
YXC	CYXC	Cranbrook/Canadian Rockies International Airport	Cranbrook	49.610802	-115.781998
YXE	CYXE	Saskatoon John G. Diefenbaker International Airport	Saskatoon	52.170723	-106.700793
YXH	CYXH	Medicine Hat Regional Airport	Medicine Hat	50.018902	-110.721001
YXJ	CYXJ	Fort St John / North Peace Regional Airport	Fort Saint John	56.238098	-120.739998
YXK	CYXK	Rimouski Airport	Rimouski	48.477644	-68.496323
YXL	CYXL	Sioux Lookout Airport	Sioux Lookout	50.113899	-91.905296
YXN	CYXN	Whale Cove Airport	Whale Cove	62.240002	-92.598099
YXP	CYXP	Pangnirtung Airport	Pangnirtung	66.144878	-65.713606
YXQ	CYXQ	Beaver Creek Airport	Beaver Creek	62.410301	-140.867004
YXR	CYXR	Earlton (Timiskaming Regional) Airport	Earlton	47.697401	-79.847345
YXS	CYXS	Prince George (International) Airport	Prince George	53.884311	-122.666554
YXT	CYXT	Northwest Regional Airport Terrace-Kitimat	Terrace	54.468498	-128.576009
YXU	CYXU	London International Airport	London	43.032845	-81.149003
YXX	CYXX	Abbotsford International Airport	Abbotsford	49.025299	-122.361000
YXY	CYXY	Whitehorse / Erik Nielsen International Airport	Whitehorse	60.708533	-135.065705
YXZ	CYXZ	Wawa Airport	Wawa	47.966702	-84.786697
YYA	ZGYY	Yueyang Sanhe Airport	Yueyang (Yueyanglou)	29.311699	113.281574
YYB	CYYB	North Bay Jack Garland Airport	North Bay	46.363602	-79.422798
YYC	CYYC	Calgary International Airport	Calgary	51.118822	-114.009933
YYD	CYYD	Smithers Airport	Smithers	54.824699	-127.182999
YYE	CYYE	Fort Nelson Airport	Fort Nelson	58.836399	-122.597000
YYF	CYYF	Penticton Airport	Penticton	49.463100	-119.601997
YYG	CYYG	Charlottetown Airport	Charlottetown	46.288911	-63.125174
YYH	CYYH	Taloyoak Airport	Taloyoak	69.546700	-93.576698
YYJ	CYYJ	Victoria International Airport	Victoria	48.647201	-123.427792
YYL	CYYL	Lynn Lake Airport	Lynn Lake	56.863899	-101.075996
YYM	CYYM	Cowley Airport	Cowley	49.636398	-114.094002
YYN	CYYN	Swift Current Airport	Swift Current	50.291901	-107.691002
YYQ	CYYQ	Churchill Airport	Churchill	58.739201	-94.065002
YYR	CYYR	Goose Bay Airport	Goose Bay	53.319199	-60.425800
YYT	CYYT	St. John's International Airport	St. John's	47.618599	-52.751900
YYU	CYYU	Kapuskasing Airport	Kapuskasing	49.411587	-82.469645
YYW	CYYW	Armstrong Airport	Armstrong	50.290298	-88.909698
YYY	CYYY	Mont Joli Airport	Mont-Joli	48.608601	-68.208099
YYZ	CYYZ	Toronto Pearson International Airport	Toronto	43.675935	-79.629421
YZA	CAZ5	Cache Creek-Ashcroft Regional Airport	Cache Creek	50.775258	-121.321314
YZE	CYZE	Gore Bay Manitoulin Airport	Gore Bay	45.885300	-82.567802
YZF	CYZF	Yellowknife International Airport	Yellowknife	62.462799	-114.440002
YZG	CYZG	Salluit Airport	Salluit	62.179401	-75.667198
YZH	CYZH	Slave Lake Airport	Slave Lake	55.292945	-114.777276
YZP	CYZP	Sandspit Airport	Sandspit	53.254299	-131.813995
YZR	CYZR	Chris Hadfield Airport	Sarnia	42.999401	-82.308899
YZS	CYZS	Coral Harbour Airport	Coral Harbour	64.193298	-83.359398
YZT	CYZT	Port Hardy Airport	Port Hardy	50.680599	-127.366997
YZU	CYZU	Whitecourt Airport	Whitecourt	54.143902	-115.787003
YZV	CYZV	Sept-Îles Airport	Sept-Îles	50.223301	-66.265602
YZW	CYZW	Teslin Airport	Teslin	60.172798	-132.742996
YZX	CYZX	CFB Greenwood	Greenwood	44.984402	-64.916901
YZY	ZLZY	Zhangye Ganzhou Airport	Zhangye (Ganzhou)	38.801899	100.675003
YZZ	CAD4	Trail Regional Airport	Trail	49.055599	-117.609001
ZAC	CZAC	York Landing Airport	York Landing	56.089401	-96.089203
ZAD	LDZD	Zadar Airport	Zadar	44.096986	15.353565
ZAG	LDZA	Zagreb Franjo Tuđman International Airport	Velika Gorica	45.742901	16.068800
ZAH	OIZH	Zahedan International Airport	Zahedan	29.475700	60.906200
ZAL	SCVD	Pichoy Airport	Valdivia	-39.650002	-73.086098
ZAM	RPMZ	Zamboanga International Airport	Zamboanga	6.922420	122.059998
ZAO	LFCC	Cahors Lalbenque airport	Cahors	44.351398	1.475280
ZAR	DNZA	Zaria Airport	Zaria	11.130200	7.685810
ZAT	ZPZT	Zhaotong Zhaoyang Airport （Not fully opened)	Zhaotong	27.205843	103.691511
ZAZ	LEZG	Zaragoza Airport	Zaragoza	41.666199	-1.041550
ZBE	LKZA	Zábřeh Dolní Benešov Airfield	Dolní Benešov	49.928258	18.075557
ZBF	CZBF	Bathurst Airport	South Tetagouche	47.629700	-65.738899
ZBL	YBLE	Biloela Airport	Biloela	-24.320816	150.509627
ZBM	CZBM	Bromont (Roland Désourdy) Airport	Bromont	45.290798	-72.741402
ZBO	YBWN	Bowen Airport	Bowen	-20.017999	148.215245
ZBR	OIZC	Chabahar Konarak International Airport	Konarak	25.443190	60.382167
ZBY	VLSB	Sayaboury Airport	Sainyabuli	19.243600	101.709300
ZCL	MMZC	General Leobardo C. Ruiz International Airport	Zacatecas	22.894942	-102.687154
ZCO	SCQP	La Araucanía International Airport	Temuco	-38.925900	-72.651500
ZDY	OMDL	Delma Airport	Delma Island	24.510000	52.335200
ZEC	FASC	Secunda Airport	Secunda	-26.524099	29.170099
ZEG	WAKQ	Senggo Airport	Senggo-Papua Island	-5.690668	139.350414
ZEL	CBBC	Bella Bella (Campbell Island) Airport	Bella Bella	52.185001	-128.156994
ZEM	CZEM	Eastmain River Airport	Eastmain River	52.226398	-78.522499
ZEN	AYZA	Zenag Airport	Zenag	-6.952222	146.616250
ZER	VEZO	Ziro Airport	Ziro	27.588301	93.828102
ZFA	CZFA	Faro Airport	Faro	62.207500	-133.376007
ZFD	CZFD	Fond-du-Lac Airport	Fond-du-Lac	59.334400	-107.181999
ZFL	ZWZS	Zhaosu Tianma Airport	Zhaosu	43.088477	81.223013
ZFM	CZFM	Fort Mcpherson Airport	Fort Mcpherson	67.406993	-134.860182
ZFN	CZFN	Tulita Airport	Tulita	64.909496	-125.570297
ZFW	CEB5	Fairview Airport	Fairview	56.081402	-118.434998
ZGF	CZGF	Grand Forks Airport	Grand Forks	49.015598	-118.431000
ZGI	CZGI	Gods River Airport	Gods River	54.839699	-94.078598
ZGL	YSGW	South Galway Airport		-25.674640	142.089171
ZGM	FLNA	Ngoma Airport	Ngoma	-15.965800	25.933300
ZGR	CZGR	Little Grand Rapids Airport	Little Grand Rapids	52.045417	-95.466170
ZGS	CTT5	La Romaine Airport	Le Golfe-du-Saint-Laurent	50.259553	-60.674357
ZGU	NVSQ	Gaua Island Airport	Gaua Island	-14.218100	167.587006
ZHA	ZGZJ	Zhanjiang Wuchuan International Airport	Zhanjiang	21.481667	110.590278
ZHM	VGSH	Shamshernagar Airport	Shamshernagar	24.398333	91.916944
ZHP	CZHP	High Prairie Airport	High Prairie	55.393600	-116.474998
ZHY	ZLZW	Zhongwei Shapotou Airport	Zhongwei (Shapotou)	37.573125	105.154454
ZIA	UUBW	Zhukovsky International Airport	Moscow	55.553299	38.150002
ZIC	SCTO	Victoria Airport	Victoria	-38.245602	-72.348602
ZIG	GOGG	Ziguinchor Airport	Ziguinchor	12.555590	-16.283298
ZIH	MMZH	Ixtapa-Zihuatanejo International Airport	Ixtapa	17.601771	-101.460629
ZIS	HLZN	Alzintan Airport	Zintan	31.774878	12.250060
ZIX	UEVV	Zhigansk Airport	Zhigansk	66.796501	123.361000
ZJG	CZJG	Jenpeg Airport	Jenpeg	54.518902	-98.046097
ZJN	CZJN	Swan River Airport	Swan River	52.120602	-101.236000
ZKB	FLKY	Kasaba Bay Airport	Kasaba Bay	-8.525000	30.663000
ZKE	CZKE	Kashechewan Airport	Kashechewan	52.282501	-81.677803
ZKG	CTK6	Kégashka Airport	Côte-Nord-du-Golfe-du-Saint-Laurent	50.195801	-61.265800
ZKL	CN-0051	Zigong Fengming Airport	Zigong (Gongjing)	29.376484	104.625789
ZKP	UESU	Zyryanka Airport	Zyryanka	65.748500	150.888900
ZLO	MMZO	Playa de Oro International Airport	Manzanillo	19.144800	-104.558998
ZLR	SCLN	Municipal de Linares Airport	Linares	-35.861698	-71.548599
ZLT	CTU5	La Tabatière Airport	La Tabatière	50.830799	-58.975601
ZLX	HSZA	Zalingei Airport	Zalingei	12.943700	23.563100
ZMD	ZMD	Sena Madureira Airport	Sena Madureira	-9.116000	-68.610800
ZMH	CZML	South Cariboo Region / 108 Mile Airport	108 Mile	51.736099	-121.333000
ZMM	MMZM	Zamora Airport	Zamora	20.045000	-102.276001
ZMT	CZMT	Masset Airport	Masset	54.027500	-132.125000
ZNC	ZNC	Nyac Airport	Nyac	60.980701	-159.994003
ZND	DRZR	Zinder Airport	Zinder	13.779000	8.983760
ZNE	YNWN	Newman Airport	Newman	-23.417801	119.803001
ZNZ	HTZA	Abeid Amani Karume International Airport	Zanzibar	-6.222020	39.224899
ZOS	SCJO	Cañal Bajo Carlos Hott Siebert Airport	Osorno	-40.611198	-73.060997
ZPB	CZPB	Sachigo Lake Airport	Sachigo Lake	53.890885	-92.195935
ZPC	SCPC	Pucón Airport	Pucon	-39.292801	-71.915901
ZPH	KZPH	Zephyrhills Municipal Airport	Zephyrhills	28.228201	-82.155899
ZPO	CZPO	Pinehouse Lake Airport	Pinehouse Lake	55.528099	-106.582001
ZQN	NZQN	Queenstown Airport	Queenstown	-45.019205	168.746379
ZQW	EDRZ	Zweibrücken Airport	Zweibrücken	49.209400	7.400560
ZQZ	ZBZJ	Zhangjiakou Ningyuan Airport	Zhangjiakou	40.738664	114.933395
ZRH	LSZH	Zürich Airport	Zurich	47.458056	8.548056
ZRI	WABO	Stevanus Rumbewas Airport	Serui	-1.828420	136.062402
ZRJ	CZRJ	Round Lake (Weagamow Lake) Airport	Round Lake	52.943600	-91.312798
ZRM	WAJI	Mararena Sarmi Airport	Sarmi	-1.873077	138.753275
ZSA	MYSM	San Salvador International Airport	San Salvador	24.063041	-74.523233
ZSE	FMEP	Saint-Pierre Pierrefonds Airport	Saint-Pierre	-21.319362	55.422506
ZSJ	CZSJ	Sandy Lake Airport	Sandy Lake	53.064201	-93.344398
ZSS	DISS	Sassandra Airport	Sassandra	4.928888	-6.133156
ZST	CZST	Stewart Airport	Stewart	55.935410	-129.982435
ZTA	NTGY	Tureia Airport	Tureia	-20.784262	-138.567960
ZTB	CTB6	Tête-à-la-Baleine Airport	Tête-à-la-Baleine	50.674400	-59.383598
ZTH	LGZA	Zakynthos International Airport Dionysios Solomos	Zakynthos	37.750900	20.884300
ZTM	CZTM	Shamattawa Airport	Shamattawa	55.863560	-92.081137
ZTR	UKKV	Zhytomyr Airport	Zhytomyr	50.270556	28.738611
ZTU	UBBY	Zaqatala International Airport	Zaqatala	41.557823	46.669464
ZUC	CZUC	Ignace Municipal Airport	Ignace	49.428204	-91.720418
ZUD	SCAC	Pupelde Airport	Ancud	-41.904251	-73.796571
ZUH	ZGSD	Zhuhai Jinwan Airport	Zhuhai (Jinwan)	22.006399	113.375999
ZUL	OEZL	Zilfi Airport	Zilfi	26.350000	44.833000
ZUM	CZUM	Churchill Falls Airport	Churchill Falls	53.561901	-64.106400
ZVA	FMMN	Miandrivazo Airport	Miandrivazo	-19.562799	45.450802
ZVG	AU-ZVG	Springvale Airport	Springvale	-17.786900	127.669998
ZVK	VLSK	Savannakhet Airport		16.556601	104.760002
ZWA	FMND	Andapa Airport		-14.651700	49.620602
ZWL	CZWL	Wollaston Lake Airport	Wollaston Lake	58.106899	-103.171997
ZXT	UBTT	Zabrat Airport	Zabrat	40.494884	49.977065
ZYI	ZUZY	Zunyi Xinzhou Airport	Zunyi	27.810723	107.247189
ZYL	VGSY	Osmany International Airport	Sylhet	24.963993	91.864749
ZZE	UBBZ	Zangilan International Airport	Zangilan	39.114430	46.743920
ZZO	UHSO	Zonalnoye Airport	Tymovskoye	50.669929	142.760082
ZZU	FWUU	Mzuzu Airport	Mzuzu	-11.444700	34.011799
ZZV	KZZV	Zanesville Municipal Airport	Zanesville	39.944401	-81.892097
